id,date,territoire,groupement,village,sexe,age,statut,duree_retour,nb_menages_accueillis,membre_op,type_structure,taille_menage,hommes,femmes,garcons,filles,handicapes,possede_terre,loue_terre,superficie_ha,superficie_louee_ha,superficie_totale_ha,eleve,score_vuln,niveau_vuln,profil,enqueteur,duree_min,gps_precis,alerte_duree_suspecte,alerte_gps_imprecis,alerte_taille_incoherente,alerte_sup_aberrante,alerte_dup_nom_village,alerte_tel_partage,nb_alertes,culture_haricot,culture_mais,culture_riz,culture_manioc,culture_arachide,culture_pomme_de_terre,culture_soja,culture_maraichage,culture_autres_cultures,maraich_oignon_blanc,maraich_oignon_rouge,maraich_aubergine_violette,maraich_aubergine_verte,maraich_poireau,maraich_amarante,maraich_epinard,maraich_tomate,maraich_chou,maraich_poivron,maraich_morelle,elevage_cobaye,elevage_lapin,elevage_poule,elevage_autres,elevage_chevre,elevage_porc,elevage_canard,elevage_mouton,activite_agriculture,activite_elevage,activite_transformation,activite_commerce,rentable_agriculture,rentable_elevage,rentable_transformation,rentable_commerce,frein_manque_de_moyens,frein_manque_de_formation,frein_acces_au_marche,frein_autres,souhait_maraichage,souhait_haricot,souhait_soja,souhait_mais,souhait_riz,souhait_manioc,souhait_arachide,souhait_pomme_de_terre,souhait_elevage_chevre,souhait_elevage_porc,souhait_elevage_volaille,souhait_elevage_cobaye_lapin,souhait_elevage_general,souhait_commerce_transformation,motif_generer_des_revenus,motif_nourrir_le_menage,motif_ameliorer_les_conditions_de_vie,motif_sortir_de_la_pauvrete,motif_scolarite_des_enfants,motif_sante_soins,motif_rapidite_du_cycle,motif_accroitre_la_production,critere_femme,critere_handicap,critere_sans_terre,critere_retour_recent,critere_grande_taille,critere_non_membre_op,critere_petite_surface,critere_accueil_lourd
1,2026-06-15,Beni,Malambo,Hurara,Homme,18 à 25 ans,Ménage retourné,6 à 12 mois,,Non,,4,1,1,0,2,0,Oui,,0.5,,0.5,Oui,2,Faible,Petits producteurs peu diversifiés,E15,83.7,True,0,0,0,0,0,0,0,1,0,0,1,0,0,0,0,0,0,0,0,0,0,0,0,0,0,0,0,0,0,1,0,0,0,0,0,0,0,0,0,0,0,0,0,0,0,0,0,0,0,0,0,0,0,0,0,0,0,0,0,0,0,0,0,0,0,0,0,0,0,0,0,0,1,0,1,0,0
2,2026-06-15,Beni,Malambo,Rughetsi,Homme,18 à 25 ans,Ménage retourné,plus de 2 ans,,Oui,Association,4,1,1,1,1,0,Non,Oui,0.5,0.5,1.0,Oui,1,Faible,Vivriers diversifiés + élevage,E03,2882.2,True,0,0,0,0,0,1,0,1,1,0,1,0,0,0,0,0,0,0,0,0,0,0,0,0,0,0,0,1,1,1,0,0,0,0,0,0,0,0,0,0,0,0,0,0,0,0,0,0,0,0,0,0,0,0,0,0,0,0,0,0,0,0,0,0,0,0,0,0,0,0,0,1,0,0,0,0,0
3,2026-06-16,Beni,Lume,Q. Ruwenzori,Homme,Plus de 41 ans,Ménage retourné,1 à 2 ans,,Oui,Coopérative,10,2,3,2,3,0,Oui,,0.25,,0.25,Oui,1,Faible,Vivriers diversifiés + élevage,E07,791.1,True,0,0,0,0,0,0,0,1,0,0,1,0,0,1,0,0,0,0,0,0,0,0,0,0,0,0,0,1,0,1,1,1,0,0,0,1,1,0,0,1,0,0,0,1,1,0,0,0,0,0,0,0,0,0,0,0,0,0,0,0,1,0,0,0,0,0,0,0,0,0,0,0,0,1,0,0,0
4,2026-06-16,Beni,Lume,Lume,Homme,26 à 35 ans,Ménage retourné,6 à 12 mois,,Oui,Association,8,2,2,1,3,0,Non,Oui,,0.2,0.2,Oui,3,Modérée,Vivriers diversifiés + élevage,E07,779.1,True,0,0,0,0,0,0,0,1,0,0,1,0,0,1,0,0,0,0,0,0,0,0,0,0,0,0,0,1,0,1,1,1,0,0,0,1,1,0,0,1,1,0,0,1,1,0,0,0,0,0,0,0,0,0,0,0,0,0,0,0,1,0,0,0,1,0,0,0,0,0,0,1,1,0,0,1,0
5,2026-06-16,Beni,Malambo,Kibanda,Homme,18 à 25 ans,Ménage retourné,6 à 12 mois,,Oui,Association,3,1,1,1,0,1,Oui,,2.0,,2.0,Oui,2,Faible,Petits producteurs peu diversifiés,E12,921.5,False,0,1,0,0,0,1,1,0,0,0,0,0,0,0,1,0,0,0,0,0,1,1,0,0,0,1,0,0,0,1,0,0,0,0,0,0,0,0,0,0,0,0,0,0,0,0,0,0,0,0,0,0,0,0,0,0,0,0,0,0,0,0,0,0,0,0,0,0,0,0,1,0,1,0,0,0,0
6,2026-06-16,Beni,Lume,Q. Ruwenzori,Homme,26 à 35 ans,Ménage retourné,6 à 12 mois,,Oui,Association,6,1,2,2,1,0,Non,Non,,,,Oui,3,Modérée,Petits producteurs peu diversifiés,E07,752.0,True,0,0,0,0,0,0,0,0,0,0,0,0,0,0,0,0,0,0,0,0,0,0,0,0,0,0,0,1,0,1,0,0,0,0,0,1,1,0,0,1,1,0,0,1,0,0,0,0,0,0,0,0,0,0,0,0,0,0,0,0,1,1,0,0,0,0,0,0,0,0,0,1,1,0,0,1,0
7,2026-06-16,Beni,Malambo,Kibanda,Homme,Plus de 41 ans,Ménage retourné,1 à 2 ans,,Oui,Organisation Paysanne,6,1,1,2,2,0,Oui,,5.0,,5.0,Oui,0,Faible,Vivriers diversifiés + élevage,E12,880.0,False,0,1,0,0,0,0,1,1,1,0,1,1,0,1,1,1,0,0,1,0,1,0,1,1,0,0,0,0,0,1,1,1,0,0,0,1,1,0,1,1,1,0,0,1,1,0,0,0,0,0,0,0,0,1,0,0,0,0,0,0,0,1,0,0,0,0,0,0,0,0,0,0,0,0,0,0,0
8,2026-06-16,Beni,Lume,Q. Ruwenzori,Homme,Plus de 41 ans,Ménage retourné,1 à 2 ans,,Oui,Association,8,3,3,0,2,0,Oui,,0.25,,0.25,Oui,0,Faible,Petits producteurs peu diversifiés,E07,709.5,True,0,0,0,0,0,1,0,1,0,0,1,0,0,1,1,0,0,0,0,0,0,0,0,0,1,0,0,1,0,0,0,0,0,0,0,1,0,0,0,1,1,0,0,1,0,0,0,0,0,0,0,0,0,0,0,0,0,0,0,0,1,0,0,1,0,0,0,1,0,0,0,0,0,0,0,0,0
9,2026-06-16,Beni,Lume,Q. Ruwenzori,Homme,26 à 35 ans,Ménage retourné,6 à 12 mois,,Non,,6,2,2,2,0,0,Oui,,1.0,,1.0,Oui,2,Faible,Riziculteurs diversifiés,E14,9.1,False,0,1,1,0,0,0,2,0,0,1,0,0,0,0,0,0,0,0,0,0,0,0,0,0,0,0,0,1,0,1,0,0,0,0,0,1,1,0,0,1,1,0,1,1,0,1,0,0,0,0,0,1,0,0,0,0,0,0,0,0,0,1,0,0,0,0,0,0,0,0,0,0,1,0,1,0,0
10,2026-06-16,Beni,Lume,Q. Ruwenzori,Femme,36 à 40 ans,Ménage retourné,1 à 2 ans,,Oui,Association,8,1,1,3,3,0,Oui,,0.3,,0.3,Oui,1,Faible,Petits producteurs peu diversifiés,E07,8.1,True,0,0,0,0,0,1,0,1,0,0,1,0,0,0,0,0,0,0,0,0,0,0,0,0,0,0,0,1,0,1,0,0,0,0,0,1,0,0,0,1,1,0,0,1,0,0,0,0,0,0,0,0,0,0,0,0,0,0,0,0,1,0,1,0,0,0,0,0,0,1,0,0,0,0,0,0,0
11,2026-06-16,Beni,Lume,Q. Ruwenzori,Femme,26 à 35 ans,Ménage retourné,1 à 2 ans,,Non,,7,1,3,3,0,1,Non,Oui,,0.15,0.15,Non,5,Élevée,Petits producteurs peu diversifiés,,15.8,True,0,0,0,0,0,0,1,1,1,0,0,0,0,0,0,0,0,0,0,0,0,0,0,0,0,0,0,0,0,0,0,0,0,0,0,1,0,0,0,1,0,0,1,1,0,0,0,0,0,0,0,0,0,0,0,0,0,0,0,0,1,0,0,0,0,0,0,0,0,1,1,1,0,0,1,1,0
12,2026-06-16,Beni,Lume,Wiremba,Femme,26 à 35 ans,Ménage retourné,1 à 2 ans,,Oui,Association,8,1,3,2,2,0,Non,Oui,,0.1,0.1,Non,3,Modérée,Petits producteurs peu diversifiés,E07,659.0,True,0,0,0,0,0,0,0,1,0,0,1,0,0,0,0,0,0,0,0,0,0,0,0,0,0,0,0,0,0,0,0,0,0,0,0,1,0,0,0,1,0,0,0,1,0,0,0,0,0,0,0,0,0,0,0,0,0,0,0,1,0,1,0,0,0,0,0,0,0,1,0,1,0,0,0,1,0
13,2026-06-16,Beni,Malambo,Ibatama,Femme,26 à 35 ans,Ménage retourné,6 à 12 mois,,Oui,Association,10,3,2,3,2,0,Oui,,0.5,,0.5,Oui,3,Modérée,Petits producteurs peu diversifiés,E04,121.3,True,0,0,1,0,0,0,1,1,0,0,0,0,0,0,0,0,0,0,0,0,0,0,0,0,0,0,0,0,0,1,0,0,0,0,0,1,0,0,0,1,0,0,0,1,0,0,0,0,1,0,0,0,0,0,0,0,0,0,0,0,0,1,0,0,0,0,0,0,0,1,0,0,1,1,0,0,0
14,2026-06-16,Beni,Malambo,Kibanda,Homme,Plus de 41 ans,Ménage retourné,1 à 2 ans,,Oui,Organisation Paysanne,4,1,2,1,0,0,Oui,,,,,Non,1,Faible,Petits producteurs peu diversifiés,E12,812.4,False,0,1,0,1,0,0,2,1,1,0,1,1,0,1,0,1,0,0,0,0,0,0,0,0,0,0,0,0,0,0,0,0,0,0,0,1,0,0,0,1,1,0,1,1,1,0,0,0,1,0,0,0,0,0,0,0,0,0,0,1,0,1,0,0,0,0,0,1,0,0,0,0,0,0,0,1,0
15,2026-06-16,Beni,Lume,Wiremba,Femme,Plus de 41 ans,Ménage retourné,1 à 2 ans,,Oui,Association,13,3,3,3,4,0,Oui,,0.15,,0.15,Oui,3,Modérée,Petits producteurs peu diversifiés,E07,649.2,True,0,0,0,0,0,0,0,1,0,0,1,0,0,0,0,0,0,0,0,0,0,0,0,0,0,0,0,0,0,1,0,0,0,0,0,1,0,0,1,1,0,0,0,1,0,0,0,0,0,0,0,0,0,0,0,0,0,0,0,0,1,0,0,0,0,0,0,0,0,1,0,0,0,1,0,1,0
16,2026-06-16,Beni,Lume,Wiremba,Femme,Plus de 41 ans,Ménage retourné,plus de 2 ans,,Oui,Association,14,4,6,2,2,0,Non,Oui,,0.2,0.2,Non,4,Modérée,Petits producteurs peu diversifiés,E07,658.7,True,0,0,0,0,0,1,0,1,0,0,1,0,0,0,0,0,0,0,0,0,0,0,0,0,0,0,0,0,0,0,0,0,0,0,0,1,0,0,0,1,1,0,0,1,0,0,0,0,1,0,0,0,0,0,0,0,0,0,0,0,0,0,0,0,0,0,0,0,0,1,0,1,0,1,0,1,0
17,2026-06-16,Beni,Malambo,Kibanda,Femme,Plus de 41 ans,Ménage retourné,1 à 2 ans,,Oui,Organisation Paysanne,8,3,1,2,2,0,Non,Oui,,0.15,0.15,Non,3,Modérée,Petits producteurs peu diversifiés,E12,797.1,False,0,1,0,0,0,0,1,1,1,0,0,1,0,1,0,0,0,0,0,0,0,0,0,0,0,0,0,0,0,0,0,0,0,0,0,1,0,0,0,1,1,0,1,1,1,0,0,0,0,0,0,0,0,1,0,0,0,0,0,1,0,1,0,0,0,0,0,0,0,1,0,1,0,0,0,1,0
18,2026-06-16,Beni,Malambo,Kibanda,Femme,Plus de 41 ans,Ménage retourné,1 à 2 ans,,Oui,Organisation Paysanne,1,0,1,0,0,0,Non,Oui,,0.5,0.5,Non,2,Faible,Petits producteurs peu diversifiés,E12,779.2,False,0,1,0,0,0,1,1,1,1,0,1,1,0,1,0,0,0,0,0,0,0,0,0,0,0,0,0,0,0,0,0,0,0,0,0,1,0,0,0,1,1,0,1,1,1,0,0,0,1,0,0,0,0,0,0,0,0,0,0,0,0,1,0,0,0,0,0,0,0,1,0,1,0,0,0,0,0
19,2026-06-16,Beni,Malambo,Hurara,Femme,26 à 35 ans,Ménage retourné,6 à 12 mois,,Non,,7,1,2,4,0,0,Oui,,0.2,,0.2,Oui,4,Modérée,Petits producteurs peu diversifiés,E15,3537.3,True,0,0,0,0,0,0,0,1,1,0,1,0,0,0,0,0,0,0,0,0,0,0,0,0,0,0,0,1,0,1,0,0,0,0,0,1,0,0,0,1,0,0,0,1,0,0,0,0,1,0,0,0,0,0,0,0,0,0,0,0,0,1,0,0,0,0,0,0,0,1,0,0,1,0,1,1,0
20,2026-06-16,Beni,Malambo,Kibanda,Homme,18 à 25 ans,Ménage retourné,1 à 2 ans,,Oui,Organisation Paysanne,5,1,1,2,1,0,Oui,,0.2,,0.2,Oui,1,Faible,Vivriers diversifiés + élevage,E12,766.1,False,0,1,0,0,0,0,1,1,1,0,1,1,0,1,0,0,0,0,0,0,0,0,0,0,0,0,0,1,0,1,0,0,0,0,0,1,0,0,0,1,1,0,1,1,1,0,0,0,0,0,1,0,0,0,0,0,0,0,0,0,0,1,0,0,0,0,0,1,0,0,0,0,0,0,0,1,0
21,2026-06-16,Beni,Malambo,Hurara,Femme,Plus de 41 ans,Ménage retourné,plus de 2 ans,,Oui,Association,15,5,5,2,3,0,Oui,,1.0,,1.0,Oui,2,Faible,Riziculteurs diversifiés,E11,3768.4,True,0,0,0,0,0,0,0,1,1,1,1,1,0,1,1,1,1,0,1,0,0,0,1,1,1,1,1,1,1,1,1,1,0,0,0,1,1,0,0,1,1,1,0,1,1,1,0,1,1,0,0,1,0,0,0,0,0,0,0,0,0,1,1,0,0,0,0,0,0,1,0,0,0,1,0,0,0
22,2026-06-16,Beni,Malambo,Hurara,Femme,Plus de 41 ans,Ménage retourné,plus de 2 ans,,Oui,Organisation Paysanne,15,5,5,2,3,0,Oui,,0.25,,0.25,Oui,2,Faible,Riziculteurs diversifiés,E08,83.2,True,0,0,0,0,0,0,0,1,1,1,1,1,0,1,1,0,1,0,0,1,0,0,1,1,1,1,1,1,1,1,1,1,0,0,0,1,1,0,0,1,1,1,0,1,1,0,0,1,1,0,0,1,0,0,0,0,0,0,0,0,0,1,1,0,0,0,0,0,0,1,0,0,0,1,0,0,0
23,2026-06-16,Beni,Malambo,Rughetsi,Homme,Plus de 41 ans,Ménage retourné,plus de 2 ans,,Non,,8,1,1,1,5,0,Oui,,0.01,,0.01,Oui,2,Faible,Petits producteurs peu diversifiés,E03,11.2,True,0,0,0,0,0,1,0,1,0,0,1,0,0,1,0,0,0,0,0,0,0,0,0,0,0,0,0,0,1,1,0,0,0,0,0,1,1,0,0,1,1,0,0,1,0,0,0,0,0,0,0,0,0,0,0,0,0,0,0,1,0,0,0,0,0,0,0,0,0,0,0,0,0,0,1,1,0
24,2026-06-16,Beni,Malambo,Kibanda,Homme,Plus de 41 ans,Ménage retourné,1 à 2 ans,,Oui,Organisation Paysanne,5,1,1,2,1,0,Oui,,0.6,,0.6,Oui,0,Faible,Vivriers diversifiés + élevage,E12,744.0,False,0,1,0,0,0,0,1,1,1,0,1,1,0,1,1,1,0,0,1,0,0,1,0,1,1,0,0,0,0,1,1,1,0,0,0,1,1,0,0,1,1,0,1,1,1,0,0,0,1,0,0,0,0,0,0,1,0,0,0,0,0,1,0,0,0,0,0,1,0,0,0,0,0,0,0,0,0
25,2026-06-16,Beni,Malambo,Rughetsi,Femme,36 à 40 ans,Ménage retourné,1 à 2 ans,,Oui,Association,7,0,1,1,5,0,Oui,,0.02,,0.02,Oui,2,Faible,Petits producteurs peu diversifiés,E03,13.5,True,0,0,0,0,0,0,0,1,1,0,1,0,0,1,1,0,1,0,1,0,1,0,0,1,1,0,0,0,0,1,1,0,0,1,0,1,0,0,0,1,0,0,0,1,0,0,1,0,0,0,0,0,0,0,0,0,0,0,0,0,0,0,0,1,0,0,0,0,0,1,0,0,0,0,0,1,0
26,2026-06-16,Beni,Malambo,Kibanda,Homme,Plus de 41 ans,Ménage retourné,1 à 2 ans,,Oui,Organisation Paysanne,7,1,2,2,2,0,Oui,,0.2,,0.2,Oui,1,Faible,Vivriers diversifiés + élevage,E12,733.4,False,0,1,0,0,0,1,1,1,1,0,1,0,0,0,1,0,0,0,1,0,0,1,0,0,1,0,0,0,1,1,1,1,0,0,0,1,1,0,0,1,1,0,0,1,1,0,0,0,0,0,0,0,0,0,0,0,0,0,0,0,0,1,0,0,0,0,0,0,0,0,0,0,0,0,0,1,0
27,2026-06-16,Beni,Bolema,Lume,Homme,Plus de 41 ans,Ménage retourné,6 à 12 mois,,Non,,7,4,2,0,1,0,Non,Oui,,0.04,0.04,Oui,4,Modérée,Petits producteurs peu diversifiés,E01,16.9,True,0,0,1,0,0,0,1,1,1,0,1,0,0,0,0,1,0,0,0,0,0,0,0,0,0,0,0,1,0,0,1,1,0,0,0,1,0,0,0,1,1,0,0,1,0,0,0,0,0,0,0,0,0,1,0,0,0,0,0,0,0,1,0,0,0,0,0,0,0,0,0,1,1,0,1,1,0
28,2026-06-16,Beni,Malambo,Rughetsi,Femme,36 à 40 ans,Ménage retourné,1 à 2 ans,,Non,,4,0,1,0,3,0,Oui,,0.01,,0.01,Oui,3,Modérée,Petits producteurs peu diversifiés,E03,8.3,True,0,0,0,0,0,0,0,1,0,0,1,0,0,0,0,1,0,0,0,0,0,0,0,0,0,0,0,1,0,1,0,0,0,0,0,1,0,0,0,1,0,0,0,1,1,0,0,0,0,0,0,0,0,0,0,0,0,0,0,1,0,0,0,0,0,0,0,0,0,1,0,0,0,0,1,1,0
29,2026-06-16,Beni,Malambo,Kibanda,Homme,Plus de 41 ans,Ménage retourné,1 à 2 ans,,Oui,Organisation Paysanne,15,3,4,3,5,0,Oui,,2.0,,2.0,Oui,1,Faible,Vivriers diversifiés + élevage,E12,721.5,False,0,1,0,0,0,1,1,1,1,0,1,1,0,1,0,0,0,0,0,0,0,0,0,0,0,0,0,1,0,1,0,0,0,0,0,1,1,0,0,1,1,0,1,1,1,0,0,0,1,0,0,0,0,0,0,0,0,0,0,0,0,1,0,0,0,0,0,1,0,0,0,0,0,1,0,0,0
30,2026-06-16,Beni,Lume,Mwangaza,Femme,Plus de 41 ans,Ménage retourné,1 à 2 ans,,Non,,8,3,2,2,1,0,Non,Oui,,0.25,0.25,Non,3,Modérée,Petits producteurs peu diversifiés,E14,1386.3,True,0,0,0,0,0,1,0,0,1,1,0,0,0,0,0,0,0,0,0,0,0,0,0,0,0,0,0,0,0,0,0,0,0,0,0,1,0,0,0,1,0,0,0,1,1,0,0,0,0,0,0,1,0,0,0,0,0,0,0,0,0,1,0,0,0,0,0,0,0,1,0,1,0,0,1,0,0
31,2026-06-16,Beni,Malambo,Kibanda,Homme,Plus de 41 ans,Ménage retourné,plus de 2 ans,,Oui,Organisation Paysanne,5,1,1,1,2,0,Oui,,0.5,,0.5,Oui,0,Faible,Vivriers diversifiés + élevage,E12,711.1,False,0,1,0,0,0,0,1,1,1,0,1,1,0,1,1,1,0,0,1,0,0,1,0,0,1,0,0,1,0,1,1,1,0,0,0,1,1,0,0,1,1,0,0,1,1,0,0,0,0,0,0,0,0,0,0,1,0,1,0,1,0,1,0,0,0,0,0,0,0,0,0,0,0,0,0,0,0
32,2026-06-16,Beni,Malambo,Rughetsi,Homme,Plus de 41 ans,Ménage retourné,Moins de 6 mois,,Oui,Association,12,2,2,4,4,0,Oui,,0.02,,0.02,Oui,3,Modérée,Vivriers diversifiés + élevage,E03,16.9,True,0,0,0,0,0,0,0,1,1,0,1,1,0,0,0,1,0,0,0,0,0,0,0,0,0,0,0,1,1,0,1,1,1,0,0,1,0,0,0,1,1,0,1,1,0,0,1,0,0,0,0,0,0,0,0,0,0,0,0,1,0,1,0,1,0,0,0,0,0,0,0,0,1,1,0,1,0
33,2026-06-16,Beni,Bolema,Bahambo,Femme,Plus de 41 ans,Ménage retourné,1 à 2 ans,,Oui,Association,10,2,4,2,2,0,Non,Oui,,0.15,0.15,Oui,4,Modérée,Petits producteurs peu diversifiés,E14,25.4,True,0,0,0,0,0,0,0,1,1,0,1,0,0,0,0,0,0,0,0,0,0,0,0,0,0,0,0,0,0,0,1,1,0,0,0,1,1,0,1,1,1,0,0,1,1,0,0,1,0,0,0,0,0,0,0,0,0,0,0,0,0,1,0,0,0,0,0,1,0,1,0,1,0,1,0,1,0
34,2026-06-16,Beni,Bolema,Lume,Homme,18 à 25 ans,Ménage retourné,6 à 12 mois,,Oui,Autres,4,1,1,1,1,0,Oui,,0.03,,0.03,Non,2,Faible,Petits producteurs peu diversifiés,E01,13.4,True,0,0,0,0,0,0,0,1,1,0,1,1,1,1,0,1,0,0,0,0,0,0,0,0,0,0,0,0,0,0,0,0,0,0,0,1,0,1,0,1,0,0,0,1,0,0,0,1,1,0,0,0,0,0,0,0,0,0,0,0,0,1,0,0,1,0,0,0,0,0,0,0,1,0,0,1,0
35,2026-06-16,Beni,Malambo,Ibatama,Homme,Plus de 41 ans,Ménage retourné,1 à 2 ans,,Oui,Association,10,2,1,4,3,0,Oui,,0.4,,0.4,Oui,1,Faible,Riziculteurs diversifiés,E04,19.2,True,0,0,0,0,0,1,0,1,1,1,1,1,0,0,0,0,0,0,0,0,0,0,0,0,0,0,0,1,1,1,1,1,0,0,0,1,0,0,0,1,0,0,0,1,0,0,0,0,0,0,0,1,0,0,0,0,0,0,0,0,0,0,0,1,0,0,0,0,0,0,0,0,0,1,0,0,0
36,2026-06-16,Beni,Malambo,Kibanda,Femme,26 à 35 ans,Ménage retourné,1 à 2 ans,,Oui,Organisation Paysanne,5,0,1,1,3,0,Non,Oui,,0.15,0.15,Non,3,Modérée,Petits producteurs peu diversifiés,E12,691.6,False,0,1,0,0,0,0,1,1,1,0,0,1,0,1,1,0,1,0,1,0,1,1,0,1,0,1,0,0,0,0,0,0,0,0,0,1,0,0,1,1,1,0,1,1,1,0,0,0,1,0,0,0,0,0,0,0,0,0,0,0,0,1,0,0,0,0,0,0,0,1,0,1,0,0,0,1,0
37,2026-06-16,Beni,Malambo,Kibanda,Homme,26 à 35 ans,Ménage retourné,plus de 2 ans,,Oui,Organisation Paysanne,5,1,1,1,2,0,Non,Oui,,0.2,0.2,Oui,2,Faible,Petits producteurs peu diversifiés,E12,682.2,False,0,1,0,0,0,0,1,1,0,0,0,0,0,0,1,0,0,0,1,0,0,1,1,1,1,0,0,0,0,1,1,1,0,0,0,1,1,0,0,1,1,0,1,1,1,0,0,0,1,0,0,0,0,1,0,0,0,0,0,0,0,1,0,0,0,0,0,0,0,0,0,1,0,0,0,1,0
38,2026-06-16,Beni,Malambo,Rughetsi,Femme,Plus de 41 ans,Ménage retourné,6 à 12 mois,,Oui,Association,12,3,2,3,4,0,Oui,,0.02,,0.02,Oui,4,Modérée,Vivriers diversifiés + élevage,E03,11.3,True,0,0,0,0,0,0,0,1,1,0,1,0,0,1,1,0,0,0,0,1,0,0,1,1,0,0,0,1,1,1,1,1,0,0,0,1,1,0,1,1,1,0,1,1,1,0,1,0,0,0,0,0,0,0,0,0,0,0,0,0,1,0,0,1,0,0,0,0,0,1,0,0,1,1,0,1,0
39,2026-06-16,Beni,Lume,Q. Ruwenzori,Homme,18 à 25 ans,Ménage retourné,Moins de 6 mois,,Non,,7,3,2,0,2,2,Oui,,1.0,,1.0,Oui,3,Modérée,Vivriers diversifiés + élevage,E01,15.7,True,0,0,0,0,0,0,0,1,1,0,1,1,0,0,0,1,0,0,0,0,0,0,0,0,0,0,0,0,0,1,1,1,0,0,0,1,0,0,0,1,0,0,0,1,0,0,0,0,0,0,0,0,0,0,0,0,0,0,0,0,0,0,0,0,1,0,0,0,0,0,1,0,1,0,1,0,0
40,2026-06-16,Beni,Malambo,Hurara,Femme,18 à 25 ans,Ménage retourné,plus de 2 ans,,Oui,Organisation Paysanne,4,1,1,2,0,0,Oui,,0.25,,0.25,Oui,1,Faible,Riziculteurs diversifiés,E08,13.9,True,0,0,0,0,0,0,0,1,1,1,1,1,0,1,1,0,1,0,1,0,0,0,1,0,1,1,1,1,1,1,0,0,0,0,0,1,1,0,0,1,1,0,0,1,1,1,0,1,0,0,0,0,0,0,0,0,0,0,0,0,0,1,1,0,0,0,0,0,0,1,0,0,0,0,0,0,0
41,2026-06-16,Beni,Malambo,Ibatama,Femme,36 à 40 ans,Ménage retourné,1 à 2 ans,,Oui,Association,8,1,1,4,2,0,Oui,,0.2,,0.2,Oui,2,Faible,Riziculteurs diversifiés,E04,10.0,True,0,0,0,0,0,1,0,1,1,1,0,0,0,0,0,0,0,0,0,0,0,0,0,0,0,0,0,1,1,1,1,1,0,0,0,1,0,0,0,1,0,0,0,1,0,0,0,0,0,0,0,1,0,0,0,0,0,0,0,0,0,0,0,1,0,0,0,0,0,1,0,0,0,0,0,1,0
42,2026-06-16,Beni,Malambo,Hurara,Femme,Plus de 41 ans,Ménage retourné,plus de 2 ans,,Oui,Association,12,1,5,5,1,0,Oui,,1.0,,1.0,Oui,2,Faible,Riziculteurs diversifiés,E11,3682.4,True,0,0,0,0,0,1,0,0,1,1,0,0,0,0,0,0,0,0,0,0,0,0,0,0,0,0,0,1,1,1,0,0,0,0,0,1,1,0,0,1,1,0,0,1,1,1,0,0,0,0,1,1,0,0,0,0,0,0,0,0,0,0,0,0,0,0,0,0,0,1,0,0,0,1,0,0,0
43,2026-06-16,Beni,Lume,Q. Ruwenzori,Femme,36 à 40 ans,Ménage retourné,1 à 2 ans,,Oui,Association,13,2,2,5,4,0,Non,Oui,,0.1,0.1,Non,4,Modérée,Petits producteurs peu diversifiés,E07,7.6,True,0,0,0,0,0,1,0,1,1,0,0,0,0,0,0,0,0,0,0,0,0,0,0,0,0,0,0,0,0,0,0,0,0,0,0,1,0,0,0,1,1,0,1,1,1,0,0,0,0,0,0,0,0,0,0,0,0,0,0,1,0,1,0,0,0,0,0,0,0,1,0,1,0,1,0,1,0
44,2026-06-16,Beni,Malambo,Kibanda,Homme,Plus de 41 ans,Ménage retourné,1 à 2 ans,,Oui,Organisation Paysanne,5,1,1,0,3,0,Non,Oui,,0.2,0.2,Oui,2,Faible,Petits producteurs peu diversifiés,E12,668.4,False,0,1,0,0,0,1,1,1,1,0,1,0,0,0,0,0,0,0,0,0,0,0,0,0,0,0,0,0,0,1,0,0,0,0,0,1,1,0,0,1,1,0,1,1,1,0,0,0,1,0,0,0,0,0,0,1,0,0,0,1,0,1,0,0,0,0,0,0,0,0,0,1,0,0,0,1,0
45,2026-06-16,Beni,Malambo,Ibatama,Homme,36 à 40 ans,Ménage retourné,1 à 2 ans,,Oui,Association,10,1,1,4,4,0,Oui,,0.3,,0.3,Oui,1,Faible,Riziculteurs diversifiés,E04,11.3,True,0,0,0,0,0,1,0,1,1,1,1,0,0,0,0,0,0,0,0,0,0,0,0,0,0,0,0,1,1,1,1,1,0,0,0,1,0,0,0,1,0,0,0,1,0,0,0,0,0,0,0,1,0,0,0,0,0,0,0,0,0,0,0,1,0,0,0,0,0,0,0,0,0,1,0,0,0
46,2026-06-16,Beni,Malambo,Rughetsi,Femme,Plus de 41 ans,Ménage retourné,plus de 2 ans,,Non,,9,1,1,3,4,0,Non,Oui,,0.05,0.05,Oui,5,Élevée,Maraîchers pomme de terre,E03,20.5,True,0,0,0,0,0,0,0,1,0,0,0,0,0,0,1,0,0,0,0,0,0,1,1,1,1,0,1,1,1,1,0,0,0,0,0,1,0,0,0,1,0,0,0,1,0,0,0,0,0,0,0,0,0,0,0,0,0,0,0,0,0,0,0,1,0,0,0,0,0,1,0,1,0,1,1,1,0
47,2026-06-16,Beni,Bolema,Lume,Femme,18 à 25 ans,Ménage retourné,1 à 2 ans,,Non,,4,2,1,1,0,0,Oui,,1.0,,1.0,Oui,2,Faible,Petits producteurs peu diversifiés,E14,10.0,True,0,0,0,0,0,0,0,0,0,0,0,0,0,0,0,1,0,0,0,0,0,0,0,0,0,0,0,1,0,1,0,0,0,0,0,1,1,0,1,0,1,0,0,1,0,0,1,1,0,0,0,0,0,0,0,0,0,0,0,0,0,1,0,0,0,1,0,0,0,1,0,0,0,0,1,0,0
48,2026-06-16,Beni,Malambo,Hurara,Femme,18 à 25 ans,Ménage retourné,1 à 2 ans,,Non,,2,1,1,0,0,0,Oui,,0.15,,0.15,Oui,3,Modérée,Petits producteurs peu diversifiés,E08,9.7,True,0,0,0,0,0,0,0,1,1,0,1,0,0,1,1,0,0,0,0,1,0,0,1,1,1,0,1,0,0,1,0,0,0,0,0,1,0,0,0,1,1,0,0,1,1,0,0,0,1,0,1,0,0,0,0,0,0,0,0,0,0,1,1,0,0,0,0,0,0,1,0,0,0,0,1,1,0
49,2026-06-16,Beni,Bolema,Lume,Homme,Plus de 41 ans,Ménage retourné,6 à 12 mois,,Non,,9,3,5,0,1,1,Oui,,1.0,,1.0,Non,4,Modérée,Petits producteurs peu diversifiés,E01,11.8,True,0,0,0,0,0,0,0,1,0,0,0,1,0,1,0,1,0,0,0,0,0,0,0,0,0,0,0,0,0,0,0,0,0,0,0,1,0,0,0,1,0,0,0,1,0,0,0,0,0,0,0,0,0,0,0,0,0,0,0,0,0,0,0,0,1,0,0,0,0,0,1,0,1,1,1,0,0
50,2026-06-16,Beni,Malambo,Ibatama,Homme,Plus de 41 ans,Ménage retourné,1 à 2 ans,,Oui,Association,8,1,2,1,4,0,Oui,,0.3,,0.3,Oui,0,Faible,Vivriers diversifiés + élevage,E04,13.1,True,0,0,0,0,0,0,0,1,1,0,0,1,0,1,0,0,0,0,0,0,0,0,0,0,0,0,0,1,0,1,1,1,0,0,0,1,0,0,0,1,0,0,0,1,0,0,0,0,1,0,0,0,0,0,0,0,0,0,0,0,0,0,0,1,0,0,0,0,0,0,0,0,0,0,0,0,0
51,2026-06-16,Beni,Bolema,Bahambo,Femme,Plus de 41 ans,Ménage retourné,1 à 2 ans,,Non,,5,2,1,1,1,0,Oui,,0.2,,0.2,Oui,3,Modérée,Riziculteurs diversifiés,E14,7824.6,True,0,0,0,0,0,1,0,0,0,1,0,1,0,0,0,0,0,0,0,0,0,0,0,0,0,0,0,1,0,1,0,0,0,0,0,1,0,0,0,1,0,0,0,1,1,0,0,0,0,0,0,1,0,0,0,0,0,0,0,0,0,1,0,0,0,0,0,0,0,1,0,0,0,0,1,1,0
52,2026-06-16,Beni,Bolema,Lume,Femme,26 à 35 ans,Ménage retourné,plus de 2 ans,,Non,,7,1,2,1,3,0,Oui,,0.2,,0.2,Oui,3,Modérée,Petits producteurs peu diversifiés,E14,9.5,True,0,0,0,0,0,0,0,1,0,0,0,0,0,0,0,1,0,0,0,0,0,0,0,0,0,0,0,1,0,1,0,0,0,0,0,1,0,0,0,1,0,0,1,1,1,0,1,0,1,0,0,0,0,0,0,0,0,0,0,0,0,1,0,0,0,0,0,0,0,1,0,0,0,0,1,1,0
53,2026-06-16,Beni,Malambo,Ibatama,Homme,26 à 35 ans,Ménage retourné,plus de 2 ans,,Oui,Association,8,1,1,3,3,0,Oui,,0.4,,0.4,Oui,0,Faible,Riziculteurs diversifiés,E04,9.9,True,0,0,0,0,0,1,0,1,1,1,0,0,0,1,0,0,0,0,0,0,0,0,0,0,0,0,0,1,1,1,1,1,0,0,0,1,0,0,0,1,0,0,0,1,0,0,0,0,1,0,0,0,0,0,0,0,0,0,0,0,0,0,0,1,0,0,0,0,0,0,0,0,0,0,0,0,0
54,2026-06-16,Beni,Malambo,Rughetsi,Homme,36 à 40 ans,Ménage retourné,plus de 2 ans,,Non,,8,1,1,2,4,0,Non,Oui,,0.02,0.02,Oui,3,Modérée,Vivriers diversifiés + élevage,E03,8.5,True,0,0,0,0,0,0,0,1,1,0,0,1,1,1,0,0,0,0,0,0,0,0,0,0,0,0,0,1,1,1,1,1,1,0,0,0,1,0,0,0,1,0,0,1,0,0,0,0,0,0,0,0,0,0,0,0,0,0,0,1,0,1,0,0,0,0,0,0,0,0,0,1,0,0,1,1,0
55,2026-06-16,Beni,Bolema,Lume,Homme,26 à 35 ans,Ménage retourné,6 à 12 mois,,Oui,Autres,6,1,2,1,2,1,Non,Oui,,0.02,0.02,Non,4,Modérée,Petits producteurs peu diversifiés,E01,12.9,True,0,0,1,0,0,0,1,1,0,0,1,1,0,0,0,1,0,0,0,0,0,0,0,0,0,0,0,0,0,0,0,0,0,0,0,1,0,0,0,0,0,0,1,1,0,0,0,0,0,0,0,0,0,0,0,0,0,0,0,0,0,0,0,0,0,0,0,0,0,0,1,1,1,0,0,1,0
56,2026-06-16,Beni,Bolema,Lume,Homme,26 à 35 ans,Ménage retourné,1 à 2 ans,,Non,,4,1,1,1,1,0,Oui,,0.25,,0.25,Oui,1,Faible,Petits producteurs peu diversifiés,E14,7.4,True,0,0,1,0,0,0,1,0,0,0,0,0,0,0,0,1,0,0,0,0,0,0,0,0,0,0,0,0,0,1,1,1,0,0,0,0,1,0,0,1,1,0,1,1,1,0,1,0,0,0,0,1,0,0,0,0,0,0,0,0,0,1,0,0,0,0,0,0,0,0,0,0,0,0,1,0,0
57,2026-06-16,Beni,Malambo,Ibatama,Homme,26 à 35 ans,Ménage retourné,plus de 2 ans,,Oui,Association,10,1,1,4,4,0,Oui,,0.4,,0.4,Oui,1,Faible,Riziculteurs diversifiés,E04,7.7,True,0,0,0,0,0,1,0,1,1,1,0,0,0,0,0,0,0,0,0,0,0,0,0,0,0,0,0,1,1,1,1,1,0,0,0,1,0,0,0,1,0,0,0,1,0,0,0,0,1,0,0,0,0,0,0,0,0,0,0,0,0,0,0,1,0,0,0,0,0,0,0,0,0,1,0,0,0
58,2026-06-16,Beni,Malambo,Rughetsi,Homme,Plus de 41 ans,Famille d'accueil,,2,Non,,12,3,2,2,5,0,Oui,,0.5,,0.5,Oui,3,Modérée,Petits producteurs peu diversifiés,E03,12.0,True,0,0,0,0,0,1,0,1,0,0,1,0,0,0,1,0,0,0,1,0,0,1,1,1,1,0,0,0,1,1,1,1,0,0,0,1,1,0,0,0,1,0,0,1,0,0,0,0,0,0,0,0,0,0,0,0,0,0,0,1,0,0,0,1,0,0,1,0,0,0,0,0,0,1,1,0,1
59,2026-06-16,Beni,Malambo,Kibanda,Homme,Plus de 41 ans,Ménage retourné,plus de 2 ans,,Oui,Organisation Paysanne,8,1,1,4,2,1,Oui,,0.1,,0.1,Oui,2,Faible,Petits producteurs peu diversifiés,E12,628.2,False,0,1,0,0,0,1,1,1,0,0,1,0,0,0,1,0,0,0,0,0,1,0,0,0,0,1,0,0,0,1,1,1,0,0,0,1,0,0,0,1,1,0,1,1,1,0,0,0,1,0,0,0,0,0,0,0,0,0,0,0,0,1,0,0,0,0,0,0,0,0,1,0,0,0,0,1,0
60,2026-06-16,Beni,Malambo,Ibatama,Homme,26 à 35 ans,Ménage retourné,1 à 2 ans,,Oui,Association,8,1,1,3,3,0,Oui,,0.2,,0.2,Oui,1,Faible,Vivriers diversifiés + élevage,E04,5.5,True,0,0,0,0,0,1,0,1,1,0,0,0,0,1,0,0,0,0,0,0,0,0,0,0,0,0,0,1,1,1,1,1,0,0,0,1,0,0,0,1,0,0,0,1,0,0,0,0,1,0,0,0,0,0,0,0,0,0,0,0,0,0,0,1,0,0,0,0,0,0,0,0,0,0,0,1,0
61,2026-06-16,Beni,Lume,Q. Ruwenzori,Homme,Plus de 41 ans,Ménage retourné,6 à 12 mois,,Non,,7,5,,1,1,2,Oui,,0.02,,0.02,Non,4,Modérée,Petits producteurs peu diversifiés,E01,12.9,True,0,0,1,0,0,1,1,1,0,0,0,1,0,0,0,1,0,0,0,0,0,0,0,0,0,0,0,0,0,0,0,0,0,0,0,1,0,0,0,0,0,0,1,1,0,0,0,0,0,0,0,0,0,0,0,0,0,0,0,0,0,0,0,0,1,0,0,0,0,0,1,0,1,0,1,1,0
62,2026-06-16,Beni,Malambo,Kibanda,Homme,Plus de 41 ans,Ménage retourné,1 à 2 ans,,Oui,Association,6,1,1,2,2,0,Non,Oui,,0.2,0.2,Non,2,Faible,Petits producteurs peu diversifiés,E12,612.4,False,0,1,0,0,0,1,1,1,1,0,0,1,0,1,1,0,0,0,1,0,0,0,0,1,0,1,0,0,0,0,0,0,0,0,0,1,0,0,0,1,1,0,1,1,1,0,0,0,1,0,0,0,0,1,0,0,0,0,0,0,0,1,0,0,0,0,0,1,0,0,0,1,0,0,0,1,0
63,2026-06-16,Beni,Malambo,Hurara,Femme,Plus de 41 ans,Ménage retourné,plus de 2 ans,,Oui,Association,12,1,6,3,2,0,Oui,,1.0,,1.0,Non,2,Faible,Petits producteurs peu diversifiés,E08,19.6,True,0,0,0,0,0,1,0,0,1,1,0,0,0,0,0,0,0,0,0,0,0,0,0,0,0,0,0,0,0,0,0,0,0,0,0,1,0,0,1,1,0,0,1,1,1,1,0,0,0,0,1,1,0,0,0,0,0,0,0,0,0,1,1,0,0,0,0,0,0,1,0,0,0,1,0,0,0
64,2026-06-16,Beni,Malambo,Ibatama,Femme,26 à 35 ans,Ménage retourné,1 à 2 ans,,Oui,Association,6,1,1,2,2,0,Oui,,0.2,,0.2,Oui,2,Faible,Vivriers diversifiés + élevage,E04,13.3,True,0,0,0,0,0,1,0,1,1,0,1,1,0,1,0,0,0,0,0,0,0,0,0,0,0,0,0,1,1,1,1,1,0,0,0,1,0,0,0,1,0,0,0,1,0,0,0,0,0,0,0,0,0,0,0,0,0,0,0,0,0,0,0,1,0,0,0,0,0,1,0,0,0,0,0,1,0
65,2026-06-16,Beni,Bolema,Bahambo,Homme,Plus de 41 ans,Ménage retourné,1 à 2 ans,,Non,,8,3,2,2,1,0,Oui,,0.35,,0.35,Oui,1,Faible,Petits producteurs peu diversifiés,E14,19.1,True,0,0,1,0,0,0,1,0,0,0,0,0,0,0,0,1,0,0,0,0,0,0,0,0,0,0,0,0,0,1,1,1,1,0,0,1,1,0,1,0,0,0,1,1,1,0,1,1,0,0,0,0,0,0,0,0,0,0,0,0,0,1,0,0,0,0,0,0,0,0,0,0,0,0,1,0,0
66,2026-06-16,Beni,Lume,Q. Ruwenzori,Homme,18 à 25 ans,Ménage retourné,6 à 12 mois,,Non,,5,1,1,1,2,0,Non,Oui,,0.05,0.05,Non,4,Modérée,Petits producteurs peu diversifiés,E01,10.8,True,0,0,0,0,0,1,0,1,0,0,0,0,0,0,0,1,0,0,0,0,0,0,0,0,0,0,0,0,0,0,0,0,0,0,0,0,0,0,1,0,0,0,1,1,0,0,0,0,0,0,0,0,0,0,0,0,0,0,0,0,0,0,0,1,1,0,0,0,0,0,0,1,1,0,1,1,0
67,2026-06-16,Beni,Malambo,Rughetsi,Homme,36 à 40 ans,Ménage retourné,plus de 2 ans,,Oui,Association,10,2,1,4,3,0,Oui,,0.5,,0.5,Oui,1,Faible,Vivriers diversifiés + élevage,E03,9.4,True,0,0,0,0,1,1,1,1,1,0,1,0,0,1,0,0,0,0,0,0,0,0,0,0,0,0,0,1,1,1,0,0,0,0,0,1,1,0,0,1,0,0,0,1,0,0,0,0,0,0,0,0,0,0,0,0,0,0,0,1,0,0,0,1,0,0,0,0,0,0,0,0,0,1,0,0,0
68,2026-06-16,Beni,Malambo,Ibatama,Femme,Plus de 41 ans,Ménage retourné,1 à 2 ans,,Oui,Association,7,2,,2,3,0,Oui,,0.4,,0.4,Oui,1,Faible,Vivriers diversifiés + élevage,E04,9.0,True,0,0,1,0,0,1,1,1,1,0,0,1,0,1,0,0,0,0,0,0,0,0,0,0,0,0,0,1,1,1,1,1,0,0,0,1,0,0,0,1,0,0,0,1,0,0,0,0,1,0,0,0,0,0,0,0,0,0,0,0,0,0,0,1,0,0,0,0,0,1,0,0,0,0,0,0,0
69,2026-06-16,Beni,Lume,Q. Ruwenzori,Homme,18 à 25 ans,Ménage retourné,6 à 12 mois,,Non,,3,1,1,1,0,0,Non,Oui,,0.02,0.02,Non,4,Modérée,Petits producteurs peu diversifiés,E01,10.4,True,0,0,0,0,0,0,0,1,0,0,1,0,0,0,0,1,0,0,0,0,0,0,0,0,0,0,0,0,0,0,0,0,0,0,0,1,0,0,0,1,0,0,0,1,0,0,0,0,0,0,0,0,0,0,0,0,0,0,0,0,0,0,0,1,1,0,0,0,0,0,0,1,1,0,1,1,0
70,2026-06-16,Beni,Kalembo,Hurara,Femme,26 à 35 ans,Ménage retourné,plus de 2 ans,,Non,,4,0,1,2,1,0,Oui,,0.3,,0.3,Non,2,Faible,Petits producteurs peu diversifiés,E08,13.6,True,0,0,0,0,0,0,0,0,1,1,0,0,0,0,1,0,0,0,0,1,0,0,0,0,0,0,0,0,0,0,0,0,0,0,0,1,0,0,0,1,0,0,1,1,1,1,0,0,0,0,1,1,0,0,0,0,0,0,0,0,0,0,0,0,0,0,0,0,0,1,0,0,0,0,1,0,0
71,2026-06-16,Beni,Malambo,Ibatama,Homme,36 à 40 ans,Ménage retourné,1 à 2 ans,,Oui,Association,7,2,1,3,1,0,Oui,,0.2,,0.2,Oui,1,Faible,Vivriers diversifiés + élevage,E04,8.9,True,0,0,0,0,0,0,0,0,0,0,0,1,0,1,1,0,0,0,0,0,0,0,0,1,1,0,0,1,1,1,1,1,0,0,0,1,0,0,0,1,0,0,0,1,0,0,0,1,1,0,0,0,0,0,0,0,0,0,0,0,0,0,0,0,0,0,0,0,1,0,0,0,0,0,0,1,0
72,2026-06-16,Beni,Bolema,Bahambo,Homme,Plus de 41 ans,Ménage retourné,1 à 2 ans,,Non,,7,1,1,4,1,0,Oui,,1.0,,1.0,Non,1,Faible,Petits producteurs peu diversifiés,E14,24.0,True,0,0,0,0,0,0,0,0,0,0,1,0,0,0,0,1,0,0,0,0,0,0,0,0,0,0,0,0,0,0,0,0,0,0,0,0,0,0,1,0,1,0,1,1,1,1,0,0,0,0,0,1,0,0,0,0,0,0,0,0,0,1,0,0,0,0,0,0,0,0,0,0,0,0,1,0,0
73,2026-06-16,Beni,Lume,Q. Ruwenzori,Homme,18 à 25 ans,Ménage retourné,Moins de 6 mois,,Non,,4,1,1,1,1,0,Non,Oui,,0.05,0.05,Non,4,Modérée,Petits producteurs peu diversifiés,E01,15.3,True,0,0,0,0,0,1,0,1,0,0,1,0,0,0,0,1,0,0,0,0,0,0,0,0,0,0,0,0,0,0,0,0,0,0,0,1,0,0,0,1,0,0,0,1,0,0,0,0,0,0,0,0,0,0,0,0,0,0,0,0,0,0,0,0,1,0,0,0,0,0,0,1,1,0,1,1,0
74,2026-06-16,Beni,Malambo,Hurara,Femme,26 à 35 ans,Ménage retourné,plus de 2 ans,,Oui,Association,5,1,0,1,3,0,Oui,,0.3,,0.3,Oui,1,Faible,Riziculteurs diversifiés,E08,9.2,True,0,0,1,0,0,0,1,0,1,1,0,0,0,0,0,0,0,0,0,0,0,0,0,0,0,0,0,1,0,1,0,0,0,0,0,1,1,0,0,0,0,0,0,1,1,1,0,0,0,0,1,1,0,0,0,0,0,0,0,0,0,0,1,0,0,0,0,0,0,1,0,0,0,0,0,0,0
75,2026-06-16,Beni,Malambo,Ibatama,Homme,26 à 35 ans,Ménage retourné,1 à 2 ans,,Oui,Association,8,3,1,2,2,0,Oui,,0.3,,0.3,Oui,0,Faible,Vivriers diversifiés + élevage,E04,8.2,True,0,0,0,0,0,1,0,1,1,0,1,1,0,1,0,0,0,0,0,0,0,0,0,0,0,0,0,1,1,1,0,0,0,0,0,1,0,0,0,1,0,0,0,1,0,0,0,0,0,0,0,0,0,0,0,0,0,0,0,0,0,0,0,1,0,0,0,0,0,0,0,0,0,0,0,0,0
76,2026-06-16,Beni,Kalembo,Hurara,Homme,26 à 35 ans,Ménage retourné,plus de 2 ans,,Non,,6,1,2,1,2,0,Oui,,0.35,,0.35,Non,1,Faible,Maraîchers pomme de terre,E08,5.9,True,0,0,1,0,0,1,1,0,1,0,0,0,0,0,1,0,0,0,0,1,0,0,0,0,0,0,0,0,0,0,0,0,0,0,0,1,0,0,0,1,0,0,1,1,1,1,0,0,0,0,1,0,0,0,0,0,0,0,0,0,0,0,0,0,0,0,0,0,0,0,0,0,0,0,1,0,0
77,2026-06-16,Beni,Malambo,Rughetsi,Homme,36 à 40 ans,Ménage retourné,1 à 2 ans,,Oui,Association,6,1,1,1,3,0,Oui,,0.4,,0.4,Oui,0,Faible,Riziculteurs diversifiés,E05,23.2,True,0,0,0,0,0,1,0,0,0,1,0,0,0,0,0,0,0,0,0,0,0,0,0,0,0,0,0,1,0,1,1,1,0,0,0,0,1,0,0,1,0,0,0,1,1,0,0,0,0,0,0,1,0,0,0,0,0,0,0,0,0,0,0,1,0,0,0,0,0,0,0,0,0,0,0,0,0
78,2026-06-16,Beni,Lume,Q. Ruwenzori,Homme,36 à 40 ans,Ménage retourné,6 à 12 mois,,Non,,7,1,1,3,2,0,Non,Oui,,0.04,0.04,Oui,4,Modérée,Petits producteurs peu diversifiés,E01,13.0,True,0,0,0,0,0,0,0,1,0,0,1,1,0,0,0,1,0,0,0,0,0,0,0,0,0,0,0,1,0,0,1,0,0,0,0,1,0,0,0,0,0,0,1,1,0,0,0,0,0,0,0,0,0,0,0,0,0,0,0,0,0,0,0,1,1,0,0,0,0,0,0,1,1,0,1,1,0
79,2026-06-16,Beni,Bolema,Lume,Homme,26 à 35 ans,Ménage retourné,1 à 2 ans,,Non,,4,1,1,1,1,0,Non,Oui,,0.2,0.2,Oui,3,Modérée,Petits producteurs peu diversifiés,E14,7.2,True,0,0,0,0,0,0,0,1,1,1,0,0,0,0,0,0,0,0,0,0,0,0,0,0,0,0,0,1,0,1,0,0,0,0,0,1,1,0,0,1,0,0,1,1,1,0,0,0,0,0,0,1,0,0,0,0,0,0,0,0,0,1,0,0,0,0,0,0,0,0,0,1,0,0,1,1,0
80,2026-06-16,Beni,Malambo,Ibatama,Homme,26 à 35 ans,Ménage retourné,1 à 2 ans,,Oui,Association,7,1,1,2,3,0,Oui,,0.3,,0.3,Oui,0,Faible,Riziculteurs diversifiés,E04,6.8,True,0,0,0,0,0,0,0,1,0,1,0,1,0,1,1,0,1,1,0,0,0,0,0,0,0,0,0,1,1,1,1,1,0,0,0,1,0,0,0,1,0,0,0,1,0,0,0,0,0,0,0,0,0,0,0,0,0,0,0,0,0,0,0,1,0,0,0,0,0,0,0,0,0,0,0,0,0
81,2026-06-16,Beni,Malambo,Ibatama,Femme,26 à 35 ans,Ménage retourné,1 à 2 ans,,Oui,Association,7,3,1,2,1,0,Oui,,0.2,,0.2,Oui,2,Faible,Riziculteurs diversifiés,E04,6.1,True,0,0,0,0,0,1,0,1,1,1,1,0,0,0,0,1,0,0,0,0,0,0,0,0,0,0,0,1,1,1,1,1,0,0,0,1,0,0,0,1,0,0,0,1,0,0,0,0,0,0,0,0,0,0,0,0,0,0,0,0,0,0,0,1,0,0,0,0,0,1,0,0,0,0,0,1,0
82,2026-06-16,Beni,Lume,Q. Ruwenzori,Homme,26 à 35 ans,Ménage retourné,6 à 12 mois,,Non,,3,1,,1,1,0,Non,Oui,,0.04,0.04,Non,4,Modérée,Petits producteurs peu diversifiés,E01,8.6,True,0,0,1,0,0,1,1,1,0,0,1,0,0,0,0,1,0,0,0,0,0,0,0,0,0,0,0,0,0,0,0,0,0,0,0,1,0,0,0,0,0,0,1,1,0,0,0,0,0,0,0,0,0,0,0,0,0,0,0,0,0,0,0,0,1,0,0,0,0,0,0,1,1,0,1,1,0
83,2026-06-16,Beni,Malambo,Rughetsi,Homme,36 à 40 ans,Ménage retourné,6 à 12 mois,,Oui,Association,7,1,1,2,3,0,Oui,,0.2,,0.2,Oui,2,Faible,Riziculteurs diversifiés,E05,14.4,True,0,0,0,0,0,0,0,0,0,1,0,0,0,0,0,0,0,0,0,0,0,0,0,0,0,0,0,1,1,1,1,1,1,0,0,1,0,0,0,1,0,0,0,1,1,0,0,0,0,0,0,1,0,0,0,0,0,0,0,0,0,0,0,1,0,0,0,0,0,0,0,0,1,0,0,1,0
84,2026-06-16,Beni,Bolema,Lume,Femme,36 à 40 ans,Ménage retourné,1 à 2 ans,,Non,,2,0,1,0,1,1,Non,Oui,,0.25,0.25,Non,4,Modérée,Petits producteurs peu diversifiés,E14,43.8,True,0,0,1,0,0,0,1,0,0,1,1,0,0,0,0,0,0,0,0,0,0,0,0,0,0,0,0,0,0,0,0,0,0,0,0,1,0,0,1,1,0,0,1,1,1,0,1,0,0,0,0,1,0,0,0,0,0,0,0,0,0,1,0,0,0,0,0,0,0,1,1,1,0,0,1,0,0
85,2026-06-16,Beni,Malambo,Hurara,Homme,18 à 25 ans,Ménage retourné,plus de 2 ans,,Oui,Organisation Paysanne,4,1,1,0,2,0,Oui,,1.0,,1.0,Oui,0,Faible,Riziculteurs diversifiés,E08,16.2,True,0,0,0,0,0,0,0,0,1,1,0,0,0,0,1,0,0,0,0,0,0,0,0,0,1,0,0,0,0,1,1,1,0,0,0,1,1,0,0,1,1,0,0,1,1,1,0,0,0,0,1,1,0,0,0,0,0,0,0,0,0,1,1,0,0,0,0,0,0,0,0,0,0,0,0,0,0
86,2026-06-16,Beni,Malambo,Rughetsi,Femme,36 à 40 ans,Ménage retourné,plus de 2 ans,,Non,,9,1,1,3,4,0,Oui,,0.03,,0.03,Oui,4,Modérée,Vivriers diversifiés + élevage,E03,7.8,True,0,0,0,0,0,0,0,1,1,0,1,0,0,0,1,0,1,0,0,0,1,1,1,1,0,0,0,1,0,1,1,1,0,0,0,1,1,0,0,1,0,0,0,1,0,0,0,0,0,0,0,0,0,0,0,0,0,0,0,1,0,0,0,1,0,0,0,0,0,1,0,0,0,1,1,1,0
87,2026-06-16,Beni,Malambo,Ibatama,Femme,26 à 35 ans,Ménage retourné,1 à 2 ans,,Non,,10,3,2,3,2,0,Oui,,0.4,,0.4,Oui,3,Modérée,Petits producteurs peu diversifiés,E04,10.9,True,0,0,0,0,0,1,0,1,0,0,0,1,0,1,1,0,1,0,0,0,0,0,0,1,0,0,0,0,0,1,0,0,0,0,0,1,0,0,0,1,0,0,0,1,0,0,0,0,0,0,0,0,0,0,0,0,0,0,0,0,0,0,0,1,0,0,0,0,0,1,0,0,0,1,1,0,0
88,2026-06-16,Beni,Malambo,Rughetsi,Homme,Plus de 41 ans,Ménage retourné,1 à 2 ans,,Oui,Coopérative,11,6,3,1,1,0,Oui,,0.5,,0.5,Oui,1,Faible,Riziculteurs diversifiés,E05,12.7,True,0,0,0,0,0,0,0,0,0,1,0,0,0,0,0,0,0,0,0,0,0,0,0,0,0,0,0,1,1,1,1,0,1,0,0,1,0,0,0,1,0,0,0,1,1,0,0,0,0,0,0,1,0,0,0,0,0,0,0,0,0,0,0,1,0,0,0,0,0,0,0,0,0,1,0,0,0
89,2026-06-16,Beni,Lume,Q. Ruwenzori,Homme,Plus de 41 ans,Ménage retourné,6 à 12 mois,,Non,,8,1,4,1,2,0,Oui,,1.5,,1.5,Oui,2,Faible,Vivriers diversifiés + élevage,E01,9.8,True,0,0,0,0,0,1,0,1,1,0,1,1,0,1,0,1,0,0,0,0,0,0,0,0,0,0,0,1,0,1,1,1,0,0,0,1,0,0,0,1,0,0,0,1,0,0,0,0,0,0,0,0,0,0,0,0,0,0,0,0,0,0,0,0,1,0,0,0,0,0,0,0,1,0,1,0,0
90,2026-06-16,Beni,Malambo,Ibatama,Homme,26 à 35 ans,Ménage retourné,1 à 2 ans,,Oui,Association,5,1,1,0,3,0,Oui,,0.2,,0.2,,1,Faible,Petits producteurs peu diversifiés,E04,5.7,True,0,0,0,0,0,0,0,1,1,0,0,1,0,1,0,0,0,0,0,0,0,0,0,0,0,0,0,0,0,0,0,0,0,0,0,1,0,0,0,1,0,0,0,1,0,0,0,0,0,0,0,0,0,0,0,0,0,0,0,0,0,0,0,1,0,0,0,0,0,0,0,0,0,0,0,1,0
91,2026-06-16,Beni,Malambo,Rughetsi,Homme,18 à 25 ans,Ménage retourné,1 à 2 ans,,Oui,Association,5,1,1,1,2,0,Oui,,0.04,,0.04,Oui,1,Faible,Riziculteurs diversifiés,E05,8.4,True,0,0,0,0,0,0,0,0,0,1,0,0,0,0,0,0,0,0,0,0,0,0,0,0,0,0,0,1,1,1,0,0,0,0,0,1,0,0,0,1,1,0,0,1,1,0,0,0,0,0,0,1,0,0,0,0,0,0,0,0,0,0,0,1,0,0,0,0,0,0,0,0,0,0,0,1,0
92,2026-06-16,Beni,Lume,Q. Ruwenzori,Homme,26 à 35 ans,Ménage retourné,Moins de 6 mois,,Non,,6,1,1,0,4,0,Non,Oui,,0.02,0.02,Non,4,Modérée,Petits producteurs peu diversifiés,E01,10.7,True,0,0,0,0,0,0,0,1,0,0,1,0,0,1,0,1,0,0,0,0,0,0,0,0,0,0,0,0,0,0,0,0,0,0,0,1,0,0,0,0,0,0,1,1,0,0,0,0,0,0,0,0,0,0,0,0,0,0,0,0,0,0,0,0,1,0,0,0,0,0,0,1,1,0,1,1,0
93,2026-06-16,Beni,Malambo,Rughetsi,Femme,Plus de 41 ans,Ménage retourné,1 à 2 ans,,Oui,Association,4,1,1,2,0,0,Oui,,0.25,,0.25,Oui,1,Faible,Petits producteurs peu diversifiés,E05,11.8,True,0,0,0,0,0,1,0,0,0,1,0,0,0,0,0,0,0,0,0,0,0,0,0,0,0,0,0,1,0,0,1,0,0,0,0,1,0,0,0,1,0,0,0,1,1,0,0,0,0,0,0,1,0,0,0,0,0,0,0,0,0,0,0,1,0,0,0,0,0,1,0,0,0,0,0,0,0
94,2026-06-16,Beni,Malambo,Ibatama,Femme,26 à 35 ans,Ménage retourné,1 à 2 ans,,Oui,Association,6,1,1,2,2,0,Oui,,0.3,,0.3,Oui,1,Faible,Vivriers diversifiés + élevage,E04,13.0,True,0,0,0,0,0,1,0,1,0,0,1,1,0,1,0,0,0,0,0,0,0,0,0,0,0,0,0,0,0,1,1,1,0,0,0,1,0,0,0,1,0,0,0,1,0,0,0,0,0,0,0,0,0,0,0,0,0,0,0,0,0,0,0,1,0,0,0,0,0,1,0,0,0,0,0,0,0
95,2026-06-16,Beni,Kalembo,Hurara,Homme,26 à 35 ans,Ménage retourné,plus de 2 ans,,Oui,Association,9,2,1,5,1,0,Oui,,0.2,,0.2,Non,2,Faible,Petits producteurs peu diversifiés,E08,7.2,True,0,0,0,0,0,0,0,0,0,1,0,0,0,0,0,0,0,0,0,0,0,0,0,0,0,0,0,0,0,0,0,0,0,0,0,1,0,0,0,1,0,0,0,1,0,1,0,0,0,0,0,1,0,0,0,0,0,0,0,0,0,0,1,0,0,1,0,0,0,0,0,0,0,1,0,1,0
96,2026-06-16,Beni,Lume,Q. Ruwenzori,Femme,Plus de 41 ans,Ménage retourné,plus de 2 ans,,Oui,Association,12,4,2,5,1,0,Oui,,0.3,,0.3,Oui,2,Faible,Petits producteurs peu diversifiés,,343.6,True,0,0,0,0,0,1,0,1,0,0,1,0,0,0,0,0,0,0,0,0,0,0,0,0,0,0,0,1,0,0,1,1,0,0,0,1,1,0,0,1,0,0,0,1,0,0,0,0,0,0,0,0,0,0,0,0,0,0,0,0,1,0,0,0,0,1,0,0,0,1,0,0,0,1,0,0,0
97,2026-06-16,Beni,Bolema,Lume,Femme,26 à 35 ans,Autre (ni retourné ni accueil),,,Non,,8,1,1,3,3,0,Oui,,0.3,,0.3,Non,2,Faible,Petits producteurs peu diversifiés,E14,8.1,True,0,0,0,0,0,0,0,1,0,0,1,0,0,0,0,0,0,0,0,0,0,0,0,0,0,0,0,0,0,0,0,0,0,0,0,1,0,0,0,1,0,0,1,1,1,0,0,0,0,0,0,0,0,1,0,0,0,0,0,0,0,1,0,0,0,0,0,0,0,1,0,0,0,0,1,0,0
98,2026-06-16,Beni,Malambo,Rughetsi,Homme,Plus de 41 ans,Ménage retourné,1 à 2 ans,,Oui,Association,26,3,4,12,7,0,Oui,,1.0,,1.0,Oui,1,Faible,Riziculteurs diversifiés,E05,10.9,True,0,0,0,0,0,0,0,0,0,1,0,0,0,0,0,0,0,0,0,0,0,0,0,0,0,0,0,1,0,1,1,1,1,0,0,1,0,0,0,1,0,0,0,1,1,0,0,0,0,0,0,1,0,0,0,0,0,0,0,0,0,0,0,1,0,0,0,0,0,0,0,0,0,1,0,0,0
99,2026-06-16,Beni,Lume,Q. Ruwenzori,Femme,26 à 35 ans,Ménage retourné,Moins de 6 mois,,Non,,8,2,3,0,3,1,Non,Oui,,0.04,0.04,Oui,6,Élevée,Vivriers diversifiés + élevage,E01,12.7,True,0,0,0,0,0,0,0,1,1,0,1,0,0,0,0,1,0,0,0,0,0,0,0,0,0,0,0,1,0,1,1,1,0,0,0,1,0,0,0,0,0,0,1,1,0,0,0,0,0,0,0,0,0,0,0,0,0,0,0,0,0,0,0,0,1,0,0,0,0,1,1,1,1,0,1,1,0
100,2026-06-16,Beni,Malambo,Ibatama,Femme,26 à 35 ans,Ménage retourné,1 à 2 ans,,Oui,Association,6,1,1,2,2,0,Oui,,0.2,,0.2,Oui,2,Faible,Petits producteurs peu diversifiés,E04,8.3,True,0,0,0,0,0,1,0,1,0,0,1,1,0,1,0,0,0,0,0,0,0,0,0,0,0,0,0,0,0,0,1,1,0,0,0,1,0,0,0,1,0,0,0,1,0,0,0,0,0,0,0,0,0,0,0,0,0,0,0,0,0,0,0,1,0,0,0,0,0,1,0,0,0,0,0,1,0
101,2026-06-16,Beni,Lume,Q. Ruwenzori,Femme,26 à 35 ans,Autre (ni retourné ni accueil),,,Non,,5,1,1,0,3,0,Non,Oui,,0.15,0.15,Non,4,Modérée,Petits producteurs peu diversifiés,E14,10.8,True,0,0,0,0,0,0,0,0,1,1,0,0,0,0,0,0,0,0,0,0,0,0,0,0,0,0,0,0,0,0,0,0,0,0,0,1,0,0,1,1,0,0,0,1,1,0,0,0,0,0,0,1,0,0,0,0,0,0,0,0,0,1,0,0,0,0,0,0,0,1,0,1,0,0,1,1,0
102,2026-06-16,Beni,Malambo,Rughetsi,Homme,36 à 40 ans,Ménage retourné,1 à 2 ans,,Oui,Association,8,1,1,3,3,0,Oui,,0.2,,0.2,Oui,1,Faible,Riziculteurs diversifiés,E05,10.4,True,0,0,0,0,0,0,0,0,0,1,0,0,0,0,0,0,0,0,0,0,0,0,0,0,0,0,0,0,1,1,1,0,1,0,0,1,0,0,0,1,1,0,0,1,1,0,0,0,0,0,0,1,0,0,0,0,0,0,0,0,0,0,0,1,0,0,0,0,0,0,0,0,0,0,0,1,0
103,2026-06-16,Beni,Malambo,Ibatama,Femme,26 à 35 ans,Ménage retourné,1 à 2 ans,,Oui,Association,8,1,2,4,1,0,Oui,,0.4,,0.4,Oui,1,Faible,Vivriers diversifiés + élevage,E04,7.9,True,0,0,0,0,0,1,0,1,1,0,0,1,0,1,0,0,0,0,0,0,0,0,0,0,0,0,0,1,1,1,1,1,0,0,0,1,0,0,0,1,0,0,0,1,0,0,0,0,0,0,0,0,0,0,0,0,0,0,0,0,0,0,0,1,0,0,0,0,0,1,0,0,0,0,0,0,0
104,2026-06-16,Beni,Lume,Q. Ruwenzori,Homme,26 à 35 ans,Ménage retourné,6 à 12 mois,,Non,,6,1,1,2,2,0,Non,Oui,,0.5,0.5,Oui,3,Modérée,Vivriers diversifiés + élevage,E01,10.0,True,0,0,0,0,0,0,0,1,1,0,1,1,0,0,0,1,0,0,0,0,0,0,0,0,0,0,0,1,1,1,1,1,0,0,0,1,0,0,0,0,0,0,1,1,0,0,0,0,0,0,0,0,0,0,0,0,0,0,0,0,0,0,0,0,0,0,0,0,0,0,0,1,1,0,1,0,0
105,2026-06-16,Beni,Bolema,Lume,Homme,Plus de 41 ans,Autre (ni retourné ni accueil),,,Non,,6,3,1,1,1,0,Oui,,0.3,,0.3,Oui,1,Faible,Riziculteurs diversifiés,E14,9.4,True,0,0,0,0,0,0,0,0,1,1,0,0,0,0,0,0,0,0,0,0,0,0,0,0,0,0,0,1,1,0,1,1,1,0,0,1,0,0,0,1,0,0,0,1,1,1,0,0,0,0,0,1,0,0,0,0,0,0,0,0,0,0,0,0,0,0,0,0,1,0,0,0,0,0,1,0,0
106,2026-06-16,Beni,Malambo,Rughetsi,Femme,36 à 40 ans,Ménage retourné,1 à 2 ans,,Oui,Association,8,1,1,3,3,0,Oui,,0.2,,0.2,Oui,2,Faible,Riziculteurs diversifiés,E05,7.3,True,0,0,0,0,0,1,0,0,0,1,0,0,0,0,0,0,0,0,0,0,0,0,0,0,0,0,0,0,1,1,1,1,0,0,0,1,0,0,0,1,1,0,0,1,1,0,0,0,0,0,0,1,0,0,0,0,0,0,0,0,0,0,0,1,0,0,0,0,0,1,0,0,0,0,0,1,0
107,2026-06-16,Beni,Malambo,Ibatama,Homme,26 à 35 ans,Ménage retourné,plus de 2 ans,,Oui,Association,8,1,1,1,5,0,Oui,,0.2,,0.2,Oui,1,Faible,Vivriers diversifiés + élevage,E04,5.4,True,0,0,0,0,0,1,0,1,1,0,0,1,0,1,0,0,0,0,0,0,0,0,0,0,0,0,0,1,0,1,1,1,0,0,0,1,0,0,0,1,0,0,0,1,0,0,0,0,0,0,0,0,0,0,0,0,0,0,0,0,0,0,0,1,0,0,0,0,0,0,0,0,0,0,0,1,0
108,2026-06-16,Beni,Malambo,Hurara,Femme,Plus de 41 ans,Ménage retourné,plus de 2 ans,,Oui,Organisation Paysanne,9,1,2,5,1,0,Oui,,0.25,,0.25,Oui,2,Faible,Riziculteurs diversifiés,E08,10.5,True,0,0,0,0,0,0,0,0,1,1,0,0,0,0,0,0,0,0,0,0,0,0,0,0,0,0,0,1,1,1,0,0,0,0,0,1,1,1,0,1,1,1,0,1,1,1,0,0,0,0,1,1,0,0,0,0,0,0,0,0,0,0,1,0,0,0,0,0,0,1,0,0,0,1,0,0,0
109,2026-06-16,Beni,Lume,Q. Ruwenzori,Homme,Plus de 41 ans,Ménage retourné,6 à 12 mois,,Non,,6,1,2,0,3,0,Oui,,0.6,,0.6,Oui,2,Faible,Vivriers diversifiés + élevage,E01,11.5,True,0,0,0,0,0,0,0,1,1,0,1,0,0,1,0,1,0,0,0,0,0,0,0,0,0,0,0,1,0,1,1,1,0,0,0,1,0,0,0,1,0,0,0,1,0,0,0,0,0,0,0,0,0,0,0,0,0,0,0,0,0,0,0,0,1,0,0,0,0,0,0,0,1,0,1,0,0
110,2026-06-16,Beni,Lume,Lume,Femme,26 à 35 ans,Ménage retourné,plus de 2 ans,,Oui,Coopérative,8,4,2,1,1,0,Oui,,0.15,,0.15,Oui,2,Faible,Petits producteurs peu diversifiés,E07,12.0,True,0,0,0,0,0,0,0,1,0,0,1,0,0,0,0,0,0,0,0,0,0,0,0,0,0,0,0,1,0,0,0,0,0,0,0,1,0,0,1,1,0,0,1,1,0,0,0,0,0,0,0,0,0,0,0,0,0,0,0,0,0,1,0,0,0,0,0,0,0,1,0,0,0,0,0,1,0
111,2026-06-16,Beni,Malambo,Rughetsi,Femme,36 à 40 ans,Ménage retourné,1 à 2 ans,,Oui,Association,7,1,1,3,2,0,Oui,,0.2,,0.2,Oui,2,Faible,Riziculteurs diversifiés,E05,6.7,True,0,0,0,0,0,1,0,0,0,1,0,0,0,0,0,0,0,0,0,0,0,0,0,0,0,0,0,0,1,1,1,1,0,0,0,1,0,0,0,1,1,0,0,1,1,0,0,0,0,0,0,1,0,0,0,0,0,0,0,0,0,0,0,1,0,0,0,0,0,1,0,0,0,0,0,1,0
112,2026-06-16,Beni,Malambo,Ibatama,Homme,Plus de 41 ans,Ménage retourné,1 à 2 ans,,Oui,Association,12,4,1,5,2,0,Oui,,0.3,,0.3,Oui,1,Faible,Riziculteurs diversifiés,E04,9.1,True,0,0,1,0,0,1,1,1,1,1,1,1,0,0,0,0,0,0,0,0,0,0,0,0,0,0,0,1,1,1,1,1,0,0,0,1,0,0,0,1,0,0,0,1,0,0,0,0,0,0,0,0,0,0,0,0,0,0,0,0,0,0,0,1,0,0,0,0,0,0,0,0,0,1,0,0,0
113,2026-06-16,Beni,Malambo,Rughetsi,Homme,36 à 40 ans,Ménage retourné,1 à 2 ans,,Oui,Association,10,1,1,4,4,0,Oui,,1.0,,1.0,Oui,1,Faible,Riziculteurs diversifiés,E05,8.2,True,0,0,0,0,0,1,0,0,0,1,0,0,0,0,0,0,0,0,0,0,0,0,0,0,0,0,0,1,0,1,1,1,0,0,0,1,0,0,0,1,1,0,0,1,1,0,0,0,0,0,0,1,0,0,0,0,0,0,0,0,0,0,0,1,0,0,0,0,0,0,0,0,0,1,0,0,0
114,2026-06-16,Beni,Malambo,Hurara,Homme,26 à 35 ans,Ménage retourné,plus de 2 ans,,Oui,Autres,3,1,1,1,0,0,Oui,,0.25,,0.25,Oui,0,Faible,Riziculteurs diversifiés,E08,7.8,True,0,0,0,0,0,0,0,0,1,1,0,0,0,0,0,0,0,0,0,0,0,0,0,0,0,0,0,1,1,1,0,0,0,0,0,1,1,0,0,1,1,0,0,1,1,1,0,0,0,0,1,1,0,0,0,0,0,0,0,0,0,0,0,0,0,0,0,0,0,0,0,0,0,0,0,0,0
115,2026-06-16,Beni,Malambo,Rughetsi,Homme,36 à 40 ans,Ménage retourné,1 à 2 ans,,Oui,Association,10,1,4,4,1,0,Oui,,0.2,,0.2,Oui,2,Faible,Riziculteurs diversifiés,E05,216.5,True,0,0,0,0,1,1,1,0,0,1,0,0,0,0,0,0,0,0,0,0,0,0,0,0,0,0,0,1,0,1,1,1,0,0,0,1,0,0,0,1,0,0,0,1,1,0,0,0,0,0,0,1,0,0,0,0,0,0,0,0,0,0,0,1,0,0,0,0,0,0,0,0,0,1,0,1,0
116,2026-06-16,Beni,Lume,Q. Ruwenzori,Femme,26 à 35 ans,Ménage retourné,Moins de 6 mois,,Non,,7,0,2,3,2,0,Non,Oui,,0.03,0.03,Non,5,Élevée,Petits producteurs peu diversifiés,E01,9.0,True,0,0,0,0,0,1,0,1,1,0,1,1,0,0,0,1,0,0,0,0,0,0,0,0,0,0,0,0,0,0,0,0,0,0,0,1,0,0,0,0,0,0,1,1,0,0,0,0,0,0,0,0,0,0,0,0,0,0,0,0,0,0,0,0,0,0,0,0,0,1,0,1,1,0,1,1,0
117,2026-06-16,Beni,Malambo,Rughetsi,Homme,Plus de 41 ans,Ménage retourné,plus de 2 ans,,Non,,8,1,1,3,3,0,Oui,,0.02,,0.02,Oui,2,Faible,Vivriers diversifiés + élevage,E03,5.2,True,0,0,0,0,0,1,0,1,1,0,1,0,0,1,1,0,1,0,1,1,1,1,1,1,0,0,0,1,1,1,0,0,0,0,0,1,0,0,0,1,0,0,0,1,0,0,0,0,0,0,0,0,0,0,0,0,0,0,0,1,0,1,0,1,0,0,0,0,0,0,0,0,0,0,1,1,0
118,2026-06-16,Beni,Malambo,Ibatama,Femme,26 à 35 ans,Ménage retourné,1 à 2 ans,,Oui,Association,10,2,2,4,2,1,Oui,,0.3,,0.3,Oui,3,Modérée,Petits producteurs peu diversifiés,E04,8.0,True,0,0,0,0,0,0,0,1,1,0,1,1,0,1,0,0,0,0,0,0,0,0,0,0,0,0,0,0,0,0,1,0,0,1,0,1,0,0,0,1,0,0,0,1,0,0,0,0,0,0,0,0,0,0,0,0,0,0,0,0,0,0,0,1,0,0,0,0,0,1,1,0,0,1,0,0,0
119,2026-06-16,Beni,Malambo,Ibatama,Homme,Plus de 41 ans,Ménage retourné,1 à 2 ans,,Non,,12,3,2,2,5,0,Oui,,0.4,,0.4,Oui,2,Faible,Vivriers diversifiés + élevage,E04,7.5,True,0,0,0,0,0,1,0,1,0,0,1,1,0,1,1,0,1,0,0,0,1,0,0,0,1,0,0,1,1,1,1,1,0,0,0,1,0,0,0,1,0,0,0,1,0,0,0,0,0,0,0,0,0,0,0,0,0,0,0,0,0,0,0,1,0,0,0,0,0,0,0,0,0,1,1,0,0
120,2026-06-16,Beni,Malambo,Hurara,Femme,Plus de 41 ans,Ménage retourné,plus de 2 ans,,Non,,16,6,4,4,2,0,Oui,,0.5,,0.5,Non,3,Modérée,Petits producteurs peu diversifiés,E08,174.6,True,0,0,1,0,0,0,1,0,0,0,0,0,0,0,0,1,0,0,0,0,0,0,0,0,0,0,0,0,0,0,0,0,0,0,0,1,0,0,0,1,0,0,0,1,0,0,0,0,0,0,0,0,0,0,0,0,0,0,0,0,0,1,0,1,0,0,1,0,0,1,0,0,0,1,1,0,0
121,2026-06-16,Beni,Lume,Autres villages,Homme,Plus de 41 ans,Ménage retourné,6 à 12 mois,,Non,,13,2,3,3,5,2,Oui,,2.5,,2.5,Oui,4,Modérée,Vivriers diversifiés + élevage,E01,9.7,True,0,0,0,0,0,0,0,1,1,0,1,1,0,1,0,1,0,0,0,0,0,0,0,0,0,0,0,1,0,1,1,1,0,0,0,1,0,0,1,0,0,0,1,1,0,0,0,0,0,0,0,0,0,0,0,0,0,0,0,0,1,0,0,0,1,0,0,0,0,0,1,0,1,1,1,0,0
122,2026-06-16,Beni,Malambo,Ibatama,Femme,Plus de 41 ans,Ménage retourné,1 à 2 ans,,Oui,Association,10,4,2,3,1,1,Oui,,0.4,,0.4,Oui,3,Modérée,Vivriers diversifiés + élevage,E04,15.5,True,0,0,0,0,0,0,0,1,1,0,0,1,0,1,1,0,1,0,0,1,1,0,0,0,0,0,0,0,0,1,1,1,0,0,0,1,0,0,0,1,0,0,0,1,0,0,0,0,0,0,0,0,0,0,0,0,0,0,0,0,0,0,0,1,0,0,0,0,0,1,1,0,0,1,0,0,0
123,2026-06-16,Beni,Malambo,Rughetsi,Femme,36 à 40 ans,Ménage retourné,1 à 2 ans,,Oui,Association,9,2,1,6,0,1,Non,Oui,,0.15,0.15,Oui,5,Élevée,Riziculteurs diversifiés,E03,12.9,True,0,0,0,0,0,1,0,1,1,1,0,1,0,1,1,0,1,0,1,0,0,0,0,0,1,0,0,1,1,1,1,1,0,0,0,0,0,0,1,1,0,0,0,1,1,0,0,0,0,0,0,0,0,0,0,0,0,0,0,0,0,0,0,0,0,0,0,0,0,1,1,1,0,1,0,1,0
124,2026-06-16,Beni,Bolema,Q. Ruwenzori,Homme,26 à 35 ans,Famille d'accueil,,9,Non,,10,3,1,1,5,0,Non,Oui,,2.0,2.0,Non,4,Modérée,Riziculteurs diversifiés,E01,10.3,True,0,0,1,0,0,1,1,1,1,1,1,1,0,1,1,1,1,0,0,1,0,0,0,1,0,0,0,0,0,0,0,0,0,0,0,1,0,0,0,0,1,0,0,1,0,0,0,0,0,0,0,0,0,0,0,0,0,0,0,0,1,0,0,0,1,0,0,0,0,0,0,1,0,1,1,0,1
125,2026-06-16,Beni,Malambo,Rughetsi,Femme,36 à 40 ans,Ménage retourné,1 à 2 ans,,Oui,Association,9,2,5,2,0,0,Oui,,0.03,,0.03,Oui,3,Modérée,Vivriers diversifiés + élevage,E03,11.4,True,0,0,0,0,0,0,0,1,1,0,1,0,0,0,0,0,0,0,0,0,0,0,0,0,0,0,0,1,0,1,1,1,0,0,0,1,1,0,0,0,1,0,0,1,0,0,0,0,0,0,0,0,0,0,0,0,0,0,0,1,0,1,0,0,0,0,0,0,0,1,0,0,0,1,0,1,0
126,2026-06-16,Beni,Bolema,Lume,Homme,Plus de 41 ans,Famille d'accueil,,2,Non,,9,2,2,2,3,1,Oui,,2.0,,2.0,Oui,4,Modérée,Vivriers diversifiés + élevage,E01,12.0,True,0,0,1,0,0,1,1,1,1,0,1,1,0,0,0,1,0,0,0,0,0,0,0,0,0,0,0,1,1,1,1,1,0,0,0,1,1,0,0,1,0,0,1,1,0,0,0,0,0,0,0,0,0,0,0,0,0,0,0,0,1,0,0,0,1,0,0,0,0,0,1,0,0,1,1,0,1
127,2026-06-16,Beni,Lume,Q. Ruwenzori,Homme,Plus de 41 ans,Famille d'accueil,,10,Non,,8,2,3,2,1,0,Oui,,1.0,,1.0,Oui,2,Faible,Vivriers diversifiés + élevage,E01,9.5,True,0,0,1,0,0,0,1,1,1,0,1,1,0,1,0,1,0,0,0,0,0,0,0,0,0,0,0,1,1,1,1,1,0,0,0,1,1,0,0,1,1,0,0,1,0,0,0,0,0,0,0,0,0,0,0,0,0,0,0,0,0,0,0,0,1,0,0,0,0,0,0,0,0,0,1,0,1
128,2026-06-16,Beni,Lume,Wiremba,Femme,18 à 25 ans,Ménage retourné,1 à 2 ans,,Non,,5,,1,1,3,0,Non,Oui,,0.1,0.1,Non,4,Modérée,Petits producteurs peu diversifiés,E07,18.9,True,0,0,0,0,0,0,0,1,0,0,1,0,0,0,0,0,0,0,0,0,0,0,0,0,0,0,0,0,0,0,0,0,0,0,0,1,0,0,0,1,0,0,0,1,0,0,0,0,0,0,0,0,0,0,0,0,0,0,0,0,1,0,0,0,0,0,0,0,0,1,0,1,0,0,1,1,0
129,2026-06-16,Beni,Malambo,Kibanda,Homme,Plus de 41 ans,Ménage retourné,6 à 12 mois,,Oui,Association,8,1,1,4,2,0,Non,Oui,,3.0,3.0,Non,2,Faible,Petits producteurs peu diversifiés,E12,335.3,False,0,1,0,0,0,1,1,1,1,0,0,1,0,1,0,0,0,0,0,0,0,0,0,0,0,0,0,0,0,0,0,0,0,0,0,1,0,0,0,1,1,0,0,1,1,0,0,0,1,0,0,0,0,0,0,0,0,0,0,0,0,1,0,0,0,0,0,0,0,0,0,1,1,0,0,0,0
130,2026-06-16,Beni,Lume,Q. Ruwenzori,Homme,Plus de 41 ans,Famille d'accueil,,3,Non,,10,3,,4,3,2,Oui,,2.0,,2.0,Oui,4,Modérée,Vivriers diversifiés + élevage,E01,12.5,True,0,0,1,0,0,0,1,1,1,0,1,1,0,1,1,1,1,0,0,0,0,0,1,1,0,0,0,1,0,1,1,1,0,0,0,1,0,0,0,1,0,0,0,1,0,0,0,0,0,0,0,0,0,0,0,0,0,0,0,0,0,0,0,0,0,0,0,0,0,0,1,0,0,1,1,0,1
131,2026-06-16,Beni,Malambo,Ibatama,Homme,26 à 35 ans,Ménage retourné,1 à 2 ans,,Oui,Association,8,3,3,1,1,1,Oui,,0.2,,0.2,Oui,2,Faible,Vivriers diversifiés + élevage,E04,25.7,True,0,0,0,0,0,0,0,1,1,0,0,1,1,1,0,0,0,0,0,0,0,0,0,0,0,0,0,1,1,1,1,1,0,1,0,1,0,0,0,1,1,0,1,1,0,0,0,0,0,0,0,0,0,0,0,0,0,0,0,0,1,0,0,1,0,0,0,0,0,0,1,0,0,0,0,1,0
132,2026-06-16,Beni,Lume,Wiremba,Femme,Plus de 41 ans,Ménage retourné,plus de 2 ans,,Oui,Coopérative,10,2,2,0,6,0,Oui,,0.15,,0.15,Non,3,Modérée,Petits producteurs peu diversifiés,E07,10.6,True,0,0,0,0,0,0,0,1,0,0,1,1,0,1,1,0,0,0,0,0,0,1,0,0,0,0,0,0,0,0,0,0,0,0,0,1,0,0,0,1,0,0,0,1,1,0,0,0,0,0,0,0,0,0,0,0,0,0,0,1,0,1,0,0,0,0,0,0,0,1,0,0,0,1,0,1,0
133,2026-06-16,Beni,Malambo,Rughetsi,Homme,36 à 40 ans,Ménage retourné,1 à 2 ans,,Oui,Association,10,2,2,3,3,0,Oui,,0.5,,0.5,Oui,1,Faible,Vivriers diversifiés + élevage,E03,8.4,True,0,0,0,0,0,1,0,1,1,0,1,1,0,1,0,1,0,0,0,0,0,0,0,0,0,0,0,1,1,1,0,0,0,0,0,1,1,0,0,1,0,0,0,1,0,0,0,0,0,0,0,0,0,0,0,0,0,0,0,0,1,0,0,1,0,0,0,0,0,0,0,0,0,1,0,0,0
134,2026-06-16,Beni,Malambo,Kibanda,Femme,Plus de 41 ans,Ménage retourné,6 à 12 mois,,Oui,Association,3,0,1,2,0,0,Non,Oui,,2.0,2.0,Non,3,Modérée,Petits producteurs peu diversifiés,E12,323.1,False,0,1,0,0,0,1,1,1,1,0,0,1,0,1,0,0,0,0,0,0,0,0,0,0,0,0,0,0,0,0,0,0,0,0,0,1,0,0,0,1,1,0,1,1,1,0,0,0,1,0,0,0,0,0,0,0,0,0,0,0,0,1,0,0,0,0,0,1,0,1,0,1,1,0,0,0,0
135,2026-06-16,Beni,Lume,Wiremba,Femme,18 à 25 ans,Ménage retourné,1 à 2 ans,,Oui,Association,4,1,1,0,2,0,Non,Oui,,0.1,0.1,Non,3,Modérée,Petits producteurs peu diversifiés,E07,8.4,True,0,0,0,0,0,0,0,1,0,0,1,0,0,0,0,0,0,0,0,0,0,0,0,0,0,0,0,0,0,0,0,0,0,0,0,0,0,0,1,1,0,0,0,1,1,0,0,0,0,0,0,0,0,0,0,0,0,0,0,0,1,0,0,0,0,0,0,1,0,1,0,1,0,0,0,1,0
136,2026-06-16,Beni,Malambo,Rughetsi,Homme,Plus de 41 ans,Ménage retourné,1 à 2 ans,,Oui,Association,8,1,1,3,3,0,Oui,,1.0,,1.0,Oui,0,Faible,Vivriers diversifiés + élevage,E03,8.0,True,0,0,0,0,0,1,0,1,0,0,1,0,0,1,0,1,0,0,0,0,0,0,0,0,0,0,0,1,1,1,1,1,0,0,0,1,1,0,0,1,1,0,0,1,1,0,0,0,0,0,0,0,0,0,0,0,0,0,0,0,1,0,0,1,0,0,0,0,0,0,0,0,0,0,0,0,0
137,2026-06-16,Beni,Lume,Q. Ruwenzori,Homme,Plus de 41 ans,Ménage retourné,Moins de 6 mois,,Non,,9,4,1,3,1,0,Oui,,0.5,,0.5,Oui,3,Modérée,Vivriers diversifiés + élevage,E01,16.0,True,0,0,0,0,0,1,0,1,1,0,0,1,0,1,0,1,0,0,0,0,0,0,0,0,0,0,0,1,0,1,1,1,0,0,0,1,1,0,0,1,1,0,0,1,0,0,0,0,0,0,0,0,0,0,0,0,0,0,0,1,0,0,0,0,1,0,0,0,0,0,0,0,1,1,1,0,0
138,2026-06-16,Beni,Malambo,Rughetsi,Homme,36 à 40 ans,Ménage retourné,plus de 2 ans,,Oui,Association,8,1,1,2,4,0,Oui,,0.05,,0.05,Oui,1,Faible,Petits producteurs peu diversifiés,E03,7.5,True,0,0,0,0,1,1,1,1,0,0,1,0,0,0,0,0,0,0,0,0,0,0,0,0,0,0,0,1,0,1,0,0,0,0,0,1,0,0,0,1,0,0,0,1,1,0,0,0,0,0,0,0,0,0,0,0,0,0,0,0,1,0,0,1,0,0,0,0,0,0,0,0,0,0,0,1,0
139,2026-06-16,Beni,Malambo,Rughetsi,Femme,26 à 35 ans,Ménage retourné,1 à 2 ans,,Oui,Association,6,1,1,4,0,0,Oui,,0.4,,0.4,Oui,1,Faible,Riziculteurs diversifiés,E04,1351.0,True,0,0,0,0,0,0,0,1,1,1,1,1,0,1,0,0,0,0,0,0,0,0,0,0,0,0,0,1,1,1,1,1,0,0,0,1,0,0,0,1,1,0,1,1,0,0,0,0,0,0,0,0,0,0,0,0,0,0,0,1,0,0,0,1,0,0,0,0,0,1,0,0,0,0,0,0,0
140,2026-06-16,Beni,Lume,Wiremba,Homme,Plus de 41 ans,Ménage retourné,plus de 2 ans,,Oui,Association,10,3,3,4,0,1,Oui,,0.5,,0.5,Oui,2,Faible,Petits producteurs peu diversifiés,E07,6.5,True,0,0,0,0,0,0,0,1,0,0,1,0,0,1,1,0,0,0,0,1,0,0,0,0,0,0,0,0,1,0,1,1,0,0,0,1,1,0,0,1,1,0,0,1,1,0,0,0,0,0,0,0,0,0,0,0,0,0,0,1,0,0,0,0,0,0,0,0,0,0,1,0,0,1,0,0,0
141,2026-06-16,Beni,Malambo,Rughetsi,Homme,36 à 40 ans,Ménage retourné,plus de 2 ans,,Oui,Association,8,1,1,2,4,0,Oui,,0.5,,0.5,Oui,0,Faible,Vivriers diversifiés + élevage,E03,6.0,True,0,0,0,0,0,1,0,1,1,0,1,0,1,1,1,0,1,0,0,1,1,0,1,1,1,0,0,1,1,1,1,1,0,0,0,1,1,0,0,1,0,0,0,1,0,0,0,0,0,0,0,0,0,0,0,0,0,0,0,0,1,0,0,1,0,0,0,0,0,0,0,0,0,0,0,0,0
142,2026-06-16,Beni,Lume,Q. Ruwenzori,Homme,Plus de 41 ans,Ménage retourné,6 à 12 mois,,Non,,8,2,2,2,2,0,Oui,,1.5,,1.5,Oui,2,Faible,Vivriers diversifiés + élevage,E01,10.9,True,0,0,0,0,0,1,0,1,0,0,1,1,0,1,0,1,0,0,0,0,0,0,0,0,0,0,0,1,0,1,1,1,0,1,0,1,1,0,0,1,1,0,0,1,0,0,0,0,0,0,0,0,0,0,0,0,0,0,0,1,0,0,0,0,0,0,0,0,0,0,0,0,1,0,1,0,0
143,2026-06-16,Beni,Malambo,Rughetsi,Homme,36 à 40 ans,Ménage retourné,plus de 2 ans,,Oui,Association,4,1,1,1,1,0,Oui,,0.05,,0.05,Oui,1,Faible,Vivriers diversifiés + élevage,E03,7.2,True,0,0,0,0,0,1,0,1,1,0,1,0,0,0,0,0,0,0,0,0,0,0,0,0,0,0,0,1,1,1,1,1,0,1,0,1,0,0,0,1,0,0,0,1,0,0,0,0,0,0,0,0,0,0,0,0,0,0,0,0,1,0,0,1,0,0,0,0,0,0,0,0,0,0,0,1,0
144,2026-06-16,Beni,Lume,Wiremba,Femme,Plus de 41 ans,Ménage retourné,plus de 2 ans,,Oui,Association,14,4,3,4,3,0,Oui,,0.25,,0.25,Non,2,Faible,Petits producteurs peu diversifiés,E07,14.3,True,0,0,0,0,0,0,0,1,1,0,1,0,0,0,0,0,0,0,0,0,0,0,0,0,0,0,0,0,0,0,0,0,0,0,0,1,0,0,0,1,0,0,0,1,0,0,0,0,0,0,0,0,0,0,0,0,0,0,0,0,1,1,0,0,0,0,0,0,0,1,0,0,0,1,0,0,0
145,2026-06-16,Beni,Malambo,Rughetsi,Homme,26 à 35 ans,Ménage retourné,plus de 2 ans,,Oui,Association,5,1,1,2,1,0,Oui,,0.05,,0.05,Oui,1,Faible,Vivriers diversifiés + élevage,E03,11.7,True,0,0,0,0,0,1,0,1,1,0,1,0,0,0,0,1,0,0,0,0,0,0,0,0,0,0,0,1,1,1,0,0,0,0,0,1,0,0,0,1,0,0,0,1,0,0,0,0,0,0,0,0,0,0,0,0,0,0,0,0,1,1,0,0,0,0,0,0,0,0,0,0,0,0,0,1,0
146,2026-06-16,Beni,Lume,Q. Ruwenzori,Homme,36 à 40 ans,Ménage retourné,Moins de 6 mois,,Non,,9,2,3,1,3,0,Non,Oui,,1.0,1.0,Non,4,Modérée,Petits producteurs peu diversifiés,E01,11.1,True,0,0,0,0,0,0,0,1,1,0,1,0,0,1,0,1,0,0,0,0,0,0,0,0,0,0,0,0,0,0,0,0,0,0,0,1,0,0,0,1,1,0,1,1,0,0,0,0,0,0,0,0,0,0,0,0,0,0,0,1,0,0,0,0,1,0,0,0,0,0,0,1,1,1,1,0,0
147,2026-06-16,Beni,Lume,Wiremba,Femme,26 à 35 ans,Ménage retourné,plus de 2 ans,,Oui,Association,11,3,3,2,3,0,Non,Oui,,0.25,0.25,Oui,3,Modérée,Petits producteurs peu diversifiés,E07,15.5,True,0,0,0,0,0,1,0,1,0,0,1,0,0,0,1,0,1,0,0,0,0,0,0,0,0,0,0,0,0,1,0,0,0,0,0,1,0,0,0,1,0,0,0,1,0,0,0,0,0,0,0,0,0,0,0,0,0,0,0,0,1,0,0,0,0,0,0,0,0,1,0,1,0,1,0,0,0
148,2026-06-16,Beni,Lume,Q. Ruwenzori,Homme,36 à 40 ans,Ménage retourné,6 à 12 mois,,Non,,9,4,1,3,1,0,Oui,,1.0,,1.0,Oui,3,Modérée,Vivriers diversifiés + élevage,E01,8.5,True,0,0,0,0,0,1,0,1,1,0,1,0,0,0,0,1,0,0,0,0,0,0,0,0,0,0,0,1,0,1,1,1,0,0,0,1,0,0,0,1,1,0,1,1,0,0,0,0,1,0,1,0,0,0,0,0,0,0,0,0,0,0,0,0,1,0,0,0,0,0,0,0,1,1,1,0,0
149,2026-06-16,Beni,Malambo,Rughetsi,Homme,Plus de 41 ans,Ménage retourné,plus de 2 ans,,Oui,Association,5,1,1,2,1,0,Oui,,0.5,,0.5,Oui,0,Faible,Vivriers diversifiés + élevage,E03,23.6,True,0,0,0,0,0,0,0,1,0,0,1,0,0,0,0,1,0,0,0,0,0,0,0,0,0,0,0,1,1,1,0,0,0,0,0,1,1,0,0,1,1,0,1,1,0,0,0,0,0,0,0,0,0,0,0,0,0,0,0,0,1,0,0,0,0,1,0,0,0,0,0,0,0,0,0,0,0
150,2026-06-16,Beni,Lume,Q. Ruwenzori,Homme,Plus de 41 ans,Ménage retourné,Moins de 6 mois,,Non,,12,6,1,4,1,0,Oui,,1.0,,1.0,Oui,3,Modérée,Vivriers diversifiés + élevage,E01,14.0,True,0,0,0,0,0,0,0,1,1,0,0,1,1,1,0,1,0,0,0,0,0,0,0,0,0,0,0,1,0,1,1,1,1,0,0,1,1,0,0,1,0,1,0,1,0,0,0,1,1,0,1,0,0,0,0,0,0,0,0,0,0,0,0,0,1,0,0,0,0,0,0,0,1,1,1,0,0
151,2026-06-16,Beni,Lume,Wiremba,Femme,18 à 25 ans,Ménage retourné,plus de 2 ans,,Oui,Association,5,1,1,1,2,0,Non,Oui,,0.1,0.1,Non,3,Modérée,Petits producteurs peu diversifiés,E07,6.9,True,0,0,0,0,0,1,0,1,0,0,1,0,0,0,0,0,0,0,0,0,0,0,0,0,0,0,0,0,0,0,0,0,0,0,0,1,0,0,0,1,0,0,0,1,0,0,0,0,0,0,0,0,0,0,0,0,0,0,0,0,1,1,0,0,0,0,0,1,0,1,0,1,0,0,0,1,0
152,2026-06-16,Beni,Lume,Wiremba,Femme,26 à 35 ans,Ménage retourné,plus de 2 ans,,Oui,Association,7,,1,3,3,0,Non,Oui,,0.2,0.2,Oui,3,Modérée,Petits producteurs peu diversifiés,E07,102.9,True,0,0,0,0,0,0,0,1,0,0,1,1,0,0,1,0,1,0,0,0,0,0,0,1,0,0,0,0,0,1,0,0,0,0,0,1,0,0,0,1,0,0,0,1,0,0,0,0,0,0,0,0,0,0,0,0,0,0,0,0,1,0,0,0,0,0,0,1,0,1,0,1,0,0,0,1,0
153,2026-06-16,Beni,Lume,Q. Ruwenzori,Homme,26 à 35 ans,Ménage retourné,Moins de 6 mois,,Non,,13,3,1,5,4,2,Oui,,0.5,,0.5,Non,4,Modérée,Petits producteurs peu diversifiés,E01,17.1,True,0,0,1,0,0,0,1,1,1,0,1,1,0,0,0,1,0,0,0,0,0,0,0,0,0,0,0,0,0,0,0,0,0,0,0,1,1,0,0,1,1,0,0,1,0,0,0,0,0,0,0,0,0,0,0,0,0,0,0,1,0,0,0,0,0,0,0,0,0,0,1,0,1,1,1,0,0
154,2026-06-16,Beni,Malambo,Rughetsi,Homme,Plus de 41 ans,Ménage retourné,plus de 2 ans,,Oui,Association,8,1,4,1,2,0,Oui,,1.0,,1.0,Oui,0,Faible,Vivriers diversifiés + élevage,E03,21.3,True,0,0,0,0,0,1,0,1,1,0,1,1,0,0,0,1,0,0,0,0,0,0,0,0,0,0,0,1,0,1,0,0,0,0,0,1,0,0,0,1,0,0,0,1,0,0,1,0,0,0,0,0,0,0,0,0,0,0,0,0,0,1,0,0,0,0,0,0,0,0,0,0,0,0,0,0,0
155,2026-06-16,Beni,Lume,Wiremba,Femme,18 à 25 ans,Autre (ni retourné ni accueil),,,Non,,7,1,1,2,3,0,Non,Non,,,,Non,4,Modérée,Petits producteurs peu diversifiés,E07,141.5,True,0,0,0,0,0,1,0,0,0,0,0,0,0,0,0,0,0,0,0,0,0,0,0,0,0,0,0,0,0,0,0,0,0,0,0,1,0,0,0,1,0,0,0,1,0,0,0,0,0,0,0,0,0,0,0,0,0,0,0,1,0,0,0,0,0,0,0,0,0,1,0,1,0,0,1,1,0
156,2026-06-16,Beni,Malambo,Hurara,Femme,26 à 35 ans,Ménage retourné,1 à 2 ans,,Non,,4,1,1,0,2,0,Oui,,0.2,,0.2,Non,3,Modérée,Petits producteurs peu diversifiés,E08,122.2,True,0,0,0,0,0,0,0,0,1,1,0,0,0,0,0,0,0,0,0,0,0,0,0,0,0,0,0,0,0,0,0,0,0,0,0,1,0,0,0,1,0,1,0,1,0,0,0,0,0,0,0,1,0,0,0,0,0,0,0,0,0,1,1,0,0,0,0,0,0,1,0,0,0,0,1,1,0
157,2026-06-16,Beni,Malambo,Hurara,Homme,Plus de 41 ans,Ménage retourné,plus de 2 ans,,Oui,Association,8,2,1,1,4,0,Oui,,1.0,,1.0,Oui,0,Faible,Riziculteurs diversifiés,E11,3235.9,True,0,0,0,0,0,0,0,1,1,1,1,1,0,1,1,0,0,0,0,0,0,1,1,0,0,1,0,1,1,1,0,0,0,0,0,1,1,0,0,1,1,0,0,1,1,1,0,0,1,0,1,1,0,0,0,0,0,0,0,0,0,0,0,0,0,0,0,0,0,0,0,0,0,0,0,0,0
158,2026-06-16,Beni,Lume,Q. Ruwenzori,Homme,26 à 35 ans,Ménage retourné,Moins de 6 mois,,Non,,5,2,1,2,,0,Non,Oui,,0.4,0.4,Oui,3,Modérée,Vivriers diversifiés + élevage,E01,8.8,True,0,0,1,0,0,1,1,1,1,0,1,1,0,1,0,1,0,0,0,0,0,0,0,0,0,0,0,1,1,0,1,1,0,0,0,1,0,0,1,1,1,0,1,1,0,0,0,0,1,0,1,0,0,1,0,0,0,0,0,0,0,0,0,0,1,0,0,0,0,0,0,1,1,0,1,0,0
159,2026-06-16,Beni,Malambo,Rughetsi,Homme,36 à 40 ans,Ménage retourné,1 à 2 ans,,Oui,Association,10,1,1,4,4,0,Oui,,0.2,,0.2,Oui,2,Faible,Riziculteurs diversifiés,E05,24.8,True,0,0,0,0,1,1,1,0,0,1,0,0,0,0,0,0,0,0,0,0,0,0,0,0,0,0,0,1,0,1,1,1,0,0,0,1,0,0,0,1,0,0,0,1,1,0,0,0,0,0,0,1,0,0,0,0,0,0,0,0,0,0,0,1,0,0,0,0,0,0,0,0,0,1,0,1,0
160,2026-06-16,Beni,Lume,Wiremba,Femme,18 à 25 ans,Ménage retourné,6 à 12 mois,,Non,,8,3,2,1,2,0,Non,Non,,,,Non,5,Élevée,Petits producteurs peu diversifiés,E07,122.5,True,0,0,0,0,0,1,0,0,0,0,0,0,0,0,0,0,0,0,0,0,0,0,0,0,0,0,0,0,0,0,0,0,0,0,0,0,0,0,1,1,0,0,0,1,0,0,0,0,0,0,0,0,0,0,0,0,0,0,0,0,1,0,0,0,0,0,0,0,0,1,0,1,1,0,1,1,0
161,2026-06-16,Beni,Malambo,Rughetsi,Femme,26 à 35 ans,Ménage retourné,1 à 2 ans,,Oui,Association,6,0,2,1,3,0,Non,Oui,,0.4,0.4,Oui,2,Faible,Petits producteurs peu diversifiés,E03,9.7,True,0,0,0,0,0,0,0,1,1,0,1,0,0,1,1,0,1,0,1,0,1,0,0,1,1,0,0,0,0,1,0,0,0,0,0,1,1,0,0,1,0,0,0,1,0,0,0,0,0,0,0,0,0,0,0,0,0,0,0,0,1,0,0,0,0,1,0,0,0,1,0,1,0,0,0,0,0
162,2026-06-16,Beni,Lume,Q. Ruwenzori,Homme,26 à 35 ans,Ménage retourné,Moins de 6 mois,,Oui,Coopérative,11,3,3,3,2,0,Oui,,2.0,,2.0,Oui,2,Faible,Vivriers diversifiés + élevage,E01,11.1,True,0,0,0,0,0,1,0,1,1,0,1,1,0,1,0,1,0,0,0,0,0,0,0,0,0,0,0,1,0,1,1,1,0,0,0,1,1,0,1,1,1,0,1,1,0,0,0,0,0,0,0,0,0,0,0,0,0,0,0,0,1,0,0,0,0,0,0,0,0,0,0,0,1,1,0,0,0
163,2026-06-16,Beni,Malambo,Rughetsi,Femme,26 à 35 ans,Ménage retourné,plus de 2 ans,,Oui,Association,7,1,1,2,3,0,Oui,,0.5,,0.5,Oui,1,Faible,Vivriers diversifiés + élevage,E03,7.6,True,0,0,0,0,0,1,0,1,1,0,1,1,0,0,1,1,1,0,1,0,1,1,1,1,0,0,0,1,0,1,1,1,0,0,0,1,1,0,0,1,1,0,0,1,1,0,0,0,0,0,0,0,0,0,0,0,0,0,0,0,1,0,0,0,0,0,0,0,0,1,0,0,0,0,0,0,0
164,2026-06-16,Beni,Lume,Autres villages,Homme,18 à 25 ans,Ménage retourné,Moins de 6 mois,,Non,,3,1,1,1,,0,Oui,,0.5,,0.5,Oui,2,Faible,Riziculteurs diversifiés,E01,10.4,True,0,0,0,0,0,0,0,1,1,1,1,1,0,0,0,1,0,0,0,0,0,0,0,0,0,0,0,1,1,1,1,0,1,0,0,1,1,0,1,1,0,0,1,1,0,0,0,0,0,0,0,0,0,1,0,0,0,0,0,0,0,0,0,0,1,0,0,0,0,0,0,0,1,0,1,0,0
165,2026-06-16,Beni,Malambo,Rughetsi,Homme,Plus de 41 ans,Ménage retourné,plus de 2 ans,,Oui,Association,7,1,2,3,1,0,Oui,,0.5,,0.5,Oui,0,Faible,Vivriers diversifiés + élevage,E03,19.9,True,0,0,0,0,0,0,0,1,1,0,1,1,1,0,0,1,0,0,0,0,0,0,0,0,0,0,0,1,0,1,1,1,0,0,0,1,0,0,0,1,0,0,0,1,0,0,0,0,0,0,0,0,0,0,0,0,0,0,0,0,1,0,0,1,0,0,1,0,0,0,0,0,0,0,0,0,0
166,2026-06-16,Beni,Malambo,Rughetsi,Homme,36 à 40 ans,Ménage retourné,1 à 2 ans,,Oui,Association,10,1,1,4,4,0,Oui,,0.5,,0.5,Oui,1,Faible,Riziculteurs diversifiés,E05,13.3,True,0,0,0,0,0,1,0,0,0,1,0,0,0,0,0,0,0,0,0,0,0,0,0,0,0,0,0,1,0,1,1,1,0,0,0,1,0,0,0,1,0,0,0,1,1,0,0,0,0,0,0,1,0,0,0,0,0,0,0,0,0,0,0,1,0,0,0,0,0,0,0,0,0,1,0,0,0
167,2026-06-16,Beni,Lume,Wiremba,Femme,18 à 25 ans,Ménage retourné,plus de 2 ans,,Oui,Association,9,2,3,1,3,0,Non,Non,,,,Non,4,Modérée,Petits producteurs peu diversifiés,E07,101.5,True,0,0,0,0,0,0,0,0,0,0,0,0,0,0,0,0,0,0,0,0,0,0,0,0,0,0,0,0,0,0,0,0,0,0,0,1,0,0,0,1,0,0,0,1,0,0,0,0,0,0,0,0,0,0,0,0,0,0,0,1,0,1,0,0,0,0,0,0,0,1,0,1,0,1,0,1,0
168,2026-06-16,Beni,Malambo,Kibanda,Homme,Plus de 41 ans,Ménage retourné,6 à 12 mois,,Oui,Association,3,1,1,1,0,0,Non,Oui,,,,Non,3,Modérée,Petits producteurs peu diversifiés,E12,196.9,False,0,1,0,1,0,1,2,1,1,0,0,1,0,1,0,0,0,0,0,0,0,0,0,0,0,0,0,0,0,0,0,0,0,0,0,1,0,0,0,1,1,0,1,1,1,0,0,0,0,0,0,0,0,0,0,0,0,0,0,0,1,1,0,0,0,0,0,0,0,0,0,1,1,0,0,1,0
169,2026-06-16,Beni,Lume,Wiremba,Femme,18 à 25 ans,Ménage retourné,1 à 2 ans,,Oui,Association,9,1,3,2,3,0,Non,Non,,,,Non,4,Modérée,Petits producteurs peu diversifiés,E07,94.1,True,0,0,0,0,0,0,0,0,0,0,0,0,0,0,0,0,0,0,0,0,0,0,0,0,0,0,0,0,0,0,0,0,0,0,0,0,0,0,1,1,0,0,0,1,0,0,0,0,0,0,0,0,0,0,0,0,0,0,0,0,1,0,0,0,0,0,0,0,0,1,0,1,0,1,0,1,0
170,2026-06-16,Beni,Malambo,Rughetsi,Homme,36 à 40 ans,Ménage retourné,1 à 2 ans,,Oui,Association,6,1,1,0,4,0,Oui,,0.5,,0.5,Oui,0,Faible,Riziculteurs diversifiés,E05,8.3,True,0,0,0,0,0,0,0,0,0,1,0,0,0,0,0,0,0,0,0,0,0,0,0,0,0,0,0,1,0,1,1,1,0,0,0,1,0,0,0,1,0,0,0,1,1,0,0,0,0,0,0,1,0,0,0,0,0,0,0,0,0,0,0,1,0,0,0,0,0,0,0,0,0,0,0,0,0
171,2026-06-16,Beni,Malambo,Kibanda,Femme,Plus de 41 ans,Ménage retourné,1 à 2 ans,,Oui,Organisation Paysanne,11,1,1,1,8,0,Oui,,3.0,,3.0,Oui,2,Faible,Vivriers diversifiés + élevage,E12,186.0,False,0,1,0,0,0,1,1,1,1,0,0,1,0,1,0,0,0,0,0,0,0,0,0,0,0,0,0,0,0,1,0,0,0,0,0,1,1,0,0,1,1,0,1,1,1,0,0,0,1,0,0,0,0,0,0,0,0,0,0,0,0,1,0,0,0,0,0,0,0,1,0,0,0,1,0,0,0
172,2026-06-16,Beni,Malambo,Rughetsi,Homme,36 à 40 ans,Ménage retourné,1 à 2 ans,,Oui,Association,10,1,1,4,4,0,Oui,,0.5,,0.5,Oui,1,Faible,Riziculteurs diversifiés,E05,17.4,True,0,0,0,0,0,1,0,0,0,1,0,0,0,0,0,0,0,0,0,0,0,0,0,0,0,0,0,1,0,1,1,1,0,0,0,1,0,0,0,1,0,0,0,1,1,0,0,0,0,0,0,1,0,0,0,0,0,0,0,0,0,0,0,1,0,0,0,0,0,0,0,0,0,1,0,0,0
173,2026-06-16,Beni,Malambo,Rughetsi,Homme,Plus de 41 ans,Ménage retourné,plus de 2 ans,,Oui,Association,6,1,1,3,1,0,Oui,,1.0,,1.0,Oui,0,Faible,Vivriers diversifiés + élevage,E03,7.1,True,0,0,0,0,0,1,0,1,0,0,1,1,0,0,1,1,1,1,1,0,1,1,1,1,1,0,0,1,0,1,1,1,0,0,0,1,1,0,0,1,0,0,0,1,0,0,0,0,0,0,0,0,0,0,0,0,0,0,0,0,1,0,1,1,0,0,1,0,0,0,0,0,0,0,0,0,0
174,2026-06-16,Beni,Malambo,Kibanda,Homme,26 à 35 ans,Ménage retourné,1 à 2 ans,,Oui,Association,4,1,1,1,1,0,Oui,,0.4,,0.4,Oui,0,Faible,Vivriers diversifiés + élevage,E12,163.9,False,0,1,0,0,0,1,1,1,1,0,0,1,0,1,1,0,0,0,1,0,0,1,0,1,1,1,0,0,0,1,0,0,0,0,0,1,1,0,0,1,1,0,1,1,1,0,0,0,1,0,1,0,0,0,0,0,0,0,0,1,0,1,0,0,0,0,0,0,0,0,0,0,0,0,0,0,0
175,2026-06-16,Beni,Lume,Wiremba,Homme,26 à 35 ans,Ménage retourné,plus de 2 ans,,Oui,Association,6,1,2,2,1,0,Non,Oui,,0.15,0.15,Oui,2,Faible,Petits producteurs peu diversifiés,E07,75.6,True,0,0,0,0,0,0,0,1,0,0,1,0,0,1,0,0,0,0,0,0,0,0,0,0,0,0,0,1,1,0,0,0,0,0,0,1,1,0,0,1,0,0,0,1,1,0,0,0,0,0,0,0,0,0,0,0,0,0,0,0,1,0,0,0,1,0,0,0,0,0,0,1,0,0,0,1,0
176,2026-06-16,Beni,Malambo,Kibanda,Homme,Plus de 41 ans,Ménage retourné,1 à 2 ans,,Oui,Organisation Paysanne,8,1,1,2,4,0,Oui,,4.0,,4.0,Oui,0,Faible,Vivriers diversifiés + élevage,E12,165.3,False,0,1,0,0,0,1,1,1,1,0,0,1,0,1,1,0,0,0,1,0,0,1,0,1,1,1,0,1,0,1,1,1,0,0,0,1,1,0,0,1,1,0,1,1,1,0,0,0,1,0,0,0,0,0,0,0,0,0,0,1,0,1,0,0,0,0,0,0,0,0,0,0,0,0,0,0,0
177,2026-06-16,Beni,Malambo,Kibanda,Femme,Plus de 41 ans,Ménage retourné,1 à 2 ans,,Oui,Organisation Paysanne,7,0,1,3,3,0,Oui,,5.0,,5.0,Oui,1,Faible,Vivriers diversifiés + élevage,E12,156.0,False,0,1,0,0,0,0,1,1,1,0,1,1,0,1,1,0,0,0,1,0,1,1,0,1,1,0,0,0,0,1,0,0,0,0,0,1,0,0,0,1,1,0,1,1,1,0,0,0,1,0,0,0,0,0,0,0,0,0,0,0,0,1,0,0,0,0,0,0,0,1,0,0,0,0,0,0,0
178,2026-06-16,Beni,Malambo,Hurara,Homme,36 à 40 ans,Ménage retourné,plus de 2 ans,,Oui,Association,8,1,1,2,4,0,Oui,,0.25,,0.25,Oui,0,Faible,Riziculteurs diversifiés,E11,3152.6,True,0,0,0,0,0,0,0,1,1,1,1,0,0,0,0,0,0,0,0,0,0,0,0,0,0,0,0,1,0,1,0,0,0,0,0,1,1,0,1,1,1,1,0,1,1,1,0,0,0,0,0,0,0,0,0,0,0,0,0,0,0,0,0,0,0,0,0,0,0,0,0,0,0,0,0,0,0
179,2026-06-16,Beni,Malambo,Kibanda,Femme,Plus de 41 ans,Ménage retourné,1 à 2 ans,,Oui,Organisation Paysanne,9,0,1,4,4,0,Non,Oui,,2.0,2.0,Non,3,Modérée,Petits producteurs peu diversifiés,E12,159.7,False,0,1,0,0,0,1,1,1,1,0,0,1,0,1,1,0,0,0,1,0,0,1,0,0,0,0,0,0,0,0,0,0,0,0,0,1,0,0,0,1,1,0,1,1,1,0,0,0,1,0,0,0,0,0,0,0,0,0,0,0,0,1,0,0,0,0,0,0,0,1,0,1,0,1,0,0,0
180,2026-06-16,Beni,Lume,Lume,Homme,26 à 35 ans,Ménage retourné,plus de 2 ans,,Oui,Association,7,3,2,2,0,0,Non,Oui,,0.2,0.2,Oui,2,Faible,Petits producteurs peu diversifiés,E07,18.7,True,0,0,0,0,0,0,0,1,0,0,1,0,0,1,0,0,0,0,0,0,0,0,0,0,0,0,0,0,0,1,0,0,0,0,0,1,1,0,0,1,0,0,0,1,1,0,0,0,0,0,0,0,0,0,0,0,0,0,0,1,1,1,0,0,0,0,0,0,0,0,0,1,0,0,0,1,0
181,2026-06-16,Beni,Malambo,Hurara,Homme,26 à 35 ans,Ménage retourné,plus de 2 ans,,Non,,4,1,1,2,0,0,Oui,,0.2,,0.2,Non,2,Faible,Petits producteurs peu diversifiés,E08,6.4,True,0,0,0,0,0,0,0,0,1,1,0,0,0,0,0,0,0,0,0,0,0,0,0,0,0,0,0,0,0,0,0,0,0,0,0,1,0,0,0,1,0,0,1,1,0,0,0,0,0,0,1,1,0,0,0,0,0,0,0,0,0,0,1,0,0,0,0,0,0,0,0,0,0,0,1,1,0
182,2026-06-16,Beni,Malambo,Hurara,Homme,Plus de 41 ans,Ménage retourné,plus de 2 ans,,Non,,8,3,2,1,2,0,Oui,,1.0,,1.0,Oui,1,Faible,Riziculteurs diversifiés,E08,7.6,True,0,0,0,0,0,0,0,0,1,1,0,0,0,0,0,0,0,0,0,0,0,0,0,0,0,0,0,1,1,1,1,1,0,0,0,1,1,0,1,1,0,0,1,1,0,0,0,0,0,0,1,1,0,0,0,0,0,0,0,0,0,1,1,0,0,0,0,0,0,0,0,0,0,0,1,0,0
183,2026-06-16,Beni,Malambo,Hurara,Homme,36 à 40 ans,Ménage retourné,plus de 2 ans,,Oui,Association,9,1,1,5,2,0,Oui,,2.0,,2.0,Oui,1,Faible,Riziculteurs diversifiés,E11,3096.4,True,0,0,0,0,0,0,0,0,1,1,1,0,0,0,0,1,0,0,0,0,0,0,0,0,0,0,0,1,1,1,1,0,0,0,0,1,1,0,0,1,1,0,0,1,1,1,0,0,0,0,0,0,0,0,0,0,0,0,0,0,0,0,0,0,0,1,0,0,0,0,0,0,0,1,0,0,0
184,2026-06-16,Beni,Malambo,Hurara,Homme,36 à 40 ans,Ménage retourné,plus de 2 ans,,Non,,7,3,2,0,2,0,Oui,,0.3,,0.3,Oui,1,Faible,Riziculteurs diversifiés,E08,6.1,True,0,0,0,0,0,0,0,1,1,1,0,0,0,0,0,0,0,0,0,0,0,0,0,0,0,0,0,1,0,1,0,0,0,0,0,1,1,1,0,1,0,1,1,1,0,0,0,0,0,0,0,1,0,0,0,0,0,0,0,0,0,1,1,0,0,0,0,0,0,0,0,0,0,0,1,0,0
185,2026-06-16,Beni,Malambo,Hurara,Homme,36 à 40 ans,Ménage retourné,plus de 2 ans,,Oui,Association,6,1,3,1,1,0,Oui,,0.25,,0.25,Oui,0,Faible,Riziculteurs diversifiés,E11,3054.3,True,0,0,0,0,0,1,0,1,1,1,0,0,0,0,1,0,1,0,1,0,0,1,1,1,1,1,1,1,1,1,0,0,0,0,0,1,1,0,0,1,1,1,1,1,0,1,0,0,0,0,0,0,0,0,0,0,0,0,0,0,0,0,0,0,0,0,0,0,0,0,0,0,0,0,0,0,0
186,2026-06-17,Beni,Malambo,Hurara,Femme,36 à 40 ans,Ménage retourné,plus de 2 ans,,Oui,Association,7,2,1,3,1,0,Oui,,1.0,,1.0,Oui,1,Faible,Riziculteurs diversifiés,E11,2478.9,True,0,0,0,0,0,0,0,1,1,1,1,0,0,0,0,0,0,0,0,0,0,0,0,0,0,0,0,1,0,1,0,0,0,0,0,1,1,0,0,1,1,0,0,1,1,1,0,0,0,0,0,0,0,0,0,0,0,0,0,0,0,1,0,0,0,0,0,0,0,1,0,0,0,0,0,0,0
187,2026-06-17,Beni,Malambo,Hurara,Homme,36 à 40 ans,Ménage retourné,plus de 2 ans,,Oui,Association,4,1,1,2,,0,Oui,,0.25,,0.25,Oui,0,Faible,Riziculteurs diversifiés,E11,2461.0,True,0,0,1,0,0,0,1,1,1,1,1,1,0,1,1,0,0,0,1,0,0,0,1,0,1,1,0,1,1,1,1,1,1,0,0,1,1,0,0,1,1,0,0,1,1,1,0,0,0,0,0,0,0,0,0,0,0,0,0,0,0,1,0,0,0,0,0,0,0,0,0,0,0,0,0,0,0
188,2026-06-17,Beni,Lume,Q. Ruwenzori,Femme,36 à 40 ans,Famille d'accueil,,2,Oui,Association,8,2,2,1,3,1,Oui,,0.25,,0.25,Non,3,Modérée,Petits producteurs peu diversifiés,E07,10.2,False,0,1,0,0,0,1,1,1,0,0,1,0,0,0,0,0,0,0,0,0,0,0,0,0,0,0,0,0,0,0,0,0,0,0,0,1,0,0,1,1,0,0,0,1,1,0,0,0,0,0,0,0,0,0,0,0,0,0,0,0,1,0,1,0,0,0,0,1,0,1,1,0,0,0,0,0,1
189,2026-06-17,Beni,Bolema,Lume,Homme,Plus de 41 ans,Autre (ni retourné ni accueil),,,Non,,10,2,2,1,5,0,Oui,,0.5,,0.5,Oui,2,Faible,Riziculteurs diversifiés,E14,9.2,True,0,0,0,0,0,0,0,1,0,1,0,0,0,0,0,0,0,0,0,0,0,0,0,0,0,0,0,1,0,1,1,1,0,0,0,1,1,0,0,1,1,0,0,1,1,1,0,0,0,0,0,1,0,0,0,0,0,0,0,0,0,1,0,0,0,0,0,0,0,0,0,0,0,1,1,0,0
190,2026-06-17,Beni,Lume,Lume,Femme,36 à 40 ans,Ménage retourné,plus de 2 ans,,Oui,Autres,9,3,1,2,3,1,Non,Oui,,0.3,0.3,Non,4,Modérée,Petits producteurs peu diversifiés,E07,832.9,True,0,0,0,0,0,0,0,1,0,0,1,0,0,0,0,0,0,0,0,0,0,0,0,0,0,0,0,0,0,0,0,0,0,0,0,1,0,0,0,1,0,0,0,1,0,0,0,0,0,0,0,0,0,0,0,0,0,0,0,0,1,0,0,0,0,1,0,0,0,1,1,1,0,1,0,0,0
191,2026-06-17,Beni,Lume,Mwangaza,Homme,18 à 25 ans,Autre (ni retourné ni accueil),,,Oui,Association,5,1,1,1,2,0,Oui,,0.5,,0.5,Non,0,Faible,Petits producteurs peu diversifiés,E14,8.2,True,0,0,0,0,0,1,0,1,1,0,0,0,0,0,0,0,0,0,0,0,0,0,0,0,0,0,0,0,0,0,0,0,0,0,0,1,0,0,0,1,0,0,0,1,1,0,0,0,0,0,0,1,0,0,0,0,0,0,0,0,0,1,0,0,0,0,0,0,0,0,0,0,0,0,0,0,0
192,2026-06-17,Beni,Malambo,Hurara,Femme,26 à 35 ans,Ménage retourné,plus de 2 ans,,Non,,9,4,3,2,0,0,Oui,,2.0,,2.0,Non,3,Modérée,Petits producteurs peu diversifiés,E08,11.3,True,0,0,1,0,0,0,1,0,0,0,1,0,0,0,0,1,0,0,0,0,0,0,0,0,0,0,0,0,0,0,0,0,0,0,0,1,0,0,0,1,0,1,1,1,0,0,0,0,0,0,0,0,1,0,0,0,0,0,0,0,0,0,0,0,0,0,0,0,0,1,0,0,0,1,1,0,0
193,2026-06-17,Beni,Malambo,Hurara,Femme,Plus de 41 ans,Ménage retourné,plus de 2 ans,,Oui,Association,10,3,2,1,4,0,Oui,,3.0,,3.0,Oui,2,Faible,Riziculteurs diversifiés,E11,2418.2,False,0,1,1,0,0,0,2,1,1,1,1,1,0,1,1,0,0,0,1,0,0,1,1,0,1,1,0,1,1,1,1,1,0,0,0,1,1,0,0,1,1,0,0,1,1,1,0,0,0,0,0,0,0,0,0,0,0,0,0,0,0,1,1,0,0,0,0,0,0,1,0,0,0,1,0,0,0
194,2026-06-17,Beni,Lume,Lume,Femme,36 à 40 ans,Ménage retourné,plus de 2 ans,,Oui,Association,6,0,4,0,2,0,Non,Oui,,0.25,0.25,Non,2,Faible,Petits producteurs peu diversifiés,E07,809.8,True,0,0,0,0,0,1,0,1,0,0,1,0,0,0,0,0,0,0,0,0,0,0,0,0,0,0,0,0,0,0,0,0,0,0,0,0,0,0,1,1,0,0,0,1,0,0,0,0,0,0,0,0,0,0,0,0,0,0,0,0,1,0,0,0,0,0,0,1,0,1,0,1,0,0,0,0,0
195,2026-06-17,Beni,Lume,Lume,Femme,Plus de 41 ans,Ménage retourné,plus de 2 ans,,Oui,Association,13,4,6,2,1,1,Non,Oui,,0.4,0.4,Non,4,Modérée,Petits producteurs peu diversifiés,E07,831.9,True,0,0,0,0,0,1,0,1,0,0,1,0,1,0,0,0,0,0,0,0,0,0,0,0,0,0,0,0,0,0,0,0,0,0,0,1,0,0,0,1,0,0,0,1,1,0,0,0,0,0,0,0,0,0,0,0,0,0,0,1,0,0,0,0,0,1,0,0,0,1,1,1,0,1,0,0,0
196,2026-06-17,Beni,Malambo,Hurara,Femme,26 à 35 ans,Ménage retourné,plus de 2 ans,,Oui,Association,4,1,1,2,0,0,Non,Oui,,0.25,0.25,Oui,2,Faible,Vivriers diversifiés + élevage,E11,2398.9,True,0,0,0,0,0,0,0,1,1,0,1,1,0,1,1,0,0,0,1,0,0,1,1,1,1,1,0,1,1,1,0,0,0,0,0,1,1,0,0,1,1,0,0,1,1,1,0,0,0,0,0,0,0,0,0,0,0,0,0,0,0,0,0,1,0,0,1,0,0,1,0,1,0,0,0,0,0
197,2026-06-17,Beni,Lume,Kivisire,Femme,Plus de 41 ans,Famille d'accueil,,1,Oui,Association,9,2,4,2,1,1,Non,Oui,,0.1,0.1,Non,5,Élevée,Petits producteurs peu diversifiés,E07,821.8,True,0,0,0,0,0,1,0,1,1,0,0,0,0,0,0,0,0,0,0,0,0,0,0,0,0,0,0,0,0,0,0,0,0,0,0,1,0,0,0,1,0,0,0,1,1,0,0,0,0,0,0,0,0,0,0,0,0,0,0,0,1,0,0,0,0,0,0,0,0,1,1,1,0,1,0,1,0
198,2026-06-17,Beni,Malambo,Kibanda,Femme,26 à 35 ans,Ménage retourné,1 à 2 ans,,Oui,Organisation Paysanne,6,1,1,3,1,0,Non,Oui,,0.15,0.15,Non,3,Modérée,Petits producteurs peu diversifiés,E12,809.0,False,0,1,1,0,0,1,2,1,1,0,1,1,0,1,1,0,0,0,1,0,1,0,0,0,0,1,0,0,0,0,0,0,0,0,0,1,0,0,0,1,1,0,1,1,1,0,0,0,1,0,0,0,0,1,0,1,0,0,0,0,0,1,0,0,0,0,0,0,0,1,0,1,0,0,0,1,0
199,2026-06-17,Beni,Lume,Lume,Femme,Plus de 41 ans,Ménage retourné,plus de 2 ans,,Oui,Association,6,3,3,0,0,0,Non,Oui,,0.2,0.2,Non,3,Modérée,Petits producteurs peu diversifiés,E07,812.5,True,0,0,0,0,0,0,0,1,0,0,1,0,0,0,0,0,0,0,0,0,0,0,0,0,0,0,0,0,0,0,0,0,0,0,0,1,0,0,0,1,0,0,0,1,1,0,0,0,0,0,0,0,0,0,0,0,0,0,0,0,1,1,0,0,0,0,0,0,0,1,0,1,0,0,0,1,0
200,2026-06-17,Beni,Lume,Wiremba,Femme,36 à 40 ans,Ménage retourné,plus de 2 ans,,Oui,Organisation Paysanne,8,3,2,2,1,0,Oui,,0.4,,0.4,Non,1,Faible,Petits producteurs peu diversifiés,E07,806.4,True,0,0,0,0,0,0,0,1,0,0,1,0,0,0,0,0,0,0,0,0,0,0,0,0,0,0,0,0,0,0,0,0,0,0,0,1,0,0,0,1,0,0,0,1,1,0,0,0,0,0,0,0,0,0,0,0,0,0,0,1,0,0,0,1,0,0,0,1,0,1,0,0,0,0,0,0,0
201,2026-06-17,Beni,Lume,Lume,Femme,36 à 40 ans,Autre (ni retourné ni accueil),,,Non,,5,2,1,2,0,0,Oui,,0.2,,0.2,Oui,3,Modérée,Petits producteurs peu diversifiés,E14,7.6,True,0,0,0,0,0,1,0,0,0,1,0,0,0,0,0,0,0,0,0,0,0,0,0,0,0,0,0,1,0,1,0,0,0,0,0,1,0,0,0,1,1,0,1,1,1,0,0,0,0,0,0,1,0,0,0,0,0,0,0,0,0,1,0,0,0,0,0,0,0,1,0,0,0,0,1,1,0
202,2026-06-17,Beni,Lume,Kivisire,Femme,26 à 35 ans,Ménage retourné,plus de 2 ans,,Oui,Organisation Paysanne,8,3,3,1,1,0,Non,Oui,,0.2,0.2,Non,3,Modérée,Petits producteurs peu diversifiés,E07,800.0,True,0,0,0,0,0,0,0,1,0,0,0,0,0,0,0,0,0,0,0,0,0,0,0,0,0,0,0,0,0,0,0,0,0,0,0,1,0,0,0,1,0,0,0,1,1,0,0,0,0,0,0,0,0,0,0,0,0,0,0,0,1,1,0,0,0,0,0,0,0,1,0,1,0,0,0,1,0
203,2026-06-17,Beni,Lume,Kivisire,Femme,Plus de 41 ans,Autre (ni retourné ni accueil),,,Non,,4,1,1,0,2,0,Non,Oui,,0.15,0.15,Non,4,Modérée,Petits producteurs peu diversifiés,E14,5.7,True,0,0,0,0,0,1,0,0,1,1,0,0,0,0,0,0,0,0,0,0,0,0,0,0,0,0,0,0,0,0,0,0,0,0,0,1,0,0,0,1,0,0,0,1,1,0,0,0,0,0,0,1,0,0,0,0,0,0,0,0,0,1,0,0,0,0,0,0,0,1,0,1,0,0,1,1,0
204,2026-06-17,Beni,Lume,Lume,Homme,26 à 35 ans,Ménage retourné,plus de 2 ans,,Oui,Association,5,1,1,0,3,0,Oui,,0.25,,0.25,Oui,0,Faible,Petits producteurs peu diversifiés,E07,795.6,True,0,0,0,0,0,1,0,1,0,0,1,0,0,0,1,0,0,0,0,0,0,0,0,0,0,1,0,0,0,0,1,0,1,0,0,1,1,0,0,1,1,0,0,1,1,0,0,0,0,0,0,0,0,0,0,0,0,0,0,1,0,0,0,1,0,0,0,1,0,0,0,0,0,0,0,0,0
205,2026-06-17,Beni,Lume,Q. Ruwenzori,Femme,Plus de 41 ans,Famille d'accueil,,1,Non,,8,1,2,2,3,0,Non,Oui,,0.2,0.2,Oui,4,Modérée,Petits producteurs peu diversifiés,E14,10.6,True,0,0,0,0,0,1,0,0,0,1,0,0,0,0,0,0,0,0,0,0,0,0,0,0,0,0,0,1,0,1,0,0,0,0,0,1,1,0,0,1,1,0,1,1,1,0,0,0,0,0,0,1,0,0,0,0,0,0,0,0,0,1,0,0,0,0,0,0,0,1,0,1,0,0,1,1,0
206,2026-06-17,Beni,Lume,Lume,Femme,Plus de 41 ans,Ménage retourné,plus de 2 ans,,Oui,Association,11,2,3,2,4,0,Oui,,0.2,,0.2,Oui,3,Modérée,Petits producteurs peu diversifiés,E07,788.7,True,0,0,1,0,0,1,1,1,0,0,1,0,0,0,0,0,0,0,0,0,0,0,0,0,0,0,0,0,1,0,1,1,0,0,0,1,1,0,0,1,1,0,0,1,0,0,0,0,0,0,0,0,0,0,0,0,0,0,0,1,0,0,0,0,0,1,0,0,0,1,0,0,0,1,0,1,0
207,2026-06-17,Beni,Lume,Mwangaza,Homme,36 à 40 ans,Ménage retourné,1 à 2 ans,,Oui,Association,8,1,1,1,5,0,Oui,,0.3,,0.3,Oui,0,Faible,Vivriers diversifiés + élevage,E07,780.9,True,0,0,0,0,0,0,0,1,0,0,1,0,0,0,0,1,0,0,0,0,0,0,0,0,0,0,0,1,0,1,1,1,0,0,0,1,1,0,0,1,1,0,0,1,0,0,0,0,0,0,0,0,0,0,0,0,0,0,0,1,0,0,0,1,0,0,0,1,0,0,0,0,0,0,0,0,0
208,2026-06-17,Beni,Lume,Q. Ruwenzori,Homme,Plus de 41 ans,Ménage retourné,plus de 2 ans,,Oui,Association,14,8,6,0,0,0,Oui,,0.2,,0.2,Oui,2,Faible,Petits producteurs peu diversifiés,E07,772.4,True,0,0,0,0,0,0,0,1,0,0,0,0,0,0,0,0,0,0,0,0,0,0,0,0,0,0,0,1,0,1,1,1,0,0,0,1,1,0,0,1,0,0,0,1,1,0,0,0,0,0,0,0,0,0,0,0,0,0,0,0,0,0,1,0,0,0,0,0,0,0,0,0,0,1,0,1,0
209,2026-06-17,Beni,Bolema,Bahambo,Femme,18 à 25 ans,Autre (ni retourné ni accueil),,,Non,,6,1,1,4,0,0,Oui,,0.5,,0.5,Oui,2,Faible,Maraîchers pomme de terre,E14,10.2,True,0,0,0,0,0,1,0,0,0,0,0,0,0,0,0,1,0,0,0,0,0,0,0,0,0,0,0,1,0,1,0,0,0,0,0,1,0,0,0,0,0,0,1,1,1,0,0,0,1,0,0,0,0,0,0,0,0,0,0,0,0,1,0,0,0,0,0,0,0,1,0,0,0,0,1,0,0
210,2026-06-17,Beni,Lume,Kivisire,Homme,26 à 35 ans,Ménage retourné,plus de 2 ans,,Oui,Association,8,1,1,2,4,0,Oui,,0.25,,0.25,Non,0,Faible,Petits producteurs peu diversifiés,E07,765.3,True,0,0,0,0,0,0,0,0,0,0,0,0,0,0,0,1,0,0,0,0,0,0,0,0,0,0,0,0,0,0,0,0,0,0,0,1,0,0,0,1,0,0,0,1,0,0,0,0,0,0,0,0,0,0,0,0,0,0,0,1,0,0,0,0,0,0,0,0,0,0,0,0,0,0,0,0,0
211,2026-06-17,Beni,Lume,Lume,Femme,Plus de 41 ans,Ménage retourné,plus de 2 ans,,Oui,Association,8,4,2,2,0,1,Oui,,0.25,,0.25,Oui,2,Faible,Petits producteurs peu diversifiés,E07,769.9,True,0,0,0,0,0,1,0,1,0,0,1,0,0,0,0,0,0,0,0,0,0,0,0,0,0,0,0,0,0,1,1,1,0,0,0,1,1,0,0,1,0,0,0,1,0,0,0,0,0,0,0,0,0,0,0,0,0,0,0,1,0,0,0,0,0,0,0,0,0,1,1,0,0,0,0,0,0
212,2026-06-17,Beni,Lume,Lume,Femme,36 à 40 ans,Ménage retourné,plus de 2 ans,,Oui,Association,7,3,2,2,0,0,Oui,,0.15,,0.15,Oui,2,Faible,Petits producteurs peu diversifiés,E07,764.2,True,0,0,0,0,0,0,0,1,0,0,1,0,0,0,1,0,0,0,1,0,0,0,0,0,0,0,0,0,0,1,1,1,0,0,0,0,1,0,0,1,0,0,0,1,1,0,0,0,0,0,0,0,0,0,0,0,0,0,0,0,1,0,0,0,0,1,0,0,0,1,0,0,0,0,0,1,0
213,2026-06-17,Beni,Lume,Mwangaza,Homme,26 à 35 ans,Ménage retourné,plus de 2 ans,,Oui,Organisation Paysanne,8,2,4,0,2,0,Oui,,0.5,,0.5,Oui,0,Faible,Riziculteurs diversifiés,E14,13.2,True,0,0,0,0,0,0,0,1,1,1,1,0,0,0,1,0,0,0,1,1,0,0,0,1,1,0,0,1,0,1,1,1,0,0,0,1,0,0,0,1,0,0,1,1,1,0,0,1,0,0,0,0,0,0,0,0,0,0,0,0,0,1,0,0,0,0,0,0,0,0,0,0,0,0,0,0,0
214,2026-06-17,Beni,Lume,Lume,Homme,Plus de 41 ans,Ménage retourné,1 à 2 ans,,Oui,Association,7,2,3,2,0,0,Oui,,0.3,,0.3,Oui,0,Faible,Vivriers diversifiés + élevage,E07,758.1,True,0,0,0,0,0,1,0,1,0,0,0,0,0,0,0,1,0,0,0,0,0,0,0,0,0,0,0,1,0,1,1,1,1,0,0,0,1,0,0,1,0,0,0,1,1,0,0,0,0,0,0,0,0,0,0,0,0,0,0,1,0,0,0,1,0,0,0,1,0,0,0,0,0,0,0,0,0
215,2026-06-17,Beni,Malambo,Rughetsi,Homme,Plus de 41 ans,Ménage retourné,1 à 2 ans,,Oui,Association,8,1,1,4,2,0,Oui,,1.0,,1.0,Oui,0,Faible,Vivriers diversifiés + élevage,E03,13.3,True,0,0,0,0,0,1,0,1,1,0,1,1,0,1,1,0,1,0,1,0,1,0,0,1,1,0,0,1,1,1,1,1,0,0,0,1,0,0,0,0,0,0,1,1,0,0,0,0,0,0,0,0,0,0,0,0,0,0,0,0,1,1,0,1,0,1,0,0,0,0,0,0,0,0,0,0,0
216,2026-06-17,Beni,Lume,Lume,Homme,Plus de 41 ans,Ménage retourné,plus de 2 ans,,Oui,Association,5,1,1,1,2,0,Oui,,0.1,,0.1,Oui,1,Faible,Petits producteurs peu diversifiés,E07,751.8,True,0,0,0,0,0,0,0,1,0,0,1,0,0,0,0,0,0,0,0,0,0,0,0,0,0,0,0,0,0,1,1,0,0,1,0,1,1,0,0,1,0,0,0,1,0,0,0,0,0,0,0,0,0,0,0,0,0,0,0,1,0,0,0,0,0,1,0,0,0,0,0,0,0,0,0,1,0
217,2026-06-17,Beni,Bolema,Bahambo,Femme,Plus de 41 ans,Autre (ni retourné ni accueil),,,Non,,4,1,1,2,0,0,Non,Oui,,0.2,0.2,Oui,4,Modérée,Petits producteurs peu diversifiés,E14,5.4,True,0,0,0,0,0,0,0,1,0,1,0,1,0,0,1,0,0,0,0,0,0,0,0,0,1,0,0,1,1,0,0,0,0,0,0,1,0,0,0,1,1,0,0,1,1,0,0,0,0,0,0,1,0,0,0,0,0,0,0,0,0,1,0,0,0,0,0,0,0,1,0,1,0,0,1,1,0
218,2026-06-17,Beni,Lume,Q. Ruwenzori,Homme,Plus de 41 ans,Ménage retourné,6 à 12 mois,,Non,,10,1,1,3,5,0,Non,Oui,,0.6,0.6,Oui,4,Modérée,Vivriers diversifiés + élevage,E01,15.0,True,0,0,0,0,0,0,0,1,1,0,1,0,0,1,1,1,0,0,1,0,0,0,0,1,0,0,0,1,0,1,1,1,0,0,0,1,1,0,1,1,0,0,1,1,0,0,0,1,0,0,1,0,0,1,0,0,0,0,0,0,0,0,0,0,1,0,0,0,0,0,0,1,1,1,1,0,0
219,2026-06-17,Beni,Lume,Lume,Femme,Plus de 41 ans,Ménage retourné,plus de 2 ans,,Oui,Association,8,3,4,1,0,0,Oui,,0.4,,0.4,Oui,1,Faible,Vivriers diversifiés + élevage,E07,746.4,True,0,0,0,0,0,1,0,1,0,0,1,0,0,0,0,0,0,0,0,0,0,0,0,0,0,0,0,1,0,1,1,1,0,0,0,1,1,0,0,1,0,0,0,1,0,0,0,0,0,0,0,0,0,0,0,0,0,0,0,1,0,1,0,0,0,0,0,0,0,1,0,0,0,0,0,0,0
220,2026-06-17,Beni,Malambo,Rughetsi,Homme,36 à 40 ans,Ménage retourné,1 à 2 ans,,Oui,Association,6,1,1,2,2,0,Oui,,0.25,,0.25,Oui,0,Faible,Vivriers diversifiés + élevage,E03,7.5,True,0,0,0,0,0,1,0,1,0,0,1,1,0,1,0,1,0,0,0,0,0,0,0,0,0,0,0,0,1,1,1,1,0,1,0,1,0,0,0,1,0,0,0,1,0,0,0,0,0,0,0,0,0,0,0,0,0,0,0,0,1,0,0,1,0,0,0,0,0,0,0,0,0,0,0,0,0
221,2026-06-17,Beni,Lume,Kivisire,Femme,36 à 40 ans,Ménage retourné,plus de 2 ans,,Oui,Association,8,1,1,4,2,0,Non,Oui,,0.2,0.2,Non,3,Modérée,Petits producteurs peu diversifiés,E07,739.1,True,0,0,0,0,0,1,0,1,0,0,1,0,0,0,0,0,0,0,0,0,0,0,0,0,0,0,0,0,0,0,0,0,0,0,0,1,0,0,0,1,0,0,0,1,0,0,0,0,0,0,0,0,0,0,0,0,0,0,0,1,0,0,0,0,0,0,0,0,0,1,0,1,0,0,0,1,0
222,2026-06-17,Beni,Malambo,Rughetsi,Femme,26 à 35 ans,Ménage retourné,1 à 2 ans,,Oui,Association,5,1,1,2,1,0,Oui,,0.2,,0.2,Non,2,Faible,Petits producteurs peu diversifiés,E04,379.8,True,0,0,0,0,0,0,0,1,0,1,0,1,0,1,0,0,0,0,0,0,0,0,0,0,0,0,0,0,0,0,0,0,0,0,0,1,0,0,0,1,0,0,0,1,0,0,0,0,0,0,0,0,0,0,0,0,0,0,0,0,1,0,0,1,0,0,0,0,0,1,0,0,0,0,0,1,0
223,2026-06-17,Beni,Lume,Q. Ruwenzori,Homme,26 à 35 ans,Autre (ni retourné ni accueil),,,Non,,6,2,2,2,0,0,Non,Oui,,0.15,0.15,Non,3,Modérée,Petits producteurs peu diversifiés,E14,12.7,True,0,0,0,0,0,1,0,1,1,1,0,0,0,0,0,0,0,0,0,0,0,0,0,0,0,0,0,0,0,0,0,0,0,0,0,1,0,0,1,1,0,0,0,1,0,0,0,0,0,0,0,1,0,0,0,0,0,0,0,0,0,1,0,0,0,0,0,0,0,0,0,1,0,0,1,1,0
224,2026-06-17,Beni,Lume,Lume,Femme,Plus de 41 ans,Ménage retourné,plus de 2 ans,,Oui,Association,10,3,2,1,4,0,Oui,,0.3,,0.3,Non,2,Faible,Petits producteurs peu diversifiés,E07,732.3,True,0,0,0,0,0,0,0,1,0,0,0,0,0,0,0,1,0,0,0,0,0,0,0,0,0,0,0,0,0,0,0,0,0,0,0,1,0,0,1,1,0,0,0,1,1,0,0,0,0,0,0,0,0,0,0,0,0,0,0,0,1,0,0,0,0,0,0,0,0,1,0,0,0,1,0,0,0
225,2026-06-17,Beni,Lume,Q. Ruwenzori,Homme,26 à 35 ans,Ménage retourné,Moins de 6 mois,,Non,,5,1,1,2,1,0,Non,Oui,,0.5,0.5,Oui,3,Modérée,Vivriers diversifiés + élevage,E01,27.7,True,0,0,0,0,0,0,0,1,1,0,1,1,0,0,0,1,0,0,0,0,0,0,0,0,0,0,0,1,1,0,0,0,0,0,0,1,1,0,1,1,1,0,1,1,0,0,0,1,1,0,1,0,0,1,0,0,0,0,0,0,0,0,0,0,1,0,0,0,0,0,0,1,1,0,1,0,0
226,2026-06-17,Beni,Malambo,Rughetsi,Homme,18 à 25 ans,Ménage retourné,plus de 2 ans,,Oui,Association,3,1,,1,1,0,Oui,,0.15,,0.15,Oui,1,Faible,Vivriers diversifiés + élevage,E03,11.8,True,0,0,1,0,0,0,1,1,1,0,1,0,0,1,1,1,0,0,1,0,1,1,1,1,0,0,0,1,1,1,1,0,0,1,0,0,0,0,1,0,0,0,1,1,0,0,0,0,0,0,0,0,0,0,0,0,0,0,0,0,1,0,0,1,0,0,0,0,0,0,0,0,0,0,0,1,0
227,2026-06-17,Beni,Lume,Kivisire,Femme,36 à 40 ans,Ménage retourné,plus de 2 ans,,Oui,Association,8,3,2,1,2,0,Oui,,0.4,,0.4,Oui,1,Faible,Petits producteurs peu diversifiés,E07,726.7,True,0,0,0,0,0,0,0,1,0,0,1,0,0,0,0,1,0,0,0,0,0,0,0,0,0,0,0,0,1,0,1,1,0,0,0,1,1,0,0,1,1,0,0,1,1,0,0,0,0,0,0,0,0,0,0,0,0,0,0,1,0,1,0,0,0,0,0,0,0,1,0,0,0,0,0,0,0
228,2026-06-17,Beni,Lume,Kivisire,Femme,18 à 25 ans,Ménage retourné,plus de 2 ans,,Oui,Association,8,3,2,2,1,0,Oui,,0.2,,0.2,Oui,2,Faible,Petits producteurs peu diversifiés,E07,722.2,True,0,0,0,0,0,0,0,1,0,0,1,0,0,0,0,1,0,0,0,0,0,0,0,0,0,0,0,0,0,1,1,1,0,0,0,0,0,0,1,1,0,0,0,1,1,0,0,0,0,0,0,0,0,0,0,0,0,0,0,0,1,0,0,0,0,0,0,1,0,1,0,0,0,0,0,1,0
229,2026-06-17,Beni,Malambo,Rughetsi,Femme,Plus de 41 ans,Ménage retourné,1 à 2 ans,,Oui,Association,8,1,2,2,3,0,Oui,,0.3,,0.3,Oui,1,Faible,Vivriers diversifiés + élevage,E04,327.8,True,0,0,0,0,0,1,0,1,1,0,1,1,0,0,0,0,0,0,0,0,0,0,0,0,0,0,0,1,1,1,1,1,0,0,0,1,0,0,0,1,1,0,0,1,0,0,0,0,1,0,0,0,0,0,0,0,0,0,0,0,0,0,0,1,0,0,0,0,0,1,0,0,0,0,0,0,0
230,2026-06-17,Beni,Lume,Mwangaza,Femme,Plus de 41 ans,Autre (ni retourné ni accueil),,,Non,,9,3,3,0,3,0,Non,Oui,,0.4,0.4,Oui,4,Modérée,Petits producteurs peu diversifiés,E14,11.6,True,0,0,0,0,0,1,0,1,1,1,0,0,0,0,0,0,0,0,0,0,0,0,0,0,0,0,0,0,0,0,1,0,1,0,0,1,0,0,0,1,0,0,0,1,0,0,0,0,0,0,0,1,0,0,0,0,0,0,0,0,0,1,0,0,0,0,0,0,0,1,0,1,0,1,1,0,0
231,2026-06-17,Beni,Malambo,Rughetsi,Femme,36 à 40 ans,Ménage retourné,plus de 2 ans,,Non,,8,1,1,5,1,0,Oui,,1.0,,1.0,Oui,2,Faible,Vivriers diversifiés + élevage,E03,14.1,True,0,0,0,0,0,1,0,1,1,0,1,1,0,1,0,1,0,0,0,0,0,0,0,0,0,0,0,1,1,1,1,1,1,0,0,0,0,0,1,0,0,0,1,1,1,0,0,0,0,0,0,0,1,0,0,0,0,0,0,0,1,0,0,0,0,1,0,0,0,1,0,0,0,0,1,0,0
232,2026-06-17,Beni,Lume,Kivisire,Femme,36 à 40 ans,Ménage retourné,plus de 2 ans,,Oui,Association,8,1,2,3,2,0,Oui,,0.5,,0.5,Oui,1,Faible,Petits producteurs peu diversifiés,E07,717.0,True,0,0,0,0,0,0,0,1,0,0,0,0,0,0,0,1,0,0,0,0,0,0,0,0,0,0,0,1,0,0,0,0,0,0,0,1,0,0,1,1,0,0,0,1,1,0,0,0,0,0,0,0,0,0,0,0,0,0,0,0,1,0,0,1,0,0,0,1,0,1,0,0,0,0,0,0,0
233,2026-06-17,Beni,Malambo,Rughetsi,Homme,36 à 40 ans,Ménage retourné,1 à 2 ans,,Oui,Association,7,1,1,4,1,0,Oui,,0.4,,0.4,Oui,0,Faible,Vivriers diversifiés + élevage,E04,363.5,True,0,0,0,0,0,1,0,1,1,0,1,1,0,1,1,0,1,1,0,0,1,0,0,0,0,0,0,1,1,1,0,0,0,0,0,1,1,0,0,1,1,0,0,1,0,0,0,0,1,0,0,0,0,0,0,0,0,0,0,0,0,0,0,1,0,0,0,0,0,0,0,0,0,0,0,0,0
234,2026-06-17,Beni,Lume,Lume,Homme,Plus de 41 ans,Ménage retourné,plus de 2 ans,,Oui,Organisation Paysanne,5,1,3,0,1,0,Oui,,0.4,,0.4,Oui,0,Faible,Vivriers diversifiés + élevage,E07,710.7,True,0,0,0,0,0,1,0,1,0,0,1,0,0,0,0,1,0,0,0,0,0,0,0,0,0,0,0,1,1,1,1,1,0,0,0,1,0,0,0,1,1,0,0,1,1,0,0,0,0,0,0,0,0,0,0,0,0,0,0,1,0,0,0,1,0,0,0,1,0,0,0,0,0,0,0,0,0
235,2026-06-17,Beni,Malambo,Rughetsi,Homme,18 à 25 ans,Ménage retourné,1 à 2 ans,,Oui,Association,4,1,1,1,1,1,Oui,,0.2,,0.2,Oui,2,Faible,Vivriers diversifiés + élevage,E04,319.1,True,0,0,0,0,0,0,0,1,1,0,0,1,0,1,1,0,1,1,1,1,0,0,0,0,0,0,0,1,1,1,1,1,0,1,0,1,1,0,0,1,1,0,0,1,0,0,0,0,1,0,0,0,0,0,0,0,0,0,0,0,0,0,0,1,0,0,0,0,0,0,1,0,0,0,0,1,0
236,2026-06-17,Beni,Malambo,Rughetsi,Femme,Plus de 41 ans,Ménage retourné,1 à 2 ans,,Oui,Association,9,0,2,5,2,0,Oui,,0.15,,0.15,Oui,3,Modérée,Vivriers diversifiés + élevage,E03,10.5,True,0,0,0,0,0,1,0,1,1,0,1,0,0,1,0,1,0,0,0,0,0,0,0,0,0,0,0,1,0,1,1,1,0,0,0,0,0,0,1,0,0,0,1,1,0,0,0,0,0,0,0,0,0,0,0,0,0,0,0,0,0,0,1,0,0,1,0,0,0,1,0,0,0,1,0,1,0
237,2026-06-17,Beni,Lume,Q. Ruwenzori,Femme,36 à 40 ans,Ménage retourné,Moins de 6 mois,,Non,,3,0,1,0,2,0,Non,Oui,,0.3,0.3,Oui,4,Modérée,Vivriers diversifiés + élevage,E01,10.8,True,0,0,0,0,0,0,0,1,1,0,1,1,0,1,0,1,0,0,0,0,0,0,0,0,0,0,0,1,0,0,1,0,0,0,0,1,1,0,1,1,0,0,1,1,0,0,0,0,1,1,0,0,0,1,1,0,0,0,0,0,0,0,0,0,0,0,0,0,0,1,0,1,1,0,1,0,0
238,2026-06-17,Beni,Bolema,Bahambo,Femme,18 à 25 ans,Autre (ni retourné ni accueil),,,Non,,5,1,1,1,2,0,Non,Oui,,0.2,0.2,Oui,4,Modérée,Petits producteurs peu diversifiés,E14,9.3,True,0,0,0,0,0,1,0,1,0,1,0,0,0,0,0,0,0,0,0,0,0,0,0,0,0,0,0,0,0,1,0,0,0,0,0,1,0,0,0,1,0,0,0,1,1,0,0,0,0,0,0,1,0,0,0,0,0,0,0,0,0,1,0,0,0,0,0,0,0,1,0,1,0,0,1,1,0
239,2026-06-17,Beni,Malambo,Rughetsi,Homme,26 à 35 ans,Ménage retourné,plus de 2 ans,,Oui,Association,7,1,1,2,3,0,Oui,,0.4,,0.4,Oui,0,Faible,Vivriers diversifiés + élevage,E04,343.1,True,0,0,0,0,0,0,0,1,1,0,1,1,0,1,1,0,1,1,0,0,1,0,0,0,0,0,0,1,1,1,0,0,0,0,0,1,1,0,0,1,1,0,0,1,0,0,0,0,1,0,0,0,0,0,0,0,0,0,0,0,1,0,0,1,0,0,0,0,0,0,0,0,0,0,0,0,0
240,2026-06-17,Beni,Malambo,Rughetsi,Femme,36 à 40 ans,Ménage retourné,1 à 2 ans,,Oui,Association,7,0,1,3,3,0,Oui,,0.05,,0.05,Oui,2,Faible,Vivriers diversifiés + élevage,E03,9.9,True,0,0,0,0,0,0,0,1,1,0,1,0,0,1,0,1,0,0,0,0,0,0,0,0,0,0,0,1,0,1,0,0,0,0,0,0,0,0,1,0,0,0,1,1,0,0,0,0,0,0,0,0,0,0,0,0,0,0,0,0,0,0,0,0,0,1,0,0,0,1,0,0,0,0,0,1,0
241,2026-06-17,Beni,Malambo,Rughetsi,Femme,Plus de 41 ans,Ménage retourné,1 à 2 ans,,Oui,Association,8,1,1,3,3,0,Oui,,0.3,,0.3,Oui,1,Faible,Riziculteurs diversifiés,E05,12.4,True,0,0,0,0,0,0,0,1,1,1,0,1,0,1,0,1,0,0,0,0,0,0,0,0,0,0,0,1,0,1,1,1,0,0,0,1,1,0,0,1,1,0,0,1,1,0,0,0,0,1,0,0,0,0,0,0,0,0,0,0,0,0,0,1,0,0,0,0,0,1,0,0,0,0,0,0,0
242,2026-06-17,Beni,Lume,Q. Ruwenzori,Homme,Plus de 41 ans,Famille d'accueil,,3,Non,,14,3,4,5,2,1,Non,Oui,,0.04,0.04,Non,6,Élevée,Petits producteurs peu diversifiés,E01,15.6,True,0,0,1,0,0,1,1,1,1,0,1,1,0,1,0,1,0,0,0,0,0,0,0,0,0,0,0,0,0,0,0,0,0,0,0,1,0,0,1,1,1,0,1,1,0,0,0,0,1,1,0,0,0,1,0,0,0,0,0,0,0,0,0,0,1,0,0,0,0,0,1,1,0,1,1,1,1
243,2026-06-17,Beni,Bolema,Autres villages,Femme,26 à 35 ans,Autre (ni retourné ni accueil),,,Non,,4,0,1,2,1,0,Non,Oui,,0.2,0.2,Oui,4,Modérée,Petits producteurs peu diversifiés,E14,5.8,True,0,0,0,0,0,1,0,0,0,1,0,0,0,0,0,0,0,0,0,0,0,0,0,0,0,0,0,1,0,1,0,0,0,0,0,1,0,0,0,1,1,0,0,1,1,0,0,0,0,0,0,1,0,0,0,0,0,0,0,0,0,1,0,0,0,0,0,1,0,1,0,1,0,0,1,1,0
244,2026-06-17,Beni,Malambo,Rughetsi,Homme,Plus de 41 ans,Ménage retourné,1 à 2 ans,,Oui,Association,10,4,1,2,3,1,Oui,,1.0,,1.0,Oui,2,Faible,Vivriers diversifiés + élevage,E04,335.0,True,0,0,0,0,0,0,0,1,1,0,1,1,0,1,1,0,1,1,1,0,1,0,0,0,0,0,0,1,1,1,1,1,0,0,0,1,1,0,0,1,1,0,0,1,0,0,0,0,0,0,0,0,0,0,0,0,0,0,0,0,0,0,0,1,0,0,0,0,0,0,1,0,0,1,0,0,0
245,2026-06-17,Beni,Malambo,Rughetsi,Homme,36 à 40 ans,Ménage retourné,1 à 2 ans,,Oui,Association,8,1,1,3,3,0,Oui,,0.5,,0.5,Oui,0,Faible,Vivriers diversifiés + élevage,E03,7.4,True,0,0,0,0,0,0,0,1,1,0,1,0,0,1,0,1,0,0,0,0,0,0,0,0,0,0,0,1,1,1,0,0,0,0,0,1,0,0,1,1,1,0,0,1,1,0,0,0,0,0,1,0,0,0,0,0,0,0,0,0,0,0,1,0,0,1,0,0,0,0,0,0,0,0,0,0,0
246,2026-06-17,Beni,Bolema,Bahambo,Femme,Plus de 41 ans,Autre (ni retourné ni accueil),,,Non,,7,1,1,2,3,0,Oui,,0.5,,0.5,Oui,2,Faible,Riziculteurs diversifiés,E14,8.2,True,0,0,1,0,0,1,1,0,1,1,0,0,0,0,0,0,0,0,0,0,0,0,0,0,0,0,0,1,0,1,0,0,0,0,0,1,0,0,0,1,1,0,0,1,1,0,0,0,0,0,0,1,0,0,0,0,0,0,0,0,0,1,0,0,0,0,0,0,0,1,0,0,0,0,1,0,0
247,2026-06-17,Beni,Malambo,Rughetsi,Homme,Plus de 41 ans,Ménage retourné,1 à 2 ans,,Oui,Association,11,1,1,4,5,0,Oui,,0.5,,0.5,Oui,1,Faible,Vivriers diversifiés + élevage,E05,18.9,True,0,0,0,0,0,0,0,1,1,0,0,1,0,1,1,0,1,1,1,0,0,1,0,1,1,0,0,1,0,1,1,1,0,0,0,1,0,0,0,1,1,0,0,1,1,0,0,0,0,0,0,1,0,0,0,0,0,0,0,0,0,0,0,1,0,0,0,0,0,0,0,0,0,1,0,0,0
248,2026-06-17,Beni,Malambo,Rughetsi,Homme,Plus de 41 ans,Ménage retourné,1 à 2 ans,,Oui,Association,8,1,1,3,3,0,Oui,,0.4,,0.4,Oui,0,Faible,Vivriers diversifiés + élevage,E04,285.4,True,0,0,0,0,0,1,0,1,1,0,1,1,0,1,0,0,0,0,0,0,0,0,0,0,0,0,0,1,1,1,1,1,0,1,0,1,1,0,0,1,1,0,0,1,0,0,0,0,1,0,0,0,0,0,0,0,0,0,0,0,0,0,0,1,0,0,0,0,0,0,0,0,0,0,0,0,0
249,2026-06-17,Beni,Lume,Q. Ruwenzori,Homme,36 à 40 ans,Famille d'accueil,,2,Non,,7,2,2,1,2,0,Non,Oui,,0.03,0.03,Oui,4,Modérée,Vivriers diversifiés + élevage,E01,7.8,True,0,0,0,0,0,0,0,1,1,0,1,1,0,0,0,1,0,0,0,0,0,0,0,0,0,0,0,1,0,1,1,0,0,0,0,1,0,0,1,1,1,0,1,1,0,0,0,0,0,0,1,0,0,1,0,0,0,0,0,0,0,0,0,0,1,0,0,0,0,0,0,1,0,0,1,1,1
250,2026-06-17,Beni,Malambo,Rughetsi,Femme,Plus de 41 ans,Ménage retourné,plus de 2 ans,,Non,,9,0,2,3,4,0,Non,Oui,,0.05,0.05,Oui,5,Élevée,Petits producteurs peu diversifiés,E03,9.2,True,0,0,0,0,0,1,0,1,1,0,0,0,0,0,0,0,0,0,0,0,0,0,0,0,0,0,0,1,0,1,0,0,0,0,0,1,0,0,0,1,0,0,1,1,1,0,0,0,0,0,0,0,0,0,0,0,0,0,0,0,0,0,1,0,0,1,0,0,0,1,0,1,0,1,1,1,0
251,2026-06-17,Beni,Bolema,Bahambo,Femme,26 à 35 ans,Autre (ni retourné ni accueil),,,Non,,5,1,1,1,2,0,Oui,,0.5,,0.5,Oui,2,Faible,Petits producteurs peu diversifiés,E14,5.6,True,0,0,0,0,0,1,0,1,0,1,0,0,0,0,0,0,0,0,0,0,0,0,0,0,0,0,0,1,0,1,0,0,0,0,0,1,1,0,0,1,0,0,0,1,1,0,0,0,0,0,0,1,0,0,0,0,0,0,0,0,0,1,0,0,0,0,0,0,0,1,0,0,0,0,1,0,0
252,2026-06-17,Beni,Malambo,Rughetsi,Femme,36 à 40 ans,Ménage retourné,1 à 2 ans,,Oui,Association,7,1,1,3,2,0,Oui,,0.4,,0.4,Oui,1,Faible,Vivriers diversifiés + élevage,E04,278.8,True,0,0,0,0,0,1,0,1,1,0,1,1,0,1,0,0,0,0,0,0,0,0,0,0,0,0,0,1,1,1,1,1,0,1,0,1,1,0,0,1,1,0,0,1,0,0,0,0,0,0,0,0,0,0,0,0,0,0,0,0,0,0,0,1,0,0,0,0,0,1,0,0,0,0,0,0,0
253,2026-06-17,Beni,Lume,Q. Ruwenzori,Homme,Plus de 41 ans,Famille d'accueil,,2,Non,,10,3,3,1,3,0,Oui,,1.0,,1.0,Oui,3,Modérée,Vivriers diversifiés + élevage,E01,9.1,True,0,0,0,0,0,0,0,1,1,0,1,0,0,0,0,1,0,0,0,0,0,0,0,0,0,0,0,1,0,1,1,1,0,0,0,1,0,0,1,1,1,0,1,1,0,0,0,0,1,0,0,0,0,1,0,0,0,0,0,0,0,0,0,0,1,0,0,0,0,0,0,0,0,1,1,0,1
254,2026-06-17,Beni,Malambo,Rughetsi,Femme,18 à 25 ans,Ménage retourné,1 à 2 ans,,Oui,Association,5,1,1,3,0,0,Oui,,0.3,,0.3,Oui,1,Faible,Vivriers diversifiés + élevage,E05,10.8,True,0,0,0,0,0,0,0,1,1,0,0,1,0,1,0,0,0,0,0,0,0,0,0,0,0,0,0,1,0,1,1,1,0,0,0,1,0,0,0,1,1,0,0,1,1,0,0,0,1,0,0,0,0,0,0,0,0,0,0,0,0,0,0,1,0,0,0,0,0,1,0,0,0,0,0,0,0
255,2026-06-17,Beni,Malambo,Rughetsi,Femme,Plus de 41 ans,Ménage retourné,1 à 2 ans,,Oui,Association,10,2,3,2,3,0,Oui,,0.5,,0.5,Non,2,Faible,Petits producteurs peu diversifiés,E03,8.9,True,0,0,0,0,0,1,0,1,1,0,1,1,0,0,0,0,0,0,0,0,0,0,0,0,0,0,0,0,0,0,0,0,0,0,0,1,0,0,0,1,0,0,0,1,0,0,0,0,0,0,0,0,0,0,0,0,0,0,0,0,0,0,1,0,0,1,0,0,0,1,0,0,0,1,0,0,0
256,2026-06-17,Beni,Malambo,Rughetsi,Homme,36 à 40 ans,Ménage retourné,1 à 2 ans,,Oui,Association,7,1,1,1,4,0,Oui,,0.4,,0.4,Oui,0,Faible,Vivriers diversifiés + élevage,E04,271.8,True,0,0,0,0,0,1,0,1,1,0,1,1,0,1,0,0,0,0,0,0,0,0,0,0,0,0,0,1,1,1,1,1,0,1,0,1,1,0,0,1,1,0,0,1,0,0,0,0,1,0,0,0,0,0,0,0,0,0,0,0,0,0,0,1,0,0,0,0,0,0,0,0,0,0,0,0,0
257,2026-06-17,Beni,Bolema,Bahambo,Femme,Plus de 41 ans,Autre (ni retourné ni accueil),,,Non,,5,2,1,1,1,0,Non,Oui,,0.2,0.2,Oui,4,Modérée,Petits producteurs peu diversifiés,E14,8.1,True,0,0,0,0,0,0,0,1,1,0,0,0,0,0,0,0,0,0,0,0,0,0,0,0,0,0,0,0,0,0,1,1,0,0,0,1,0,0,0,1,1,0,0,1,1,0,0,0,0,0,0,1,0,0,0,0,0,0,0,0,0,1,0,0,0,0,0,0,0,1,0,1,0,0,1,1,0
258,2026-06-17,Beni,Lume,Q. Ruwenzori,Homme,36 à 40 ans,Ménage retourné,Moins de 6 mois,,Oui,Association,10,3,3,2,2,0,Oui,,0.5,,0.5,Non,2,Faible,Vivriers diversifiés + élevage,E01,13.3,True,0,0,0,0,0,0,0,1,1,0,1,1,0,1,0,1,0,0,0,0,0,0,0,0,0,0,0,0,0,0,0,0,0,0,0,1,0,0,1,1,0,1,1,1,0,0,0,0,1,1,0,0,0,1,0,0,0,0,0,0,0,0,0,0,1,0,0,0,0,0,0,0,1,1,0,0,0
259,2026-06-17,Beni,Malambo,Rughetsi,Femme,18 à 25 ans,Ménage retourné,plus de 2 ans,,Oui,Association,3,1,1,0,1,0,Oui,,0.2,,0.2,Oui,2,Faible,Petits producteurs peu diversifiés,E03,6.2,True,0,0,0,0,0,1,0,1,0,0,1,0,0,0,0,1,0,0,0,0,0,0,0,0,0,0,0,1,0,1,0,0,0,0,0,1,1,0,0,1,0,0,0,1,0,0,0,0,0,0,0,0,0,0,0,0,0,0,0,0,0,0,1,0,0,1,0,0,0,1,0,0,0,0,0,1,0
260,2026-06-17,Beni,Malambo,Rughetsi,Femme,36 à 40 ans,Ménage retourné,1 à 2 ans,,Oui,Association,10,1,1,4,4,0,Oui,,0.4,,0.4,Oui,2,Faible,Riziculteurs diversifiés,E04,300.5,True,0,0,0,0,0,0,0,1,1,1,0,1,0,1,0,0,0,0,0,0,0,0,0,0,0,0,0,1,1,1,1,1,0,0,0,1,1,0,0,1,1,0,0,1,0,0,0,0,1,0,0,0,0,0,0,0,0,0,0,0,1,0,0,1,0,0,0,0,0,1,0,0,0,1,0,0,0
261,2026-06-17,Beni,Malambo,Rughetsi,Femme,18 à 25 ans,Ménage retourné,1 à 2 ans,,Oui,Association,5,1,1,1,2,0,Oui,,0.02,,0.02,Oui,2,Faible,Vivriers diversifiés + élevage,E05,148.1,True,0,0,0,0,0,0,0,1,1,0,1,1,0,1,0,1,0,0,0,0,0,0,0,0,0,0,0,1,0,1,1,1,0,0,0,1,0,0,0,1,0,0,0,1,1,0,0,0,1,1,0,0,0,0,0,0,0,0,0,0,0,0,0,1,0,0,0,0,0,1,0,0,0,0,0,1,0
262,2026-06-17,Beni,Bolema,Bahambo,Femme,26 à 35 ans,Ménage retourné,1 à 2 ans,,Non,,8,1,1,3,3,0,Non,Oui,,0.15,0.15,Oui,4,Modérée,Petits producteurs peu diversifiés,E14,6.9,True,0,0,0,0,0,1,0,0,0,1,0,0,0,0,0,0,0,0,0,0,0,0,0,0,0,0,0,1,0,1,0,0,0,0,0,1,0,0,0,1,0,0,0,1,1,0,0,0,0,0,0,1,0,0,0,0,0,0,0,0,0,1,0,0,0,0,0,0,0,1,0,1,0,0,1,1,0
263,2026-06-17,Beni,Malambo,Rughetsi,Femme,18 à 25 ans,Ménage retourné,1 à 2 ans,,Oui,Association,5,1,1,1,2,0,Oui,,0.3,,0.3,Oui,1,Faible,Vivriers diversifiés + élevage,E04,257.5,True,0,0,0,0,0,1,0,1,1,0,0,1,0,1,0,0,0,0,0,0,0,0,0,0,0,0,0,1,1,1,1,1,0,1,0,1,1,0,0,1,1,0,0,1,0,0,0,0,0,0,0,0,0,0,0,0,0,0,0,0,0,0,0,1,0,0,0,0,0,1,0,0,0,0,0,0,0
264,2026-06-17,Beni,Bolema,Bahambo,Femme,36 à 40 ans,Autre (ni retourné ni accueil),,,Non,,5,0,2,2,1,0,Non,Oui,,0.15,0.15,Oui,4,Modérée,Petits producteurs peu diversifiés,E14,6.2,True,0,0,0,0,0,1,0,1,1,1,0,0,0,0,0,0,0,0,0,0,0,0,0,0,0,0,0,0,0,1,0,0,0,0,0,1,0,0,0,1,1,0,1,1,1,0,0,0,0,0,0,1,0,0,0,0,0,0,0,0,0,1,0,0,0,0,0,0,0,1,0,1,0,0,1,1,0
265,2026-06-17,Beni,Lume,Q. Ruwenzori,Homme,Plus de 41 ans,Famille d'accueil,,3,Non,,13,3,4,3,3,2,Oui,,0.04,,0.04,Oui,5,Élevée,Vivriers diversifiés + élevage,E01,18.1,True,0,0,1,0,0,0,1,1,1,0,0,1,0,1,0,1,0,0,0,0,0,0,0,0,0,0,0,1,0,1,1,0,0,1,0,1,0,1,1,1,1,0,1,1,0,0,0,1,0,0,0,0,0,0,0,0,0,0,0,0,0,0,0,0,0,0,0,1,0,0,1,0,0,1,1,1,1
266,2026-06-17,Beni,Lume,Q. Ruwenzori,Homme,Plus de 41 ans,Autre (ni retourné ni accueil),,,Non,,4,1,1,1,1,0,Non,Non,,,,Oui,3,Modérée,Petits producteurs peu diversifiés,E14,5.6,True,0,0,0,0,0,0,0,0,0,0,0,0,0,0,0,0,0,0,0,0,0,0,0,0,0,0,0,1,0,1,0,0,0,0,0,1,0,0,0,1,1,0,0,1,1,0,1,0,0,0,0,1,0,0,0,0,0,0,0,0,0,1,0,0,0,0,0,0,0,0,0,1,0,0,1,1,0
267,2026-06-17,Beni,Malambo,Rughetsi,Femme,26 à 35 ans,Ménage retourné,1 à 2 ans,,Oui,Association,6,1,1,0,4,0,Oui,,0.4,,0.4,Oui,1,Faible,Vivriers diversifiés + élevage,E04,284.6,True,0,0,0,0,0,1,0,1,1,0,1,1,0,1,0,0,0,0,0,0,0,0,0,0,0,0,0,1,1,1,0,0,0,0,0,1,1,0,0,1,1,0,0,1,0,0,0,0,1,0,0,0,0,0,0,0,0,0,0,0,0,0,0,1,0,0,0,0,0,1,0,0,0,0,0,0,0
268,2026-06-17,Beni,Malambo,Rughetsi,Femme,26 à 35 ans,Ménage retourné,1 à 2 ans,,Oui,Association,4,1,1,1,1,0,Oui,,0.3,,0.3,Oui,1,Faible,Vivriers diversifiés + élevage,E04,277.5,True,0,0,0,0,0,0,0,1,1,0,0,1,0,1,0,0,0,0,0,0,0,0,0,0,0,0,0,1,1,1,1,1,0,0,0,1,1,0,0,1,1,0,0,1,0,0,0,0,1,0,0,0,0,0,0,0,0,0,0,0,0,0,0,1,0,0,0,0,0,1,0,0,0,0,0,0,0
269,2026-06-17,Beni,Lume,Autres villages,Homme,Plus de 41 ans,Famille d'accueil,,10,Non,,37,4,8,10,15,3,Oui,,3.0,,3.0,Oui,4,Modérée,Vivriers diversifiés + élevage,E01,16.1,True,0,0,1,0,0,1,1,1,1,0,1,0,0,1,0,1,0,0,0,0,0,0,0,0,0,0,0,1,0,1,1,0,0,0,0,1,0,1,1,1,1,0,1,1,0,0,0,0,1,1,0,0,0,1,0,0,0,0,0,0,0,0,0,0,1,0,0,0,0,0,1,0,0,1,1,0,1
270,2026-06-17,Beni,Bolema,Bahambo,Femme,18 à 25 ans,Autre (ni retourné ni accueil),,,Non,,7,1,1,4,1,0,Non,Oui,,0.2,0.2,Non,4,Modérée,Petits producteurs peu diversifiés,E14,8.6,True,0,0,0,0,0,1,0,1,0,0,0,0,0,0,0,0,0,0,0,0,0,0,0,0,0,0,0,0,0,0,0,0,0,0,0,1,0,0,0,1,0,0,0,1,1,0,0,0,0,0,0,1,0,0,0,0,0,0,0,0,0,1,0,0,0,0,0,0,0,1,0,1,0,0,1,1,0
271,2026-06-17,Beni,Malambo,Rughetsi,Femme,26 à 35 ans,Ménage retourné,1 à 2 ans,,Oui,Association,5,1,1,2,1,0,Oui,,0.3,,0.3,Oui,1,Faible,Vivriers diversifiés + élevage,E04,236.0,True,0,0,0,0,0,0,0,1,1,0,0,1,0,1,0,0,0,0,0,0,0,0,0,0,0,0,0,1,1,1,0,0,0,0,0,1,1,0,0,1,1,0,0,1,0,0,0,0,0,0,0,0,0,0,0,0,0,0,0,0,0,0,0,1,0,0,0,0,0,1,0,0,0,0,0,0,0
272,2026-06-17,Beni,Malambo,Rughetsi,Homme,Plus de 41 ans,Ménage retourné,plus de 2 ans,,Oui,Association,9,4,2,2,1,0,Oui,,0.02,,0.02,Oui,2,Faible,Vivriers diversifiés + élevage,E03,11.0,True,0,0,0,0,0,0,0,1,1,0,1,1,0,1,1,0,1,0,0,0,1,0,0,1,0,0,0,1,1,1,0,0,0,0,0,1,0,0,1,1,0,0,0,1,1,0,0,0,0,0,0,0,1,0,0,0,0,0,0,0,1,0,1,0,0,1,0,0,0,0,0,0,0,1,0,1,0
273,2026-06-17,Beni,Malambo,Hurara,Homme,26 à 35 ans,Ménage retourné,1 à 2 ans,,Non,,5,,1,3,1,0,Oui,,0.5,,0.5,Oui,1,Faible,Petits producteurs peu diversifiés,E15,1922.8,True,0,0,1,0,0,0,1,1,0,0,0,1,0,0,0,0,0,0,0,0,0,0,0,0,0,0,0,0,0,0,1,1,0,0,0,1,0,0,0,0,0,0,1,1,0,0,0,0,0,0,0,0,0,0,0,0,0,0,0,0,0,1,0,0,0,0,0,0,0,0,0,0,0,0,1,0,0
274,2026-06-17,Beni,Bolema,Bahambo,Femme,26 à 35 ans,Autre (ni retourné ni accueil),,,Non,,6,1,1,1,3,0,Non,Oui,,0.05,0.05,Non,4,Modérée,Petits producteurs peu diversifiés,E14,5.8,True,0,0,0,0,0,1,0,0,0,0,0,1,0,0,0,0,0,0,0,0,0,0,0,0,0,0,0,0,0,0,0,0,0,0,0,1,0,0,0,1,0,0,0,1,1,0,0,0,0,0,0,0,0,1,0,0,0,0,0,0,0,0,0,0,0,0,0,0,0,1,0,1,0,0,1,1,0
275,2026-06-17,Beni,Malambo,Rughetsi,Femme,18 à 25 ans,Ménage retourné,1 à 2 ans,,Oui,Association,4,1,1,1,1,0,Oui,,0.3,,0.3,Oui,1,Faible,Vivriers diversifiés + élevage,E04,262.2,True,0,0,0,0,0,1,0,1,1,0,0,1,0,1,0,0,0,0,0,0,0,0,0,0,0,0,0,1,1,1,0,0,0,0,0,1,1,0,0,1,1,0,0,1,0,0,0,0,0,0,0,0,0,0,0,0,0,0,0,0,0,0,0,1,0,0,0,0,0,1,0,0,0,0,0,0,0
276,2026-06-17,Beni,Lume,Q. Ruwenzori,Homme,Plus de 41 ans,Ménage retourné,6 à 12 mois,,Non,,7,1,1,1,4,0,Non,Oui,,0.5,0.5,Oui,3,Modérée,Vivriers diversifiés + élevage,E01,24.9,True,0,0,0,0,0,0,0,1,1,0,1,0,0,1,0,1,0,0,0,0,0,0,0,0,0,0,0,1,0,1,1,1,0,0,0,1,0,1,1,1,0,0,0,1,0,0,0,1,0,0,0,0,0,0,0,0,0,0,0,0,0,0,0,0,1,0,0,0,0,0,0,1,1,0,1,0,0
277,2026-06-17,Beni,Malambo,Rughetsi,Homme,Plus de 41 ans,Ménage retourné,plus de 2 ans,,Oui,Association,7,1,3,2,1,1,Oui,,0.1,,0.1,Oui,2,Faible,Vivriers diversifiés + élevage,E03,18.4,True,0,0,0,0,0,1,0,1,1,0,1,1,0,1,0,1,0,0,0,0,0,0,0,0,0,0,0,1,1,1,1,1,1,0,0,1,1,0,1,1,0,0,1,1,0,0,0,0,0,0,0,1,0,0,0,0,0,0,0,0,0,0,0,0,0,1,0,0,0,0,1,0,0,0,0,1,0
278,2026-06-17,Beni,Malambo,Rughetsi,Homme,18 à 25 ans,Ménage retourné,1 à 2 ans,,Oui,Association,4,1,1,1,1,0,Oui,,0.3,,0.3,Oui,0,Faible,Vivriers diversifiés + élevage,E04,220.3,True,0,0,0,0,0,1,0,1,1,0,0,1,0,1,0,0,0,0,0,0,0,0,0,0,0,0,0,1,1,1,0,0,0,0,0,1,1,0,0,1,1,0,0,1,0,0,0,0,0,0,0,0,0,0,0,0,0,0,0,0,0,0,0,1,0,0,0,0,0,0,0,0,0,0,0,0,0
279,2026-06-17,Beni,Lume,Q. Ruwenzori,Homme,18 à 25 ans,Autre (ni retourné ni accueil),,,Oui,Autres,5,1,1,1,2,0,Non,Oui,,0.2,0.2,Non,2,Faible,Petits producteurs peu diversifiés,E14,9.2,True,0,0,0,0,0,0,0,0,0,1,0,0,0,0,0,0,0,0,0,0,0,0,0,0,0,0,0,0,0,0,0,0,0,0,0,1,0,0,0,1,0,0,0,1,1,0,0,0,0,0,0,1,0,0,0,0,0,0,0,0,0,1,0,0,0,0,0,0,0,0,0,1,0,0,0,1,0
280,2026-06-17,Beni,Malambo,Rughetsi,Homme,36 à 40 ans,Ménage retourné,1 à 2 ans,,Oui,Association,9,1,1,1,6,0,Oui,,0.3,,0.3,Oui,1,Faible,Vivriers diversifiés + élevage,E04,252.6,True,0,0,0,0,0,0,0,1,1,0,0,1,0,1,0,0,0,0,0,0,0,0,0,0,0,0,0,1,1,1,0,0,0,0,0,1,1,0,0,1,1,0,0,1,0,0,0,0,0,0,0,0,0,0,0,0,0,0,0,0,1,0,0,1,0,0,0,0,0,0,0,0,0,1,0,0,0
281,2026-06-17,Beni,Malambo,Hurara,Femme,26 à 35 ans,Ménage retourné,1 à 2 ans,,Non,,8,2,2,2,2,0,Oui,,0.5,,0.5,Oui,2,Faible,Petits producteurs peu diversifiés,E15,1904.9,True,0,0,0,0,0,0,0,1,0,0,0,1,0,0,0,0,0,0,0,0,0,0,0,0,0,0,0,0,0,1,0,0,0,0,0,1,0,0,0,1,0,0,0,0,0,1,0,0,1,0,0,0,0,0,0,0,0,0,0,0,1,1,0,0,0,0,0,0,0,1,0,0,0,0,1,0,0
282,2026-06-17,Beni,Lume,Wiremba,Homme,Plus de 41 ans,Ménage retourné,plus de 2 ans,,Oui,Association,9,2,1,1,5,0,Oui,,0.5,,0.5,Oui,1,Faible,Vivriers diversifiés + élevage,E07,586.1,True,0,0,0,0,0,0,0,1,0,0,1,0,0,0,0,1,0,0,0,0,0,0,0,0,0,0,0,1,0,1,1,1,0,0,0,0,0,0,0,0,0,0,0,0,0,0,0,0,0,0,0,0,0,0,0,0,0,0,0,0,0,0,0,0,0,0,0,0,0,0,0,0,0,1,0,0,0
283,2026-06-17,Beni,Malambo,Rughetsi,Femme,Plus de 41 ans,Ménage retourné,plus de 2 ans,,Oui,Association,5,0,1,3,1,0,Oui,,0.1,,0.1,Oui,2,Faible,Vivriers diversifiés + élevage,E03,8.2,True,0,0,0,0,0,1,0,1,1,0,1,0,0,1,0,1,0,0,0,0,0,0,0,0,0,0,0,1,1,1,0,0,0,0,0,1,1,0,0,1,0,0,0,1,0,0,0,0,0,0,0,0,0,0,0,0,0,0,0,0,0,0,0,0,0,1,0,0,0,1,0,0,0,0,0,1,0
284,2026-06-17,Beni,Malambo,Rughetsi,Femme,Plus de 41 ans,Ménage retourné,1 à 2 ans,,Oui,Association,10,1,1,3,5,0,Oui,,0.5,,0.5,Oui,2,Faible,Vivriers diversifiés + élevage,E04,200.9,True,0,0,0,0,0,0,0,1,1,0,0,1,0,0,1,0,1,1,0,0,1,0,0,0,0,0,0,1,1,1,1,1,0,1,0,1,1,0,0,1,1,0,0,1,0,0,0,0,1,0,0,0,0,0,0,0,0,0,0,0,0,0,0,1,0,0,0,0,0,1,0,0,0,1,0,0,0
285,2026-06-17,Beni,Bolema,Lume,Femme,36 à 40 ans,Autre (ni retourné ni accueil),,,Non,,8,1,1,3,3,0,Non,Oui,,0.2,0.2,Oui,4,Modérée,Petits producteurs peu diversifiés,E14,11.0,True,0,0,0,0,0,0,0,1,1,0,0,0,0,0,1,0,1,0,0,0,0,0,0,0,0,0,0,1,0,1,0,0,0,0,0,1,1,0,0,1,0,0,0,1,1,0,0,1,0,0,0,0,0,0,0,0,0,0,0,0,0,1,0,0,0,0,0,0,0,1,0,1,0,0,1,1,0
286,2026-06-17,Beni,Lume,Q. Ruwenzori,Homme,26 à 35 ans,Ménage retourné,6 à 12 mois,,Non,,4,1,1,2,0,0,Oui,,0.5,,0.5,Oui,2,Faible,Petits producteurs peu diversifiés,E01,15.0,True,0,0,0,0,0,0,0,1,0,0,1,1,0,1,0,1,0,0,0,0,0,0,0,0,0,0,0,0,0,0,1,0,0,0,0,1,0,0,0,1,0,0,0,1,0,0,0,1,0,0,0,0,0,0,0,0,0,0,0,0,0,0,0,0,1,0,0,0,0,0,0,0,1,0,1,0,0
287,2026-06-17,Beni,Malambo,Rughetsi,Femme,Plus de 41 ans,Ménage retourné,1 à 2 ans,,Non,,5,0,1,2,2,0,Oui,,1.0,,1.0,Oui,2,Faible,Petits producteurs peu diversifiés,E03,10.2,True,0,0,0,0,0,1,0,1,0,0,1,0,0,0,1,0,0,0,0,0,1,0,0,1,0,0,0,1,0,1,0,0,0,0,0,1,0,0,1,1,0,0,0,1,0,0,0,0,0,0,0,0,0,0,0,0,0,0,0,0,0,0,0,0,0,1,0,0,0,1,0,0,0,0,1,0,0
288,2026-06-17,Beni,Malambo,Rughetsi,Femme,36 à 40 ans,Ménage retourné,1 à 2 ans,,Oui,Association,8,1,1,3,3,0,Oui,,0.4,,0.4,Oui,1,Faible,Vivriers diversifiés + élevage,E04,231.7,True,0,0,0,0,0,1,0,1,1,0,0,1,0,1,0,0,0,0,0,0,0,0,0,0,0,0,0,1,1,1,1,1,0,1,0,1,1,0,0,1,1,0,0,1,0,0,0,0,0,0,0,0,0,0,0,0,0,0,0,0,0,0,0,1,0,0,0,0,0,1,0,0,0,0,0,0,0
289,2026-06-17,Beni,Malambo,Hurara,Homme,26 à 35 ans,Famille d'accueil,,2,Oui,Association,5,1,1,2,1,0,Non,Oui,,0.3,0.3,Non,2,Faible,Petits producteurs peu diversifiés,E15,1882.5,True,0,0,0,0,0,0,0,0,1,0,1,0,0,0,0,0,0,0,0,0,0,0,0,0,0,0,0,0,0,0,0,0,0,0,0,1,0,0,0,1,0,0,0,0,1,0,0,0,0,0,0,0,0,0,0,0,0,0,0,0,1,1,0,0,0,0,0,0,0,0,0,1,0,0,0,0,1
290,2026-06-17,Beni,Malambo,Rughetsi,Femme,Plus de 41 ans,Ménage retourné,plus de 2 ans,,Oui,Association,8,1,1,4,2,0,Oui,,0.4,,0.4,Oui,1,Faible,Vivriers diversifiés + élevage,E04,189.8,True,0,0,0,0,0,1,0,1,1,0,1,1,0,1,0,0,0,0,0,0,0,0,0,0,0,0,0,1,1,1,1,1,0,1,0,1,1,0,0,1,1,0,0,1,0,0,0,0,0,0,0,0,0,0,0,0,0,0,0,0,0,0,0,1,0,0,0,0,0,1,0,0,0,0,0,0,0
291,2026-06-17,Beni,Malambo,Rughetsi,Homme,36 à 40 ans,Ménage retourné,plus de 2 ans,,Oui,Association,9,1,1,4,3,0,Oui,,0.5,,0.5,Oui,1,Faible,Vivriers diversifiés + élevage,E03,10.0,True,0,0,0,0,0,0,0,1,1,0,1,0,0,0,1,0,1,0,0,0,1,0,0,1,1,0,0,1,1,1,0,0,0,0,0,1,1,0,0,1,1,0,0,1,1,0,0,0,0,0,1,0,0,0,0,0,0,0,0,0,1,0,0,0,0,1,0,0,0,0,0,0,0,1,0,0,0
292,2026-06-17,Beni,Malambo,Rughetsi,Femme,18 à 25 ans,Ménage retourné,1 à 2 ans,,Oui,Association,4,1,1,1,1,0,Oui,,0.2,,0.2,Oui,2,Faible,Vivriers diversifiés + élevage,E04,220.6,True,0,0,0,0,0,1,0,1,1,0,0,1,0,1,0,0,0,0,0,0,0,0,0,0,0,0,0,1,1,1,0,0,0,0,0,1,1,0,0,1,1,0,0,1,0,0,0,0,0,0,0,0,0,0,0,0,0,0,0,0,0,0,0,1,0,0,0,0,0,1,0,0,0,0,0,1,0
293,2026-06-17,Beni,Bolema,Bahambo,Homme,Plus de 41 ans,Autre (ni retourné ni accueil),,,Non,,7,2,2,2,1,0,Non,Oui,,0.2,0.2,Oui,3,Modérée,Petits producteurs peu diversifiés,E14,7.6,True,0,0,0,0,0,0,0,0,0,1,0,0,0,0,0,0,0,0,0,0,0,0,0,0,0,0,0,1,0,1,0,0,0,0,0,1,1,0,0,1,0,0,0,1,1,0,0,0,0,0,0,1,0,0,0,0,0,0,0,0,0,1,0,0,0,0,0,0,0,0,0,1,0,0,1,1,0
294,2026-06-17,Beni,Lume,Q. Ruwenzori,Femme,Plus de 41 ans,Ménage retourné,Moins de 6 mois,,Non,,8,3,4,1,,0,Oui,,0.6,,0.6,Oui,3,Modérée,Vivriers diversifiés + élevage,E01,28.0,True,0,0,0,0,0,0,0,1,1,0,1,1,0,1,0,1,0,0,0,0,0,0,0,0,0,0,0,0,1,1,1,1,0,0,0,1,0,0,1,1,0,0,0,1,0,0,0,0,1,0,1,0,0,1,0,0,0,0,0,0,0,0,0,0,0,0,0,0,0,1,0,0,1,0,1,0,0
295,2026-06-17,Beni,Malambo,Rughetsi,Homme,18 à 25 ans,Ménage retourné,plus de 2 ans,,Oui,Association,5,1,1,2,1,0,Oui,,0.3,,0.3,Oui,0,Faible,Vivriers diversifiés + élevage,E04,178.2,True,0,0,0,0,0,0,0,1,1,0,0,1,0,1,0,0,0,0,0,0,0,0,0,0,0,0,0,1,1,1,1,1,0,1,0,1,1,0,0,1,1,0,0,1,0,0,0,0,0,0,0,0,0,0,0,0,0,0,0,0,0,0,0,1,0,0,0,0,0,0,0,0,0,0,0,0,0
296,2026-06-17,Beni,Malambo,Rughetsi,Homme,Plus de 41 ans,Ménage retourné,plus de 2 ans,,Oui,Association,6,1,1,2,2,0,Oui,,0.2,,0.2,Oui,1,Faible,Vivriers diversifiés + élevage,E03,12.9,True,0,0,0,0,0,0,0,1,1,0,1,0,0,1,0,1,0,0,0,0,0,0,0,0,0,0,0,1,1,1,0,0,0,0,0,1,1,0,0,1,0,0,0,1,0,0,0,0,0,0,0,0,0,0,0,0,0,0,0,0,0,0,0,1,0,1,0,0,0,0,0,0,0,0,0,1,0
297,2026-06-17,Beni,Lume,Q. Ruwenzori,Femme,18 à 25 ans,Ménage retourné,1 à 2 ans,,Non,,5,1,1,1,2,0,Non,Oui,,0.1,0.1,Oui,4,Modérée,Maraîchers pomme de terre,E14,9.3,True,0,0,0,0,0,0,0,0,0,0,0,0,0,0,1,0,1,0,0,0,0,0,0,0,0,0,0,0,0,1,1,0,1,0,0,1,0,0,0,1,1,0,0,1,1,0,0,1,0,0,0,0,0,0,0,0,0,0,0,0,0,1,0,0,0,0,0,0,0,1,0,1,0,0,1,1,0
298,2026-06-17,Beni,Malambo,Rughetsi,Homme,26 à 35 ans,Ménage retourné,1 à 2 ans,,Oui,Association,7,1,1,2,3,0,Non,Oui,,1.0,1.0,Oui,1,Faible,Vivriers diversifiés + élevage,E03,9.7,True,0,0,0,0,0,1,0,1,0,0,1,0,0,0,1,0,1,1,0,1,1,0,0,0,0,0,0,1,0,1,1,1,0,0,0,1,0,0,0,1,0,0,0,1,0,0,0,0,0,0,0,0,1,0,0,0,0,0,0,0,0,0,0,1,0,1,0,0,0,0,0,1,0,0,0,0,0
299,2026-06-17,Beni,Bolema,Lume,Homme,Plus de 41 ans,Autre (ni retourné ni accueil),,,Non,,14,4,5,3,2,0,Oui,,0.5,,0.5,Oui,2,Faible,Vivriers diversifiés + élevage,E14,21.8,True,0,0,0,0,0,0,0,1,1,0,1,0,0,0,1,0,1,0,0,0,1,0,0,1,0,0,0,1,0,1,0,0,0,0,0,1,0,0,0,1,0,0,0,1,1,0,0,0,1,0,0,0,0,0,0,0,0,0,0,0,0,1,0,0,0,0,0,1,0,0,0,0,0,1,1,0,0
300,2026-06-17,Beni,Malambo,Rughetsi,Homme,18 à 25 ans,Ménage retourné,1 à 2 ans,,Oui,Association,3,1,1,1,0,0,Non,Oui,,0.5,0.5,Oui,1,Faible,Vivriers diversifiés + élevage,E03,12.4,True,0,0,0,0,0,0,0,1,0,0,1,1,0,1,0,1,0,0,0,0,0,0,0,0,0,0,0,1,0,1,1,0,0,1,0,1,0,0,0,1,0,1,0,1,0,0,0,0,0,0,1,0,0,0,0,0,0,0,0,0,0,0,1,0,0,0,0,0,0,0,0,1,0,0,0,0,0
301,2026-06-17,Beni,Lume,Q. Ruwenzori,Homme,26 à 35 ans,Ménage retourné,Moins de 6 mois,,Non,,9,1,1,4,3,0,Oui,,1.0,,1.0,Oui,3,Modérée,Vivriers diversifiés + élevage,E01,12.2,True,0,0,0,0,0,1,0,1,1,0,1,0,0,1,0,1,0,0,0,0,0,0,0,0,0,0,0,1,0,1,1,1,0,0,0,1,0,0,0,1,1,0,1,1,0,0,0,0,1,0,1,0,0,1,0,0,0,0,0,0,0,0,0,0,1,0,0,0,0,0,0,0,1,1,1,0,0
302,2026-06-17,Beni,Malambo,Rughetsi,Homme,Plus de 41 ans,Ménage retourné,plus de 2 ans,,Oui,Coopérative,4,1,2,1,0,0,Oui,,0.5,,0.5,Oui,0,Faible,Vivriers diversifiés + élevage,E03,10.4,True,0,0,1,0,0,0,1,1,1,0,1,1,0,0,1,0,1,0,0,0,1,0,0,1,1,0,0,0,0,1,1,1,0,0,0,1,1,0,0,1,1,0,0,1,0,0,0,0,0,0,0,0,1,0,0,0,0,0,0,0,1,0,1,0,0,0,0,0,0,0,0,0,0,0,0,0,0
303,2026-06-17,Beni,Lume,Q. Ruwenzori,Femme,Plus de 41 ans,Ménage retourné,Moins de 6 mois,,Non,,8,0,4,3,1,0,Non,Oui,,0.04,0.04,Oui,5,Élevée,Vivriers diversifiés + élevage,E01,16.2,True,0,0,0,0,0,0,0,1,1,0,1,1,0,1,0,1,0,0,0,0,0,0,0,0,0,0,0,1,0,1,1,1,0,0,0,1,0,0,1,1,1,0,1,1,0,0,0,0,1,1,0,0,0,1,0,0,0,0,0,0,0,0,0,0,1,0,0,0,0,1,0,1,1,0,1,1,0
304,2026-06-17,Beni,Bolema,Lume,Femme,36 à 40 ans,Autre (ni retourné ni accueil),,,Non,,10,1,1,4,4,0,Oui,,0.4,,0.4,Oui,3,Modérée,Riziculteurs diversifiés,E14,10.4,True,0,0,0,0,0,1,0,1,1,1,1,0,0,0,0,0,0,0,0,0,0,0,0,0,0,0,0,1,0,1,1,1,1,0,0,1,0,0,0,1,0,0,0,1,1,0,0,0,1,0,0,0,0,0,0,0,0,0,0,0,0,1,0,0,0,0,0,1,0,1,0,0,0,1,1,0,0
305,2026-06-17,Beni,Malambo,Rughetsi,Femme,Plus de 41 ans,Ménage retourné,plus de 2 ans,,Oui,Association,8,3,2,1,2,1,Oui,,1.0,,1.0,Oui,2,Faible,Vivriers diversifiés + élevage,E03,10.3,True,0,0,0,0,0,1,0,1,0,0,1,1,0,0,1,1,1,0,0,0,1,0,1,1,0,0,0,1,0,1,1,1,0,0,0,1,0,0,0,1,0,0,0,1,1,0,0,0,0,0,0,0,0,0,0,0,0,0,0,0,0,0,0,0,0,1,0,0,0,1,1,0,0,0,0,0,0
306,2026-06-17,Beni,Bolema,Lume,Femme,26 à 35 ans,Autre (ni retourné ni accueil),,,Non,,6,2,1,1,2,0,Oui,,0.2,,0.2,Oui,3,Modérée,Petits producteurs peu diversifiés,E14,6.9,True,0,0,0,0,0,1,0,1,0,0,1,0,0,0,0,0,0,0,0,0,0,0,0,0,0,0,0,0,0,1,0,0,0,0,0,1,0,0,0,1,1,0,0,1,1,0,0,0,1,0,0,0,0,0,0,0,0,0,0,0,0,1,1,0,0,0,0,0,0,1,0,0,0,0,1,1,0
307,2026-06-17,Beni,Lume,Q. Ruwenzori,Homme,36 à 40 ans,Ménage retourné,Moins de 6 mois,,Non,,8,1,3,3,1,1,Oui,,0.06,,0.06,Oui,4,Modérée,Vivriers diversifiés + élevage,E01,13.5,True,0,0,1,0,0,0,1,1,1,0,1,1,0,1,0,1,0,0,0,0,0,0,0,0,0,0,0,0,0,0,1,1,0,0,0,1,0,0,0,1,0,0,0,1,0,0,0,0,1,1,1,0,0,1,0,0,0,0,0,0,0,0,0,0,0,0,0,0,0,0,1,0,1,0,1,1,0
308,2026-06-17,Beni,Malambo,Rughetsi,Femme,26 à 35 ans,Ménage retourné,1 à 2 ans,,Oui,Association,7,1,1,3,2,0,Oui,,0.4,,0.4,Oui,1,Faible,Vivriers diversifiés + élevage,E04,158.1,True,0,0,0,0,0,1,0,1,1,0,0,1,0,1,0,0,0,0,0,0,0,0,0,0,0,0,0,1,1,1,1,1,0,0,0,1,1,0,0,1,1,0,0,1,0,0,0,0,1,0,0,0,0,0,0,0,0,0,0,0,0,0,0,1,0,0,0,0,0,1,0,0,0,0,0,0,0
309,2026-06-17,Beni,Malambo,Rughetsi,Femme,18 à 25 ans,Ménage retourné,1 à 2 ans,,Oui,Association,4,1,1,1,1,0,Non,Oui,,0.25,0.25,Oui,2,Faible,Vivriers diversifiés + élevage,E03,376.8,True,0,0,0,0,0,1,0,1,1,0,1,0,1,1,0,0,0,0,0,0,0,0,0,0,0,0,0,1,1,1,0,0,0,0,0,1,1,0,1,1,1,0,0,1,0,0,0,0,0,0,0,0,0,0,0,0,0,0,0,0,0,0,0,0,0,1,0,0,0,1,0,1,0,0,0,0,0
310,2026-06-17,Beni,Malambo,Rughetsi,Homme,Plus de 41 ans,Ménage retourné,1 à 2 ans,,Oui,Association,10,1,1,4,4,0,Oui,,0.4,,0.4,Oui,1,Faible,Vivriers diversifiés + élevage,E04,112.2,True,0,0,0,0,0,1,0,1,1,0,0,1,0,1,1,0,1,1,0,1,1,0,0,0,0,0,0,1,1,1,1,1,0,1,0,1,1,0,0,1,1,0,0,1,0,0,0,0,0,0,0,0,0,0,0,0,0,0,0,1,0,0,0,1,0,0,0,0,0,0,0,0,0,1,0,0,0
311,2026-06-17,Beni,Lume,Q. Ruwenzori,Homme,Plus de 41 ans,Ménage retourné,Moins de 6 mois,,Non,,19,5,5,4,5,1,Oui,,2.0,,2.0,Oui,4,Modérée,Vivriers diversifiés + élevage,E01,16.8,True,0,0,1,0,0,0,1,1,1,0,1,1,0,1,0,1,0,0,0,0,0,0,0,0,0,0,0,1,0,1,1,1,0,0,0,1,1,0,1,1,1,0,1,1,0,0,0,0,1,0,1,0,0,1,0,0,0,0,0,1,0,0,0,0,1,0,0,0,0,0,1,0,1,1,1,0,0
312,2026-06-17,Beni,Lume,Lume,Femme,26 à 35 ans,Ménage retourné,1 à 2 ans,,Non,,6,1,1,3,1,0,Oui,,0.25,,0.25,Oui,2,Faible,Petits producteurs peu diversifiés,E14,275.5,True,0,0,0,0,0,0,0,1,1,0,1,0,0,0,0,0,0,0,0,0,0,0,0,0,0,0,0,1,0,0,0,0,0,0,0,1,0,0,0,1,1,0,0,1,1,0,0,1,0,0,0,0,0,0,0,0,0,0,0,0,0,1,0,0,0,0,0,0,0,1,0,0,0,0,1,0,0
313,2026-06-17,Beni,Malambo,Rughetsi,Homme,36 à 40 ans,Ménage retourné,1 à 2 ans,,Oui,Association,8,1,1,3,3,0,Non,Oui,,1.25,1.25,Oui,1,Faible,Vivriers diversifiés + élevage,E03,373.3,True,0,0,0,0,0,1,0,1,1,0,1,0,0,1,1,1,1,0,0,0,1,0,1,1,0,0,0,0,1,1,1,1,0,0,0,1,1,0,0,1,1,0,1,1,1,0,0,0,0,0,0,0,0,0,0,0,0,0,0,1,1,0,0,0,0,1,0,0,0,0,0,1,0,0,0,0,0
314,2026-06-17,Beni,Malambo,Rughetsi,Femme,18 à 25 ans,Ménage retourné,1 à 2 ans,,Oui,Association,3,1,1,1,0,0,Oui,,0.2,,0.2,Oui,2,Faible,Vivriers diversifiés + élevage,E04,135.1,True,0,0,0,0,0,1,0,1,1,0,0,1,0,1,1,0,1,1,0,0,1,0,0,0,0,0,0,1,1,1,1,0,0,1,0,1,1,0,0,1,1,0,0,1,0,0,0,0,0,0,0,0,0,0,0,0,0,0,0,0,0,0,0,1,0,0,0,0,0,1,0,0,0,0,0,1,0
315,2026-06-17,Beni,Malambo,Rughetsi,Homme,18 à 25 ans,Ménage retourné,1 à 2 ans,,Oui,Association,5,1,1,2,1,1,Oui,,0.25,,0.25,Oui,1,Faible,Vivriers diversifiés + élevage,E03,365.7,True,0,0,0,0,0,0,0,1,1,0,1,0,0,0,1,0,1,0,1,0,1,0,1,1,0,0,0,1,0,1,1,1,0,0,0,1,1,0,0,1,1,0,0,1,1,0,0,0,0,0,0,0,0,0,0,0,0,0,0,0,1,0,0,1,0,0,0,0,0,0,1,0,0,0,0,0,0
316,2026-06-17,Beni,Lume,Q. Ruwenzori,Femme,Plus de 41 ans,Ménage retourné,6 à 12 mois,,Non,,6,2,2,1,1,0,Non,Oui,,0.04,0.04,Oui,5,Élevée,Vivriers diversifiés + élevage,E01,11.3,True,0,0,0,0,0,0,0,1,1,0,1,1,0,1,0,1,0,0,0,0,0,0,0,0,0,0,0,1,0,1,1,1,0,0,0,1,1,0,1,1,0,0,0,1,0,0,0,0,1,0,1,0,0,1,0,0,0,0,0,0,0,0,0,0,1,0,0,0,0,1,0,1,1,0,1,1,0
317,2026-06-17,Beni,Malambo,Rughetsi,Femme,26 à 35 ans,Ménage retourné,1 à 2 ans,,Oui,Association,6,1,1,3,1,0,Non,Oui,,0.1,0.1,Non,3,Modérée,Petits producteurs peu diversifiés,E03,361.7,True,0,0,0,0,0,1,0,1,1,0,1,0,0,0,0,0,0,0,0,0,0,0,0,0,0,0,0,0,0,0,0,0,0,0,0,1,0,0,0,1,1,0,1,1,1,0,0,0,0,0,0,0,0,0,0,0,0,0,0,1,0,1,0,1,0,1,0,0,0,1,0,1,0,0,0,1,0
318,2026-06-17,Beni,Malambo,Rughetsi,Femme,Plus de 41 ans,Ménage retourné,plus de 2 ans,,Oui,Association,7,1,1,2,3,0,Oui,,1.0,,1.0,Oui,1,Faible,Vivriers diversifiés + élevage,E03,357.2,True,0,0,0,0,0,0,0,1,0,0,1,0,0,1,1,0,1,1,0,0,1,0,0,0,1,0,0,1,0,1,1,1,0,0,0,1,1,0,0,1,1,0,1,1,1,0,0,0,0,0,1,0,0,0,0,0,0,0,0,0,0,0,0,0,0,1,0,0,0,1,0,0,0,0,0,0,0
319,2026-06-17,Beni,Lume,Q. Ruwenzori,Homme,Plus de 41 ans,Ménage retourné,6 à 12 mois,,Non,,8,1,1,2,4,0,Oui,,0.04,,0.04,Oui,3,Modérée,Vivriers diversifiés + élevage,E01,12.5,True,0,0,0,0,0,1,0,1,1,0,1,1,0,1,0,1,0,0,0,0,0,0,0,0,0,0,0,1,0,1,1,1,0,0,0,1,0,0,1,0,0,0,0,1,0,0,0,0,1,1,1,0,0,1,0,0,0,0,0,0,0,0,0,0,1,0,0,0,0,0,0,0,1,0,1,1,0
320,2026-06-17,Beni,Lume,Q. Ruwenzori,Homme,26 à 35 ans,Ménage retourné,Moins de 6 mois,,Non,,3,1,1,1,0,0,Oui,,0.03,,0.03,Oui,3,Modérée,Vivriers diversifiés + élevage,E01,16.6,True,0,0,0,0,0,1,0,1,1,0,1,1,0,1,0,1,0,0,0,0,0,0,0,0,0,0,0,1,0,1,1,1,0,0,0,1,1,0,1,1,1,0,1,1,0,0,0,1,1,1,1,0,0,1,0,0,0,0,0,0,0,0,0,0,0,0,0,0,0,0,0,0,1,0,1,1,0
321,2026-06-17,Beni,Malambo,Kibanda,Femme,18 à 25 ans,Ménage retourné,plus de 2 ans,,Oui,Association,3,1,1,0,1,0,Oui,,0.6,,0.6,Oui,1,Faible,Vivriers diversifiés + élevage,E12,394.2,False,0,1,0,0,0,1,1,1,1,0,1,1,0,1,1,0,0,0,1,0,1,0,0,0,0,1,0,0,0,1,0,0,0,0,0,1,0,0,0,1,1,0,1,1,1,0,0,0,1,0,0,0,0,0,0,0,0,0,0,0,0,1,0,0,0,0,0,0,0,1,0,0,0,0,0,0,0
322,2026-06-17,Beni,Malambo,Rughetsi,Femme,Plus de 41 ans,Ménage retourné,1 à 2 ans,,Oui,Association,10,1,1,3,5,0,Oui,,0.02,,0.02,Oui,3,Modérée,Riziculteurs diversifiés,E05,20.4,True,0,0,0,0,0,1,0,1,1,1,1,1,0,1,0,0,0,0,0,0,0,0,0,0,0,0,0,1,1,0,1,1,0,0,0,1,0,0,0,1,1,0,0,1,1,0,0,0,1,0,0,0,0,0,0,0,0,0,0,0,0,0,0,1,0,0,0,0,0,1,0,0,0,1,0,1,0
323,2026-06-17,Beni,Malambo,Kibanda,Femme,18 à 25 ans,Ménage retourné,plus de 2 ans,,Oui,Organisation Paysanne,3,1,1,1,0,0,Oui,,0.5,,0.5,Oui,1,Faible,Vivriers diversifiés + élevage,E12,384.7,False,0,1,0,0,0,1,1,1,1,0,0,1,0,1,0,0,0,0,0,0,0,0,0,0,0,0,0,0,0,1,1,0,0,1,0,1,1,0,0,1,1,0,1,1,1,0,0,0,1,0,0,0,0,0,0,1,0,0,0,0,0,1,0,0,0,0,0,0,0,1,0,0,0,0,0,0,0
324,2026-06-17,Beni,Malambo,Rughetsi,Homme,36 à 40 ans,Ménage retourné,1 à 2 ans,,Oui,Association,8,1,1,4,2,0,Oui,,0.3,,0.3,Oui,0,Faible,Vivriers diversifiés + élevage,E04,1131.1,True,0,0,0,0,0,0,0,1,1,0,0,1,0,1,0,0,0,0,0,0,0,0,0,0,0,0,0,1,0,1,0,0,0,0,0,1,1,0,0,1,1,0,0,1,0,0,0,0,0,0,0,0,0,1,0,0,0,0,0,0,0,1,0,0,0,0,0,0,0,0,0,0,0,0,0,0,0
325,2026-06-17,Beni,Malambo,Kibanda,Femme,18 à 25 ans,Ménage retourné,6 à 12 mois,,Oui,Association,3,1,1,1,0,0,Oui,,0.3,,0.3,Non,2,Faible,Petits producteurs peu diversifiés,E12,375.0,False,0,1,0,0,0,1,1,1,1,0,0,1,0,0,1,0,0,0,0,0,1,1,0,0,0,0,0,0,0,0,0,0,0,0,0,1,0,0,1,1,1,0,1,1,1,0,0,0,1,0,1,0,0,0,0,0,0,0,0,0,0,1,0,0,0,0,0,0,0,1,0,0,1,0,0,0,0
326,2026-06-17,Beni,Lume,Q. Ruwenzori,Femme,Plus de 41 ans,Famille d'accueil,,2,Non,,13,4,4,2,3,0,Non,Oui,,1.0,1.0,Non,5,Élevée,Petits producteurs peu diversifiés,E01,15.9,True,0,0,0,0,0,1,0,1,1,0,1,1,0,1,0,1,0,0,0,0,0,0,0,0,0,0,0,0,0,0,0,0,0,0,0,1,0,0,1,1,0,0,1,1,1,0,0,0,1,1,1,0,0,1,0,0,0,0,0,0,0,0,0,0,1,0,0,0,0,1,0,1,0,1,1,0,1
327,2026-06-17,Beni,Malambo,Rughetsi,Homme,Plus de 41 ans,Ménage retourné,1 à 2 ans,,Oui,Association,5,1,1,1,2,0,Oui,,0.5,,0.5,Oui,0,Faible,Vivriers diversifiés + élevage,E05,28.5,True,0,0,0,0,0,1,0,1,1,0,0,1,0,1,0,1,0,0,0,0,0,0,0,0,0,0,0,1,0,1,1,1,0,0,0,1,0,0,0,1,0,0,0,1,1,0,0,0,1,0,0,0,0,0,0,0,0,0,0,0,0,0,0,1,0,0,0,0,0,0,0,0,0,0,0,0,0
328,2026-06-17,Beni,Malambo,Rughetsi,Homme,Plus de 41 ans,Ménage retourné,plus de 2 ans,,Non,,6,2,1,2,1,1,Oui,,0.1,,0.1,Oui,3,Modérée,Petits producteurs peu diversifiés,E03,307.9,True,0,0,0,0,0,1,0,1,0,0,0,0,0,0,1,0,1,0,1,0,0,0,1,1,0,0,0,1,0,1,0,0,0,0,0,1,1,0,0,0,1,0,1,1,1,0,0,0,0,0,0,0,0,0,0,0,0,0,0,0,0,0,1,0,0,0,0,0,0,0,1,0,0,0,1,1,0
329,2026-06-17,Beni,Malambo,Kibanda,Femme,26 à 35 ans,Ménage retourné,1 à 2 ans,,Oui,Organisation Paysanne,6,1,1,3,1,0,Non,Oui,,0.2,0.2,Oui,3,Modérée,Petits producteurs peu diversifiés,E12,353.1,False,0,1,0,0,0,1,1,1,1,0,0,1,0,0,1,0,0,0,0,0,1,1,0,1,1,0,0,0,0,1,0,0,0,0,0,1,1,0,1,1,1,0,1,1,1,0,0,0,1,0,0,0,0,0,0,0,0,0,0,0,0,1,0,0,0,0,0,0,0,1,0,1,0,0,0,1,0
330,2026-06-17,Beni,Malambo,Rughetsi,Femme,26 à 35 ans,Ménage retourné,1 à 2 ans,,Non,,4,1,1,1,1,0,Oui,,0.1,,0.1,Oui,3,Modérée,Petits producteurs peu diversifiés,E03,297.2,True,0,0,0,0,0,0,0,1,1,0,0,0,0,0,1,0,1,0,1,0,0,0,1,1,0,0,0,0,0,1,0,0,0,0,0,1,1,0,0,1,1,0,1,1,1,0,0,0,0,0,0,0,0,0,0,0,0,0,0,0,0,0,0,1,0,0,0,0,0,1,0,0,0,0,1,1,0
331,2026-06-17,Beni,Lume,Q. Ruwenzori,Homme,36 à 40 ans,Ménage retourné,Moins de 6 mois,,Non,,7,2,0,1,4,0,Oui,,0.04,,0.04,Oui,3,Modérée,Vivriers diversifiés + élevage,E01,12.1,True,0,0,1,0,0,0,1,0,1,0,1,1,0,1,0,1,0,0,0,0,0,0,0,0,0,0,0,1,0,1,1,0,0,0,0,1,0,0,1,1,1,0,1,1,0,0,0,0,1,1,1,0,0,1,0,0,0,0,0,0,0,0,0,0,1,0,0,0,0,0,0,0,1,0,1,1,0
332,2026-06-17,Beni,Malambo,Rughetsi,Femme,36 à 40 ans,Ménage retourné,plus de 2 ans,,Non,,5,1,1,2,1,0,Non,Oui,,0.12,0.12,Oui,4,Modérée,Petits producteurs peu diversifiés,E03,292.2,True,0,0,0,0,0,0,0,1,1,0,0,0,0,0,1,0,1,0,0,0,1,0,1,1,0,0,0,0,0,1,1,0,0,0,1,1,0,0,1,1,0,0,1,1,1,0,0,0,0,0,0,0,0,0,0,0,0,0,0,0,1,0,1,0,0,0,0,0,0,1,0,1,0,0,1,1,0
333,2026-06-17,Beni,Malambo,Rughetsi,Femme,Plus de 41 ans,Ménage retourné,1 à 2 ans,,Oui,Association,10,1,1,4,4,0,Oui,,0.5,,0.5,Oui,2,Faible,Riziculteurs diversifiés,E05,26.1,True,0,0,0,0,0,1,0,1,1,1,1,0,1,1,0,0,0,0,0,0,0,0,0,0,0,0,0,1,0,1,1,1,0,0,0,1,0,0,0,1,1,0,0,1,1,0,0,0,0,0,0,0,0,0,0,0,0,0,0,0,0,0,0,1,0,0,0,0,0,1,0,0,0,1,0,0,0
334,2026-06-17,Beni,Malambo,Kibanda,Femme,Plus de 41 ans,Ménage retourné,1 à 2 ans,,Oui,Organisation Paysanne,2,1,1,0,0,0,Non,Oui,,0.3,0.3,Oui,2,Faible,Petits producteurs peu diversifiés,E12,336.5,False,0,1,0,0,0,0,1,1,1,1,1,0,0,1,1,0,0,0,0,0,1,1,1,0,0,0,0,0,1,0,0,0,0,0,0,1,0,0,1,1,1,0,1,1,1,0,0,0,1,0,1,0,0,0,0,0,0,0,0,0,0,1,0,0,0,0,0,0,0,1,0,1,0,0,0,0,0
335,2026-06-17,Beni,Malambo,Rughetsi,Femme,36 à 40 ans,Famille d'accueil,,1,Non,,8,2,2,2,2,0,Non,Oui,,0.25,0.25,Non,3,Modérée,Petits producteurs peu diversifiés,E03,287.2,True,0,0,0,0,0,1,0,1,1,0,1,0,0,1,1,0,1,1,0,0,1,0,1,1,0,0,0,0,0,0,0,0,0,0,0,1,0,0,0,1,0,0,1,1,1,0,0,0,0,0,0,0,0,0,0,0,0,0,0,0,1,0,0,1,0,0,1,0,0,1,0,1,0,0,1,0,0
336,2026-06-17,Beni,Malambo,Kibanda,Homme,18 à 25 ans,Ménage retourné,plus de 2 ans,,Oui,Organisation Paysanne,2,1,1,0,0,0,Oui,,2.0,,2.0,Oui,0,Faible,Vivriers diversifiés + élevage,E12,322.4,False,0,1,0,0,0,0,1,1,1,0,1,1,0,1,1,0,0,0,0,0,1,0,0,0,1,0,0,0,0,1,0,0,0,0,0,1,0,0,1,1,1,0,1,1,1,0,0,0,1,0,1,0,0,0,0,0,0,0,0,0,0,1,0,0,0,0,0,0,0,0,0,0,0,0,0,0,0
337,2026-06-17,Beni,Malambo,Rughetsi,Homme,36 à 40 ans,Ménage retourné,1 à 2 ans,,Oui,Association,4,1,1,2,0,0,Oui,,0.1,,0.1,Oui,1,Faible,Petits producteurs peu diversifiés,E03,279.6,True,0,0,0,0,0,0,0,1,1,0,0,1,0,0,1,0,1,0,1,1,0,0,1,0,0,0,0,0,1,1,1,0,0,0,1,1,0,0,1,1,1,0,1,1,0,0,0,0,0,0,0,0,0,0,0,0,0,0,0,0,0,0,0,1,0,0,1,0,0,0,0,0,0,0,0,1,0
338,2026-06-17,Beni,Lume,Q. Ruwenzori,Homme,36 à 40 ans,Ménage retourné,Moins de 6 mois,,Non,,3,0,1,1,1,0,Non,Oui,,1.0,1.0,Oui,3,Modérée,Vivriers diversifiés + élevage,E01,14.6,True,0,0,1,0,0,0,1,1,1,0,1,1,0,1,1,1,0,0,1,0,0,0,0,1,0,0,0,1,0,0,0,0,0,0,0,1,0,0,0,1,1,0,1,1,0,0,0,1,0,0,0,0,0,0,0,0,0,0,0,0,0,0,0,0,0,0,0,0,0,0,0,1,1,0,1,0,0
339,2026-06-17,Beni,Malambo,Rughetsi,Femme,Plus de 41 ans,Famille d'accueil,,1,Non,,6,1,1,2,2,0,Oui,,0.25,,0.25,Oui,2,Faible,Vivriers diversifiés + élevage,E03,276.1,True,0,0,0,0,0,1,0,1,1,0,1,1,0,0,1,0,1,0,0,0,1,0,1,1,0,0,0,0,1,1,1,1,0,0,1,1,1,0,1,1,1,0,1,1,1,0,0,0,0,0,0,0,0,0,0,0,0,0,0,0,1,0,1,0,0,1,0,0,0,1,0,0,0,0,1,0,0
340,2026-06-17,Beni,Malambo,Rughetsi,Homme,36 à 40 ans,Ménage retourné,1 à 2 ans,,Oui,Association,5,1,1,1,2,0,Oui,,0.2,,0.2,Oui,1,Faible,Vivriers diversifiés + élevage,E05,16.2,True,0,0,0,0,0,0,0,1,1,0,1,0,0,1,0,0,0,0,0,0,0,0,0,0,0,0,0,1,0,1,1,1,0,0,0,1,0,0,0,1,0,0,0,1,1,0,0,0,1,1,0,0,0,0,0,0,0,0,0,0,0,0,0,1,0,0,0,0,0,0,0,0,0,0,0,1,0
341,2026-06-17,Beni,Lume,Q. Ruwenzori,Homme,Plus de 41 ans,Ménage retourné,Moins de 6 mois,,Non,,7,1,1,4,1,0,Non,Oui,,1.0,1.0,Oui,3,Modérée,Riziculteurs diversifiés,E01,9.9,True,0,0,1,0,0,1,1,1,1,1,1,1,1,1,0,1,0,0,0,0,0,0,0,0,0,0,0,1,0,1,1,0,0,0,0,1,1,0,1,1,0,0,1,1,0,0,0,0,0,0,0,0,0,0,1,0,0,0,0,0,0,0,0,0,1,0,0,0,0,0,0,1,1,0,1,0,0
342,2026-06-17,Beni,Malambo,Kibanda,Homme,Plus de 41 ans,Ménage retourné,1 à 2 ans,,Oui,Organisation Paysanne,2,1,1,0,0,0,Non,Oui,,0.6,0.6,Non,1,Faible,Petits producteurs peu diversifiés,E12,305.1,False,0,1,0,0,0,1,1,1,1,0,1,1,0,1,1,0,0,0,1,0,1,0,1,1,0,0,0,0,0,0,0,0,0,0,0,1,0,0,0,1,1,0,1,1,1,0,0,0,1,0,1,0,0,0,0,0,0,0,0,0,0,1,0,0,0,0,0,0,0,0,0,1,0,0,0,0,0
343,2026-06-17,Beni,Malambo,Rughetsi,Femme,36 à 40 ans,Famille d'accueil,,1,Non,,5,1,1,2,1,0,Non,Oui,,0.25,0.25,Oui,3,Modérée,Vivriers diversifiés + élevage,E03,269.9,True,0,0,0,0,0,0,0,1,1,0,1,1,0,0,1,0,1,1,0,0,1,0,0,1,1,0,0,1,1,1,0,0,0,0,0,1,1,0,1,0,1,0,0,1,1,0,0,0,0,0,0,0,0,0,0,0,0,0,0,0,1,0,0,1,0,0,1,0,0,1,0,1,0,0,1,0,0
344,2026-06-17,Beni,Malambo,Rughetsi,Homme,Plus de 41 ans,Ménage retourné,1 à 2 ans,,Oui,Association,8,1,1,3,3,0,Oui,,0.3,,0.3,Oui,0,Faible,Riziculteurs diversifiés,E05,7.2,True,0,0,0,0,0,1,0,1,1,1,0,0,0,1,0,1,0,0,0,0,0,0,0,0,0,0,0,1,0,1,1,1,0,0,0,1,0,0,0,1,1,0,0,1,1,0,0,0,0,0,0,0,0,0,0,0,0,0,0,0,0,0,0,1,0,0,0,0,0,0,0,0,0,0,0,0,0
345,2026-06-17,Beni,Malambo,Rughetsi,Homme,26 à 35 ans,Ménage retourné,plus de 2 ans,,Oui,Association,6,1,1,1,3,0,Oui,,1.0,,1.0,Oui,0,Faible,Vivriers diversifiés + élevage,E03,195.9,True,0,0,0,0,0,1,0,1,1,0,1,0,1,0,1,1,1,0,1,1,0,0,1,1,0,0,0,0,1,1,0,0,0,0,0,1,1,0,0,1,1,0,0,1,0,0,0,0,0,0,0,0,0,0,0,0,0,0,0,0,0,0,0,0,0,1,0,0,0,0,0,0,0,0,0,0,0
346,2026-06-17,Beni,Malambo,Kibanda,Homme,Plus de 41 ans,Ménage retourné,1 à 2 ans,,Oui,Organisation Paysanne,4,1,3,0,0,0,Non,Oui,,0.8,0.8,Oui,1,Faible,Vivriers diversifiés + élevage,E12,292.8,False,0,1,0,0,0,1,1,1,1,0,1,1,0,1,1,0,1,0,0,0,1,1,0,0,0,0,0,1,0,0,0,0,0,0,0,1,1,0,0,1,1,0,1,1,1,0,0,0,1,0,1,0,0,0,0,0,0,0,0,0,0,1,0,0,0,0,0,0,0,0,0,1,0,0,0,0,0
347,2026-06-17,Beni,Lume,Kivisire,Femme,Plus de 41 ans,Famille d'accueil,,2,Oui,Association,14,2,4,2,6,3,Oui,,0.4,,0.4,Oui,4,Modérée,Petits producteurs peu diversifiés,E07,311.4,True,0,0,0,0,0,1,0,1,0,0,1,0,0,0,0,0,0,0,0,0,0,0,0,0,0,0,0,0,0,0,1,0,1,0,0,1,0,0,0,1,0,0,0,1,0,0,0,0,0,0,0,0,0,0,0,0,0,0,0,0,1,1,0,0,0,0,0,0,0,1,1,0,0,1,0,0,1
348,2026-06-17,Beni,Malambo,Rughetsi,Femme,26 à 35 ans,Ménage retourné,1 à 2 ans,,Non,,10,1,1,4,4,0,Oui,,1.0,,1.0,Oui,3,Modérée,Riziculteurs diversifiés,E05,36.7,True,0,0,1,0,0,1,1,1,1,1,1,1,1,1,1,1,1,0,1,1,0,1,0,1,0,0,0,1,0,1,1,1,0,0,0,1,0,0,0,1,0,0,0,1,1,0,0,0,0,0,0,0,0,0,0,0,0,0,0,0,0,0,0,1,0,0,0,0,0,1,0,0,0,1,1,0,0
349,2026-06-17,Beni,Lume,Q. Ruwenzori,Homme,Plus de 41 ans,Ménage retourné,Moins de 6 mois,,Non,,7,2,1,3,1,0,Non,Oui,,1.0,1.0,Oui,3,Modérée,Vivriers diversifiés + élevage,E01,11.5,True,0,0,0,0,0,0,0,1,1,0,1,1,0,0,1,1,0,0,1,0,0,0,0,1,0,0,0,0,0,1,1,1,0,0,0,1,1,0,1,1,1,0,1,1,0,0,0,0,1,0,1,0,0,1,0,0,0,0,0,0,0,0,0,0,1,0,0,0,0,0,0,1,1,0,1,0,0
350,2026-06-17,Beni,Malambo,Kibanda,Homme,Plus de 41 ans,Ménage retourné,1 à 2 ans,,Oui,Organisation Paysanne,7,1,1,2,3,0,Oui,,0.9,,0.9,Non,0,Faible,Petits producteurs peu diversifiés,E12,283.9,False,0,1,0,0,0,1,1,1,1,0,0,1,0,1,1,0,0,0,1,0,1,0,0,0,1,0,0,0,0,0,0,0,0,0,0,1,0,0,0,1,1,0,1,1,1,0,0,0,1,0,1,0,0,0,0,0,0,0,0,0,0,1,0,0,0,0,0,0,0,0,0,0,0,0,0,0,0
351,2026-06-17,Beni,Malambo,Kibanda,Femme,Plus de 41 ans,Ménage retourné,6 à 12 mois,,Oui,Association,14,6,5,1,2,1,Non,Oui,,0.17,0.17,Non,6,Élevée,Petits producteurs peu diversifiés,E12,276.6,True,0,0,0,0,0,1,0,1,1,0,1,1,0,1,1,0,1,0,1,0,1,0,0,0,0,1,0,0,0,0,0,0,0,0,0,1,0,0,0,1,1,0,1,1,1,0,0,0,1,0,1,0,0,0,0,0,0,0,0,0,0,1,0,0,0,0,0,0,0,1,1,1,1,1,0,1,0
352,2026-06-17,Beni,Lume,Mwangaza,Femme,26 à 35 ans,Ménage retourné,plus de 2 ans,,Oui,Association,11,1,2,6,2,1,Non,Oui,,0.1,0.1,Oui,5,Élevée,Petits producteurs peu diversifiés,E07,297.0,True,0,0,0,0,0,0,0,1,0,0,0,0,0,0,1,0,0,0,0,1,0,0,0,0,1,0,0,1,0,1,0,0,0,0,0,1,0,0,0,1,0,0,0,1,0,0,0,0,0,0,0,0,0,0,0,0,0,0,0,0,0,0,0,0,0,0,0,0,0,1,1,1,0,1,0,1,0
353,2026-06-17,Beni,Malambo,Kibanda,Femme,Plus de 41 ans,Ménage retourné,1 à 2 ans,,Oui,Organisation Paysanne,1,0,1,0,0,0,Non,Oui,,0.3,0.3,Non,2,Faible,Petits producteurs peu diversifiés,E12,270.4,False,0,1,0,0,0,1,1,1,1,0,1,1,0,1,1,0,1,0,1,0,1,1,0,0,0,0,0,0,0,0,0,0,0,0,0,1,0,0,0,1,1,0,1,1,1,0,0,0,1,0,1,0,0,0,0,0,0,0,0,0,0,1,0,0,0,0,0,0,0,1,0,1,0,0,0,0,0
354,2026-06-17,Beni,Lume,Q. Ruwenzori,Homme,Plus de 41 ans,Ménage retourné,Moins de 6 mois,,Non,,10,2,2,1,5,1,Non,Oui,,0.04,0.04,Oui,6,Élevée,Vivriers diversifiés + élevage,E01,8.7,True,0,0,1,0,0,1,1,1,1,0,1,1,0,1,0,1,0,0,0,0,0,0,0,0,0,0,0,1,0,1,1,1,0,0,0,1,0,1,1,1,0,1,1,1,0,0,0,0,1,0,1,0,0,1,0,0,0,0,0,0,0,0,0,0,1,0,0,0,0,0,1,1,1,1,1,1,0
355,2026-06-17,Beni,Lume,Q. Ruwenzori,Femme,18 à 25 ans,Ménage retourné,1 à 2 ans,,Non,,5,1,2,1,1,0,Oui,,0.1,,0.1,Oui,3,Modérée,Petits producteurs peu diversifiés,E07,1694.2,True,0,0,0,0,0,0,0,1,0,0,1,0,0,0,0,1,0,0,0,0,0,0,0,0,0,0,0,1,0,1,0,0,0,0,0,1,0,0,1,1,0,0,0,1,1,0,0,0,0,0,0,0,0,0,0,0,0,0,0,0,1,1,0,0,0,0,0,0,0,1,0,0,0,0,1,1,0
356,2026-06-17,Beni,Malambo,Kibanda,Femme,26 à 35 ans,Ménage retourné,1 à 2 ans,,Oui,Organisation Paysanne,8,1,1,2,4,0,Non,Oui,,0.1,0.1,Non,3,Modérée,Petits producteurs peu diversifiés,E12,263.2,True,0,0,0,0,0,1,0,1,1,0,1,1,0,1,1,0,1,0,0,0,1,0,0,0,0,0,0,0,0,0,0,0,0,0,0,1,0,0,0,1,1,0,1,1,1,0,0,0,1,0,1,0,0,0,0,0,0,0,0,0,0,1,0,0,0,0,0,0,0,1,0,1,0,0,0,1,0
357,2026-06-17,Beni,Lume,Kivisire,Femme,18 à 25 ans,Ménage retourné,plus de 2 ans,,Oui,Association,5,1,1,3,0,0,Non,Oui,,0.05,0.05,Non,3,Modérée,Petits producteurs peu diversifiés,E07,1687.1,True,0,0,0,0,0,0,0,1,0,0,0,0,0,0,0,0,0,0,0,0,0,0,0,0,0,0,0,0,0,0,0,0,0,0,0,1,0,0,0,1,0,0,0,1,0,0,0,0,0,0,0,0,0,0,0,0,0,0,0,0,1,0,0,1,0,0,0,0,0,1,0,1,0,0,0,1,0
358,2026-06-17,Beni,Malambo,Kibanda,Femme,36 à 40 ans,Ménage retourné,1 à 2 ans,,Oui,Organisation Paysanne,10,1,2,5,2,0,Non,Oui,,0.13,0.13,Non,4,Modérée,Petits producteurs peu diversifiés,E12,257.2,False,0,1,0,0,0,1,1,1,1,0,1,1,0,1,1,0,1,0,1,0,1,0,0,1,0,0,0,0,0,0,0,0,0,0,0,1,0,0,0,1,1,0,1,1,1,0,0,0,1,0,1,0,0,0,0,0,0,0,0,0,0,1,0,0,0,0,0,0,0,1,0,1,0,1,0,1,0
359,2026-06-17,Beni,Malambo,Rughetsi,Femme,Plus de 41 ans,Ménage retourné,1 à 2 ans,,Oui,Association,5,0,1,2,2,0,Oui,,0.02,,0.02,Oui,2,Faible,Riziculteurs diversifiés,E05,9.4,True,0,0,0,0,0,1,0,1,1,1,1,1,1,1,0,1,0,0,0,0,0,0,0,0,0,0,0,1,0,1,1,1,0,0,0,1,0,0,0,1,1,0,0,1,1,0,0,0,1,0,0,0,0,0,0,0,0,0,0,0,0,0,0,1,0,0,0,0,0,1,0,0,0,0,0,1,0
360,2026-06-17,Beni,Lume,Mwangaza,Femme,Plus de 41 ans,Ménage retourné,plus de 2 ans,,Oui,Association,11,3,5,1,2,0,Oui,,0.2,,0.2,Non,3,Modérée,Petits producteurs peu diversifiés,E07,1680.4,True,0,0,0,0,0,1,0,1,0,0,0,1,0,0,1,0,0,0,0,0,0,0,0,0,1,0,0,0,0,0,0,0,0,0,0,1,0,0,0,1,0,0,0,1,0,0,0,0,0,0,0,0,0,0,0,0,0,0,0,0,1,0,0,0,0,0,0,0,0,1,0,0,0,1,0,1,0
361,2026-06-17,Beni,Malambo,Kibanda,Femme,Plus de 41 ans,Ménage retourné,1 à 2 ans,,Oui,Organisation Paysanne,5,1,1,1,2,0,Non,Oui,,0.15,0.15,Non,3,Modérée,Petits producteurs peu diversifiés,E12,250.9,False,0,1,0,0,0,1,1,1,1,0,0,1,0,1,0,0,0,0,0,0,0,0,0,0,0,0,0,0,0,0,0,0,0,0,0,1,0,0,0,1,1,0,1,1,1,0,0,0,1,0,1,0,0,0,0,0,0,0,0,0,0,1,0,0,0,0,0,0,0,1,0,1,0,0,0,1,0
362,2026-06-17,Beni,Lume,Kivisire,Homme,Plus de 41 ans,Ménage retourné,plus de 2 ans,,Oui,Association,11,1,3,1,6,0,Non,Oui,,0.15,0.15,Oui,3,Modérée,Petits producteurs peu diversifiés,E07,1671.8,True,0,0,0,0,0,0,0,1,0,0,1,0,0,0,0,0,0,0,0,0,0,0,0,0,0,0,0,1,0,0,1,0,1,0,0,1,0,0,1,1,0,0,1,1,0,0,0,0,0,0,0,0,0,0,0,0,0,0,0,0,1,0,0,0,0,0,0,0,0,0,0,1,0,1,0,1,0
363,2026-06-17,Beni,Malambo,Kibanda,Femme,36 à 40 ans,Ménage retourné,1 à 2 ans,,Oui,Association,9,1,1,6,1,0,Non,Oui,,0.17,0.17,Non,4,Modérée,Petits producteurs peu diversifiés,E12,242.3,False,0,1,0,0,0,1,1,1,1,0,0,1,0,1,1,0,1,0,0,0,1,1,1,0,1,0,0,0,0,0,0,0,0,0,0,1,0,0,0,1,1,0,1,1,1,0,0,0,1,0,1,0,0,0,0,0,0,0,0,0,0,1,0,0,0,0,0,0,0,1,0,1,0,1,0,1,0
364,2026-06-17,Beni,Malambo,Rughetsi,Femme,Plus de 41 ans,Ménage retourné,1 à 2 ans,,Oui,Association,5,1,1,2,1,0,Oui,,0.3,,0.3,Oui,1,Faible,Vivriers diversifiés + élevage,E05,14.5,True,0,0,0,0,0,1,0,1,1,0,1,0,0,1,0,0,0,0,0,0,0,0,0,0,0,0,0,1,0,1,1,1,0,0,0,1,0,0,0,1,0,0,0,1,1,0,0,0,0,0,0,0,0,0,0,0,0,0,0,0,0,0,0,1,0,0,0,0,0,1,0,0,0,0,0,0,0
365,2026-06-17,Beni,Malambo,Kibanda,Femme,26 à 35 ans,Ménage retourné,1 à 2 ans,,Oui,Organisation Paysanne,11,1,1,6,3,0,Oui,,0.2,,0.2,Oui,3,Modérée,Vivriers diversifiés + élevage,E12,236.0,False,0,1,0,0,0,1,1,1,1,0,0,0,0,1,1,1,1,0,0,0,1,1,0,0,1,0,0,1,0,0,1,1,0,0,0,1,1,0,0,1,1,0,1,1,1,0,0,0,1,0,1,0,0,0,0,0,0,0,0,0,0,1,0,0,0,0,0,0,0,1,0,0,0,1,0,1,0
366,2026-06-17,Beni,Kalembo,Hurara,Femme,Plus de 41 ans,Ménage retourné,plus de 2 ans,,Non,,10,4,3,1,2,0,Oui,,2.0,,2.0,Oui,3,Modérée,Riziculteurs diversifiés,E08,6.3,True,0,0,0,0,0,1,0,1,1,1,1,0,0,0,0,0,0,0,0,0,0,0,0,0,0,0,0,1,0,1,0,0,0,0,0,1,1,1,0,1,0,0,0,1,0,0,0,0,0,0,1,0,1,0,0,0,0,0,0,0,0,0,1,0,0,0,0,0,0,1,0,0,0,1,1,0,0
367,2026-06-17,Beni,Lume,Mwangaza,Femme,Plus de 41 ans,Ménage retourné,plus de 2 ans,,Oui,Association,10,1,2,3,4,0,Non,Oui,,0.1,0.1,Non,4,Modérée,Petits producteurs peu diversifiés,E07,1660.5,True,0,0,0,0,0,1,0,0,0,0,1,0,0,0,0,0,0,0,0,0,0,0,0,0,0,0,0,0,0,0,0,0,0,0,0,1,0,0,0,1,0,0,0,1,0,0,0,0,0,0,0,0,0,0,0,0,0,0,0,0,1,0,0,0,0,0,0,1,0,1,0,1,0,1,0,1,0
368,2026-06-17,Beni,Malambo,Kibanda,Homme,36 à 40 ans,Ménage retourné,1 à 2 ans,,Oui,Organisation Paysanne,14,3,5,1,5,0,Oui,,0.04,,0.04,Oui,2,Faible,Vivriers diversifiés + élevage,E12,229.4,False,0,1,0,0,0,0,1,1,1,0,1,1,0,1,1,1,1,0,1,0,1,1,0,0,1,0,0,0,0,0,1,1,0,0,0,1,0,0,0,1,1,0,1,1,1,0,0,0,1,0,1,0,0,0,0,0,0,0,0,0,0,0,0,0,0,0,0,0,0,0,0,0,0,1,0,1,0
369,2026-06-17,Beni,Malambo,Rughetsi,Femme,36 à 40 ans,Ménage retourné,1 à 2 ans,,Oui,Association,7,1,1,1,4,0,Oui,,0.2,,0.2,Oui,2,Faible,Riziculteurs diversifiés,E05,10.4,True,0,0,0,0,0,1,0,1,1,1,1,1,1,0,0,0,0,0,0,0,0,0,0,0,0,0,0,1,1,1,1,1,0,0,0,1,0,0,0,1,0,0,0,1,1,0,0,0,0,0,0,0,0,0,0,0,0,0,0,0,0,0,0,1,0,0,0,0,0,1,0,0,0,0,0,1,0
370,2026-06-17,Beni,Malambo,Hurara,Femme,Plus de 41 ans,Ménage retourné,plus de 2 ans,,Non,,6,2,2,0,2,0,Oui,,0.1,,0.1,Oui,3,Modérée,Vivriers diversifiés + élevage,E16,5.8,True,0,0,0,0,0,1,0,1,1,0,1,0,1,1,0,0,0,0,0,0,0,0,0,0,0,0,0,1,0,1,0,0,0,0,0,1,0,0,1,1,0,1,0,1,1,0,0,0,1,0,1,0,0,0,0,0,0,0,0,0,0,0,1,0,0,0,0,0,0,1,0,0,0,0,1,1,0
371,2026-06-17,Beni,Malambo,Hurara,Femme,36 à 40 ans,Ménage retourné,1 à 2 ans,,Non,,6,2,1,1,2,0,Oui,,0.3,,0.3,Oui,2,Faible,Petits producteurs peu diversifiés,E17,7.6,True,0,0,0,0,0,1,0,1,1,0,0,0,0,0,1,0,0,0,0,0,0,0,1,1,1,1,0,1,0,0,0,0,0,0,0,1,0,0,0,1,1,1,0,1,0,1,0,0,1,0,1,0,0,0,0,0,0,0,0,0,0,0,1,0,0,0,0,0,0,1,0,0,0,0,1,0,0
372,2026-06-17,Beni,Lume,Mwangaza,Femme,36 à 40 ans,Ménage retourné,Moins de 6 mois,,Oui,Association,8,1,2,3,2,0,Oui,,0.2,,0.2,Non,3,Modérée,Petits producteurs peu diversifiés,E07,1648.4,True,0,0,0,0,0,0,0,1,0,0,1,0,0,0,0,1,0,0,0,0,0,0,0,0,0,0,0,0,0,0,0,0,0,0,0,1,0,0,1,1,0,0,1,1,0,0,0,0,0,0,0,0,0,0,0,0,0,0,0,0,1,1,0,0,0,0,0,0,0,1,0,0,1,0,0,1,0
373,2026-06-17,Beni,Malambo,Kibanda,Homme,36 à 40 ans,Ménage retourné,1 à 2 ans,,Oui,Organisation Paysanne,11,1,1,5,4,0,Oui,,0.04,,0.04,Non,2,Faible,Petits producteurs peu diversifiés,E12,219.4,True,0,0,0,0,0,0,0,1,1,0,0,1,0,1,1,0,1,0,0,0,1,0,0,0,1,0,0,0,0,0,0,0,0,0,0,1,0,0,0,1,1,0,1,1,1,0,0,0,1,0,1,0,0,0,0,0,0,0,0,0,0,1,0,0,0,0,0,0,0,0,0,0,0,1,0,1,0
374,2026-06-17,Beni,Malambo,Rughetsi,Femme,Plus de 41 ans,Ménage retourné,1 à 2 ans,,Oui,Association,4,0,1,1,2,2,Oui,,0.2,,0.2,Oui,3,Modérée,Vivriers diversifiés + élevage,E05,6.6,True,0,0,1,0,0,1,1,1,1,0,1,1,0,1,0,0,0,0,0,0,0,0,0,0,0,0,0,1,0,1,1,1,0,0,0,1,0,0,0,1,0,0,0,1,1,0,0,0,0,0,0,0,0,0,0,0,0,0,0,0,0,0,0,1,0,0,0,0,0,1,1,0,0,0,0,1,0
375,2026-06-17,Beni,Malambo,Hurara,Femme,36 à 40 ans,Ménage retourné,plus de 2 ans,,Oui,Organisation Paysanne,6,2,3,0,1,0,Oui,,1.0,,1.0,Oui,1,Faible,Riziculteurs diversifiés,E08,7.2,True,0,0,0,0,0,1,0,1,1,1,0,1,0,0,0,0,0,0,0,0,0,0,0,0,0,0,0,1,1,1,1,1,0,0,0,1,0,1,1,1,1,1,1,1,0,0,0,0,0,0,1,1,0,0,0,0,0,0,0,0,0,0,1,0,0,0,0,0,0,1,0,0,0,0,0,0,0
376,2026-06-17,Beni,Malambo,Kibanda,Homme,26 à 35 ans,Ménage retourné,1 à 2 ans,,Oui,Organisation Paysanne,11,1,1,6,3,0,Oui,,0.02,,0.02,Oui,2,Faible,Vivriers diversifiés + élevage,E12,212.3,False,0,1,0,0,0,0,1,1,1,0,0,1,0,1,1,0,1,0,1,0,1,1,0,0,0,1,0,0,0,1,1,1,0,0,0,1,1,0,0,1,1,0,1,1,1,0,0,0,1,0,1,0,0,0,0,0,0,0,0,0,0,1,0,0,0,0,0,0,0,0,0,0,0,1,0,1,0
377,2026-06-17,Beni,Malambo,Rughetsi,Femme,26 à 35 ans,Ménage retourné,1 à 2 ans,,Oui,Association,4,0,1,2,1,0,Oui,,0.2,,0.2,Oui,2,Faible,Riziculteurs diversifiés,E05,23.0,True,0,0,0,0,0,1,0,1,1,1,1,0,0,0,0,1,0,0,0,0,0,0,0,0,0,0,0,1,1,0,1,1,0,0,0,1,0,0,0,1,0,0,0,1,1,0,0,0,0,0,0,0,0,0,0,0,0,0,0,0,0,0,0,1,0,0,0,0,0,1,0,0,0,0,0,1,0
378,2026-06-17,Beni,Lume,Mwangaza,Femme,26 à 35 ans,Ménage retourné,plus de 2 ans,,Oui,Association,8,2,2,3,1,0,Oui,,0.1,,0.1,Oui,2,Faible,Petits producteurs peu diversifiés,E07,1638.7,True,0,0,0,0,0,0,0,1,0,0,1,0,0,0,0,0,0,0,0,0,0,0,0,0,0,0,0,0,0,1,0,0,0,0,0,1,0,0,1,1,0,0,0,1,0,0,0,0,0,0,0,0,0,0,0,0,0,0,0,0,1,1,0,0,0,1,0,0,0,1,0,0,0,0,0,1,0
379,2026-06-17,Beni,Malambo,Hurara,Homme,36 à 40 ans,Ménage retourné,plus de 2 ans,,Oui,Association,11,4,3,1,3,0,Oui,,0.35,,0.35,Oui,1,Faible,Vivriers diversifiés + élevage,E11,1781.9,False,0,1,0,0,0,0,1,1,1,0,1,1,0,0,1,0,0,0,0,0,0,0,1,1,1,0,0,1,0,1,1,1,1,0,0,1,1,0,0,1,1,0,0,1,1,1,0,0,0,0,0,0,0,0,0,0,0,0,0,0,0,0,0,0,0,0,0,0,0,0,0,0,0,1,0,0,0
380,2026-06-17,Beni,Malambo,Kibanda,Homme,36 à 40 ans,Ménage retourné,1 à 2 ans,,Oui,Organisation Paysanne,11,1,1,5,4,0,Oui,,0.05,,0.05,Oui,2,Faible,Vivriers diversifiés + élevage,E12,205.8,False,0,1,0,0,0,1,1,1,1,0,0,1,0,1,1,1,1,0,0,0,1,0,0,0,0,0,0,0,0,1,0,0,0,0,0,1,0,0,0,1,1,0,1,1,1,0,0,0,1,0,1,0,0,0,0,0,0,0,0,0,0,1,0,0,0,0,0,0,0,0,0,0,0,1,0,1,0
381,2026-06-17,Beni,Kalembo,Hurara,Femme,36 à 40 ans,Ménage retourné,plus de 2 ans,,Non,,8,3,2,1,2,0,Oui,,1.0,,1.0,Oui,2,Faible,Riziculteurs diversifiés,E08,5.0,True,0,0,0,0,0,1,0,0,0,1,0,0,0,0,0,0,0,0,0,0,0,0,0,0,0,0,0,1,0,1,1,1,0,0,0,1,1,0,1,1,0,0,1,1,1,0,0,0,0,0,1,1,0,0,0,0,0,0,0,0,0,0,1,0,0,0,0,0,0,1,0,0,0,0,1,0,0
382,2026-06-17,Beni,Lume,Mwangaza,Femme,26 à 35 ans,Ménage retourné,plus de 2 ans,,Oui,Association,8,2,1,2,3,0,Non,Oui,,0.075,0.075,Oui,3,Modérée,Petits producteurs peu diversifiés,E07,1631.1,True,0,0,0,0,0,0,0,1,0,0,0,1,0,0,0,0,0,0,0,0,0,0,0,0,0,0,0,0,0,0,1,0,1,0,0,1,0,0,1,1,1,0,0,1,0,0,0,0,0,0,0,0,0,0,0,0,0,0,0,0,1,1,0,0,0,0,0,0,0,1,0,1,0,0,0,1,0
383,2026-06-17,Beni,Malambo,Hurara,Homme,Plus de 41 ans,Ménage retourné,plus de 2 ans,,Non,,8,2,3,1,2,0,Oui,,0.6,,0.6,Non,1,Faible,Maraîchers pomme de terre,E08,4.7,True,1,0,1,0,0,0,2,0,0,0,0,0,0,0,1,0,0,0,0,0,0,0,1,1,1,0,0,0,0,0,0,0,0,0,0,1,0,0,1,1,0,0,1,1,0,1,0,1,0,0,0,0,0,0,0,0,0,0,0,0,0,0,1,0,0,0,0,0,0,0,0,0,0,0,1,0,0
384,2026-06-17,Beni,Malambo,Hurara,Femme,36 à 40 ans,Ménage retourné,plus de 2 ans,,Non,,4,1,1,2,0,0,Oui,,0.3,,0.3,Oui,2,Faible,Vivriers diversifiés + élevage,E08,4.0,True,1,0,0,0,0,1,1,1,1,0,0,1,0,0,0,0,0,0,0,0,0,0,0,0,0,0,0,1,0,1,0,0,0,0,0,1,0,0,1,1,1,1,0,1,0,1,0,0,1,0,1,0,0,0,0,0,0,0,0,0,0,0,1,0,0,0,0,0,0,1,0,0,0,0,1,0,0
385,2026-06-17,Beni,Lume,Mwangaza,Femme,18 à 25 ans,Ménage retourné,plus de 2 ans,,Oui,Association,8,3,2,0,3,0,Oui,,0.15,,0.15,Oui,2,Faible,Petits producteurs peu diversifiés,E07,1623.3,True,0,0,0,0,0,0,0,1,0,0,0,1,1,0,0,0,0,0,0,0,0,0,0,0,0,0,0,0,0,0,1,0,1,0,0,1,0,0,0,1,1,0,0,1,0,0,0,0,0,0,0,0,0,0,0,0,0,0,0,0,1,0,0,0,0,0,0,0,0,1,0,0,0,0,0,1,0
386,2026-06-17,Beni,Malambo,Hurara,Femme,36 à 40 ans,Ménage retourné,plus de 2 ans,,Non,,7,2,3,1,1,0,Oui,,1.0,,1.0,Oui,2,Faible,Vivriers diversifiés + élevage,E08,4.3,True,1,0,0,0,0,1,1,1,1,0,0,0,0,0,0,0,0,0,0,0,0,0,0,0,0,0,0,1,0,1,1,1,0,0,0,1,1,0,0,1,0,0,1,1,0,1,0,0,0,0,1,0,0,1,0,0,0,0,0,0,0,0,1,0,0,0,0,0,0,1,0,0,0,0,1,0,0
387,2026-06-17,Beni,Malambo,Hurara,Femme,36 à 40 ans,Ménage retourné,plus de 2 ans,,Oui,Autres,4,1,1,1,1,0,Oui,,0.5,,0.5,Oui,1,Faible,Riziculteurs diversifiés,E11,1766.0,True,0,0,0,0,0,1,0,1,1,1,0,0,0,0,1,0,1,0,1,0,0,1,1,0,1,1,0,1,1,1,1,1,0,0,0,1,1,0,0,1,1,0,0,1,1,1,0,0,0,0,0,0,0,0,0,0,0,0,0,0,0,1,1,0,0,0,0,0,0,1,0,0,0,0,0,0,0
388,2026-06-17,Beni,Lume,Mwangaza,Femme,Plus de 41 ans,Ménage retourné,plus de 2 ans,,Oui,Association,5,1,3,1,0,0,Oui,,0.15,,0.15,Oui,2,Faible,Petits producteurs peu diversifiés,E07,1616.0,True,0,0,0,0,0,0,0,1,0,0,0,0,0,0,0,1,0,0,0,0,0,0,0,0,0,0,0,1,0,0,0,0,0,0,0,1,0,0,0,1,0,0,0,1,0,0,0,0,0,0,0,0,0,0,0,0,0,0,0,0,1,0,0,0,0,0,0,0,0,1,0,0,0,0,0,1,0
389,2026-06-17,Beni,Malambo,Hurara,Femme,36 à 40 ans,Ménage retourné,1 à 2 ans,,Non,,12,3,4,1,4,0,Oui,,1.0,,1.0,Oui,3,Modérée,Vivriers diversifiés + élevage,E08,6.3,True,0,0,1,0,0,1,1,1,1,0,0,0,0,0,0,0,0,0,0,0,0,0,0,0,0,0,0,1,0,1,1,1,0,0,0,1,1,0,1,1,0,0,0,1,1,0,0,0,0,0,1,0,0,0,0,0,0,0,0,0,0,0,1,0,0,0,0,0,0,1,0,0,0,1,1,0,0
390,2026-06-17,Beni,Lume,Lume,Femme,26 à 35 ans,Ménage retourné,1 à 2 ans,,Non,,4,0,1,1,2,0,Oui,,0.25,,0.25,Oui,2,Faible,Petits producteurs peu diversifiés,E14,10.3,True,0,0,0,0,0,1,0,1,1,0,0,0,0,0,0,0,0,0,0,0,0,0,0,0,0,0,0,1,0,0,0,0,0,0,0,1,0,0,0,1,1,0,1,1,1,0,0,1,0,0,0,0,0,0,0,0,0,0,0,0,0,1,1,0,0,0,0,0,0,1,0,0,0,0,1,0,0
391,2026-06-17,Beni,Malambo,Hurara,Femme,26 à 35 ans,Ménage retourné,plus de 2 ans,,Oui,Organisation Paysanne,4,1,1,2,0,0,Oui,,0.3,,0.3,Oui,1,Faible,Petits producteurs peu diversifiés,E08,6.0,True,0,0,0,0,0,1,0,1,1,0,1,0,0,0,0,0,0,0,0,0,0,0,0,0,0,0,0,1,0,1,0,0,0,0,0,1,0,0,0,1,0,0,0,1,0,0,0,0,1,0,0,0,0,0,0,0,0,0,0,0,0,0,1,0,0,1,0,0,0,1,0,0,0,0,0,0,0
392,2026-06-17,Beni,Malambo,Hurara,Homme,18 à 25 ans,Ménage retourné,Moins de 6 mois,,Oui,Association,3,1,1,0,1,0,Oui,,0.3,,0.3,Oui,1,Faible,Petits producteurs peu diversifiés,E15,1514.1,True,0,0,0,0,0,0,0,1,0,0,1,0,0,0,0,0,0,0,0,0,0,0,0,0,0,0,0,0,0,1,0,0,0,0,0,0,0,0,1,1,0,0,0,0,0,0,1,0,0,0,0,0,0,0,0,0,0,0,0,0,1,1,0,0,0,0,0,0,0,0,0,0,1,0,0,0,0
393,2026-06-17,Beni,Malambo,Hurara,Femme,26 à 35 ans,Ménage retourné,plus de 2 ans,,Non,,6,2,1,1,2,0,Oui,,2.0,,2.0,Oui,2,Faible,Vivriers diversifiés + élevage,E08,4.7,True,1,0,1,0,0,1,2,1,0,0,0,1,0,0,0,0,0,0,0,0,0,0,0,0,0,0,0,1,0,0,1,1,0,0,0,1,0,0,0,1,0,1,0,1,0,0,0,0,0,0,0,0,0,1,0,0,0,0,0,0,0,0,0,0,0,0,0,0,0,1,0,0,0,0,1,0,0
394,2026-06-17,Beni,Malambo,Hurara,Femme,26 à 35 ans,Ménage retourné,plus de 2 ans,,Non,,10,3,2,2,3,0,Oui,,1.0,,1.0,Oui,3,Modérée,Petits producteurs peu diversifiés,E08,6.2,True,0,0,0,0,0,0,0,1,1,0,1,0,0,0,0,0,0,0,0,0,0,0,0,0,0,0,0,0,0,0,1,1,0,0,0,1,0,0,0,1,0,1,0,1,0,0,0,0,1,0,0,1,0,0,0,0,0,0,0,0,0,0,0,0,0,0,0,0,0,1,0,0,0,1,1,0,0
395,2026-06-17,Beni,Malambo,Kibanda,Homme,36 à 40 ans,Ménage retourné,plus de 2 ans,,Oui,Organisation Paysanne,5,1,1,2,1,0,Oui,,0.005,,0.005,Non,1,Faible,Maraîchers pomme de terre,E12,165.8,False,0,1,0,0,0,0,1,1,0,0,0,1,1,0,1,0,0,0,0,0,1,0,0,0,0,0,0,0,0,0,0,0,0,0,0,1,0,0,0,1,1,0,1,1,1,0,0,0,1,0,1,0,0,0,0,0,0,0,0,0,0,1,0,0,0,0,0,1,0,0,0,0,0,0,0,1,0
396,2026-06-17,Beni,Lume,Kivisire,Femme,18 à 25 ans,Ménage retourné,plus de 2 ans,,Oui,Coopérative,5,1,1,2,1,0,Non,Oui,,0.15,0.15,Non,3,Modérée,Petits producteurs peu diversifiés,E07,124.0,True,0,0,0,0,0,0,0,1,0,0,1,1,0,1,1,0,0,0,0,0,0,0,1,0,0,0,0,0,0,0,0,0,0,0,0,1,0,0,0,1,0,0,1,1,1,0,0,0,0,0,0,0,0,0,0,0,0,0,0,0,0,0,1,0,0,0,0,0,0,1,0,1,0,0,0,1,0
397,2026-06-17,Beni,Malambo,Hurara,Femme,36 à 40 ans,Ménage retourné,1 à 2 ans,,Non,,5,1,2,2,0,0,Oui,,0.3,,0.3,Non,2,Faible,Petits producteurs peu diversifiés,E08,3.9,True,1,0,0,0,0,0,1,1,1,0,0,0,0,0,0,0,0,0,0,0,0,0,0,0,0,0,0,0,0,0,0,0,0,0,0,1,0,0,0,1,0,1,0,1,0,0,0,0,0,0,1,0,0,0,0,0,0,0,0,0,0,0,1,0,0,0,0,0,0,1,0,0,0,0,1,0,0
398,2026-06-17,Beni,Malambo,Hurara,Femme,26 à 35 ans,Famille d'accueil,,1,Non,,2,0,1,1,0,0,Non,Non,,,,Oui,4,Modérée,Petits producteurs peu diversifiés,E15,1494.6,True,0,0,0,0,0,0,0,0,0,0,0,0,0,0,0,0,0,0,0,0,0,0,0,0,0,0,0,0,0,1,1,1,0,0,0,0,0,0,1,1,0,0,0,0,1,1,0,0,0,0,0,0,0,0,0,0,0,0,0,1,0,1,0,0,0,1,0,0,0,1,0,1,0,0,1,1,0
399,2026-06-17,Beni,Malambo,Kibanda,Femme,Plus de 41 ans,Ménage retourné,plus de 2 ans,,Oui,Organisation Paysanne,5,1,1,2,1,0,Oui,,0.04,,0.04,Non,2,Faible,Petits producteurs peu diversifiés,E12,158.7,False,0,1,0,0,0,1,1,1,1,0,1,1,0,1,1,0,1,0,0,0,1,0,0,0,1,0,0,0,0,0,0,0,0,0,0,1,0,0,0,1,1,0,0,1,1,0,0,0,1,0,0,0,0,0,0,0,0,0,0,0,0,1,0,0,0,0,0,1,0,1,0,0,0,0,0,1,0
400,2026-06-17,Beni,Malambo,Hurara,Homme,Plus de 41 ans,Ménage retourné,plus de 2 ans,,Non,,8,2,2,3,1,0,Oui,,2.0,,2.0,Oui,1,Faible,Vivriers diversifiés + élevage,E08,3.9,True,1,0,0,0,0,0,1,1,1,0,0,0,0,0,0,0,0,0,0,0,0,0,0,0,0,0,0,1,0,1,0,0,0,0,0,1,0,1,0,1,0,0,0,1,0,1,0,0,0,0,1,1,0,0,0,0,0,0,0,0,0,0,0,0,0,1,0,0,0,0,0,0,0,0,1,0,0
401,2026-06-17,Beni,Malambo,Hurara,Femme,26 à 35 ans,Ménage retourné,plus de 2 ans,,Non,,5,1,1,2,1,0,Oui,,1.0,,1.0,Oui,2,Faible,Petits producteurs peu diversifiés,E08,4.7,True,1,0,0,0,0,0,1,1,1,0,0,0,0,0,1,0,0,0,0,1,0,0,0,0,0,0,0,1,0,0,0,0,0,0,0,1,0,0,0,1,0,0,0,1,0,1,0,0,0,0,1,1,0,0,0,0,0,0,0,0,0,0,1,0,0,0,0,0,0,1,0,0,0,0,1,0,0
402,2026-06-17,Beni,Malambo,Kibanda,Femme,36 à 40 ans,Ménage retourné,1 à 2 ans,,Oui,Organisation Paysanne,9,2,3,2,2,0,Oui,,0.015,,0.015,Non,3,Modérée,Petits producteurs peu diversifiés,E12,149.7,False,0,1,0,0,0,1,1,1,1,0,0,1,0,1,1,0,1,0,0,0,1,1,0,0,0,0,0,0,0,0,0,0,0,0,0,1,0,0,0,1,1,0,1,1,1,0,0,0,1,0,1,0,0,0,0,0,0,0,0,0,0,1,0,0,0,0,0,1,0,1,0,0,0,1,0,1,0
403,2026-06-17,Beni,Lume,Kivisire,Femme,Plus de 41 ans,Ménage retourné,1 à 2 ans,,Oui,Association,14,1,1,6,6,1,Non,Oui,,0.05,0.05,Non,5,Élevée,Petits producteurs peu diversifiés,E07,1576.2,True,0,0,0,0,0,0,0,1,0,0,1,0,0,0,0,0,0,0,0,0,0,0,0,0,0,0,0,0,0,0,0,0,0,0,0,1,0,0,1,1,0,0,1,1,0,0,0,0,0,0,0,0,0,0,0,0,0,0,0,0,1,0,0,1,0,0,0,1,0,1,1,1,0,1,0,1,0
404,2026-06-17,Beni,Malambo,Hurara,Femme,26 à 35 ans,Ménage retourné,plus de 2 ans,,Non,,6,2,2,1,1,0,Oui,,1.0,,1.0,Oui,2,Faible,Vivriers diversifiés + élevage,E08,15.5,True,0,0,0,0,0,0,0,1,1,0,0,1,0,1,0,0,0,0,0,0,0,0,0,0,0,0,0,1,0,1,0,0,0,0,0,1,0,1,0,1,0,0,0,1,0,0,0,0,0,0,1,0,0,0,0,0,0,0,0,0,0,0,0,0,0,0,0,0,0,1,0,0,0,0,1,0,0
405,2026-06-17,Beni,Lume,Kivisire,Femme,Plus de 41 ans,Ménage retourné,plus de 2 ans,,Oui,Association,5,3,2,0,0,0,Oui,,0.05,,0.05,Oui,2,Faible,Petits producteurs peu diversifiés,E07,1575.3,True,0,0,0,0,0,1,0,1,0,0,0,0,0,0,0,0,0,0,0,0,0,0,0,0,0,0,0,1,0,0,0,0,0,0,0,1,0,0,0,1,1,0,0,1,0,0,0,0,0,0,0,0,0,0,0,0,0,0,0,0,1,1,0,0,0,0,0,0,0,1,0,0,0,0,0,1,0
406,2026-06-17,Beni,Malambo,Kibanda,Homme,36 à 40 ans,Ménage retourné,plus de 2 ans,,Oui,Association,6,1,2,1,2,0,Oui,,0.04,,0.04,Oui,1,Faible,Vivriers diversifiés + élevage,E12,142.2,False,0,1,0,0,0,1,1,1,1,0,0,1,0,1,0,0,0,0,0,0,0,0,0,0,0,0,0,1,1,0,0,0,0,0,0,1,1,0,0,1,1,0,1,1,1,0,0,0,1,0,0,0,0,0,0,0,0,0,0,0,0,1,0,0,0,0,0,0,0,0,0,0,0,0,0,1,0
407,2026-06-17,Beni,Malambo,Hurara,Homme,26 à 35 ans,Ménage retourné,6 à 12 mois,,Non,,8,2,1,1,4,0,Oui,,1.0,,1.0,Oui,2,Faible,Vivriers diversifiés + élevage,E18,1471.4,True,0,0,0,0,0,0,0,1,1,0,1,0,0,0,0,0,0,0,0,0,0,0,0,0,0,0,0,1,0,1,0,0,0,0,0,1,0,0,0,1,0,0,0,1,1,0,0,0,0,0,0,0,0,0,0,0,0,0,0,0,1,0,1,0,0,0,0,0,0,0,0,0,1,0,1,0,0
408,2026-06-17,Beni,Malambo,Kibanda,Homme,26 à 35 ans,Ménage retourné,1 à 2 ans,,Oui,Organisation Paysanne,7,1,2,2,2,0,Non,Oui,,0.015,0.015,Oui,2,Faible,Vivriers diversifiés + élevage,E12,133.2,False,0,1,0,0,0,1,1,1,1,0,0,1,0,1,1,0,1,0,0,0,1,1,0,0,0,0,0,1,0,1,0,0,0,0,0,1,1,0,0,1,1,0,1,1,1,0,0,0,1,0,1,0,0,0,0,0,0,0,0,0,0,1,0,0,0,0,0,0,0,0,0,1,0,0,0,1,0
409,2026-06-17,Beni,Malambo,Hurara,Femme,18 à 25 ans,Ménage retourné,plus de 2 ans,,Non,,4,1,1,0,2,0,Oui,,0.5,,0.5,Oui,2,Faible,Riziculteurs diversifiés,,1708.4,True,0,0,0,0,0,1,0,1,1,1,1,1,0,0,1,0,0,0,0,0,0,1,1,1,1,1,0,1,1,1,0,0,0,0,0,1,1,0,0,0,0,0,0,1,1,1,0,0,0,0,0,0,0,0,0,0,0,0,0,0,0,1,1,0,0,0,0,0,0,1,0,0,0,0,1,0,0
410,2026-06-17,Beni,Malambo,Hurara,Femme,18 à 25 ans,Autre (ni retourné ni accueil),,,Non,,5,1,1,1,2,0,Oui,,0.3,,0.3,Oui,2,Faible,Petits producteurs peu diversifiés,E08,7.1,True,0,0,0,0,0,1,0,1,1,0,0,0,0,0,0,0,0,0,0,0,0,0,0,0,0,0,0,0,0,1,0,0,0,0,0,1,1,0,0,1,0,0,0,1,0,0,1,0,1,0,1,1,0,0,0,0,0,0,0,0,0,0,1,0,0,0,0,0,0,1,0,0,0,0,1,0,0
411,2026-06-17,Beni,Malambo,Hurara,Femme,36 à 40 ans,Autre (ni retourné ni accueil),,,Non,,6,1,2,2,1,0,Oui,,0.6,,0.6,Oui,2,Faible,Petits producteurs peu diversifiés,E08,6.4,True,0,0,0,0,0,1,0,1,1,0,0,0,0,0,1,0,0,0,0,0,0,0,1,0,0,0,0,1,0,1,0,0,0,0,0,1,1,0,0,1,0,0,0,1,1,0,0,0,1,0,1,0,0,0,0,0,0,0,0,0,0,0,1,0,0,0,0,0,0,1,0,0,0,0,1,0,0
412,2026-06-17,Beni,Malambo,Kibanda,Homme,Plus de 41 ans,Ménage retourné,1 à 2 ans,,Oui,Organisation Paysanne,7,1,1,4,1,0,Non,Oui,,0.06,0.06,Non,2,Faible,Petits producteurs peu diversifiés,E12,123.5,False,0,1,0,0,0,0,1,1,1,0,1,0,0,1,1,0,1,0,0,0,1,0,0,0,0,0,0,0,0,0,0,0,0,0,0,1,0,0,0,1,1,0,1,1,1,0,0,0,1,0,1,0,0,0,0,0,0,0,0,0,0,1,0,0,0,0,0,1,0,0,0,1,0,0,0,1,0
413,2026-06-17,Beni,Malambo,Hurara,Femme,26 à 35 ans,Ménage retourné,plus de 2 ans,,Non,,4,1,1,2,,0,Oui,,1.0,,1.0,Oui,2,Faible,Riziculteurs diversifiés,E11,1697.7,False,0,1,0,0,1,1,2,1,1,1,1,0,0,1,1,1,0,0,1,0,0,0,1,1,1,1,0,1,1,1,1,1,1,0,0,1,1,0,0,1,1,0,0,1,1,1,0,0,0,0,0,0,0,0,0,0,0,0,0,0,0,1,1,0,0,0,0,0,0,1,0,0,0,0,1,0,0
414,2026-06-17,Beni,Malambo,Hurara,Homme,18 à 25 ans,Ménage retourné,plus de 2 ans,,Oui,Organisation Paysanne,4,1,1,2,0,0,Oui,,1.0,,1.0,Oui,0,Faible,Petits producteurs peu diversifiés,E08,4.4,True,1,0,0,0,0,1,1,1,1,1,0,0,0,0,0,0,0,0,0,0,0,0,0,0,0,0,0,1,0,0,0,0,0,0,0,1,0,0,1,1,0,0,1,1,0,0,0,0,0,0,0,1,0,0,0,0,0,0,0,0,0,1,1,0,0,0,0,0,0,0,0,0,0,0,0,0,0
415,2026-06-17,Beni,Malambo,Kibanda,Homme,Plus de 41 ans,Ménage retourné,plus de 2 ans,,Oui,Organisation Paysanne,8,1,1,3,3,0,Oui,,0.15,,0.15,Oui,1,Faible,Vivriers diversifiés + élevage,E12,114.7,False,0,1,0,0,0,0,1,1,1,0,1,0,0,1,1,1,1,0,0,0,1,0,0,0,0,0,0,1,0,0,1,0,1,0,0,1,1,0,0,1,1,0,1,1,1,0,0,0,1,0,1,0,0,0,0,0,0,0,0,0,0,1,0,0,0,0,0,0,0,0,0,0,0,0,0,1,0
416,2026-06-17,Beni,Malambo,Kibanda,Homme,36 à 40 ans,Ménage retourné,plus de 2 ans,,Oui,Organisation Paysanne,10,2,6,2,0,0,Oui,,0.015,,0.015,Oui,2,Faible,Vivriers diversifiés + élevage,E12,101.3,False,0,1,0,0,0,1,1,1,1,0,1,1,0,1,1,0,1,0,0,0,1,0,0,0,0,0,0,0,0,1,1,1,0,0,0,1,1,0,0,1,1,0,1,1,1,0,0,0,1,0,1,0,0,0,0,0,0,0,0,0,0,1,0,0,0,0,0,0,0,0,0,0,0,1,0,1,0
417,2026-06-17,Beni,Lume,Lume,Femme,Plus de 41 ans,Ménage retourné,1 à 2 ans,,Non,,5,2,3,0,0,0,Non,Oui,,0.4,0.4,Oui,3,Modérée,Petits producteurs peu diversifiés,E14,8.0,True,0,0,1,0,0,0,1,0,0,1,0,0,0,0,0,0,0,0,0,0,0,0,0,0,0,0,0,0,0,1,0,0,0,0,0,1,0,0,0,1,1,0,0,1,1,0,0,0,0,0,0,1,0,0,0,0,0,0,0,0,0,1,0,0,0,0,0,1,0,1,0,1,0,0,1,0,0
418,2026-06-17,Beni,Malambo,Kibanda,Homme,Plus de 41 ans,Ménage retourné,plus de 2 ans,,Oui,Organisation Paysanne,6,1,1,2,2,0,Non,Oui,,0.03,0.03,Non,2,Faible,Petits producteurs peu diversifiés,E12,92.3,False,0,1,0,0,0,0,1,1,1,0,0,1,0,1,1,0,0,0,0,0,1,0,0,0,0,0,0,0,0,0,0,0,0,0,0,1,0,0,0,1,1,0,1,1,1,0,0,0,1,0,1,0,0,0,0,0,0,0,0,0,0,1,0,0,0,0,0,0,0,0,0,1,0,0,0,1,0
419,2026-06-17,Beni,Malambo,Kibanda,Femme,36 à 40 ans,Ménage retourné,1 à 2 ans,,Oui,Organisation Paysanne,15,3,5,4,3,0,Non,Oui,,0.017,0.017,Non,4,Modérée,Petits producteurs peu diversifiés,E12,85.0,False,0,1,0,0,0,0,1,1,1,0,1,1,0,1,1,0,0,0,0,0,1,0,0,0,0,0,0,0,0,0,0,0,0,0,0,1,0,0,0,1,1,0,1,1,1,0,0,0,1,0,1,0,0,0,0,0,0,0,0,0,0,1,0,0,0,0,0,0,0,1,0,1,0,1,0,1,0
420,2026-06-17,Beni,Malambo,Kibanda,Femme,36 à 40 ans,Ménage retourné,plus de 2 ans,,Oui,Organisation Paysanne,7,1,1,2,3,0,Oui,,0.02,,0.02,Non,2,Faible,Petits producteurs peu diversifiés,E12,58.1,False,0,1,1,0,0,1,2,1,1,0,0,1,0,1,1,0,1,0,0,0,1,0,0,0,0,0,0,0,0,0,0,0,0,0,0,1,0,0,0,1,1,0,1,1,1,0,0,0,1,0,1,0,0,0,0,0,0,0,0,0,0,1,0,0,0,0,0,0,0,1,0,0,0,0,0,1,0
421,2026-06-17,Beni,Malambo,Kibanda,Femme,26 à 35 ans,Ménage retourné,1 à 2 ans,,Oui,Organisation Paysanne,5,1,1,0,3,0,Non,Oui,,0.06,0.06,Non,3,Modérée,Petits producteurs peu diversifiés,E12,52.4,False,0,1,0,0,0,1,1,1,1,0,0,1,0,1,1,0,1,0,0,0,1,0,0,0,0,0,0,0,0,0,0,0,0,0,0,1,0,0,0,1,1,0,1,1,1,0,0,0,1,0,1,0,0,0,0,0,0,0,0,0,0,1,0,0,0,0,0,0,0,1,0,1,0,0,0,1,0
422,2026-06-17,Beni,Malambo,Kibanda,Femme,26 à 35 ans,Ménage retourné,1 à 2 ans,,Oui,Organisation Paysanne,5,1,1,1,2,0,Non,Oui,,0.09,0.09,Non,3,Modérée,Petits producteurs peu diversifiés,E12,43.7,False,0,1,0,0,0,1,1,1,1,0,0,1,0,1,1,0,1,0,0,0,1,1,0,0,0,0,0,0,0,0,0,0,0,0,0,1,0,0,0,1,1,0,1,1,1,0,0,0,1,0,1,0,0,0,0,0,0,0,0,0,0,1,0,0,0,0,0,0,0,1,0,1,0,0,0,1,0
423,2026-06-17,Beni,Malambo,Kibanda,Femme,26 à 35 ans,Ménage retourné,1 à 2 ans,,Oui,Organisation Paysanne,7,1,1,2,3,0,Non,Oui,,0.013,0.013,Non,3,Modérée,Petits producteurs peu diversifiés,E12,37.5,False,0,1,0,0,0,1,1,1,1,0,1,1,0,1,1,0,1,0,0,0,1,0,0,0,0,0,0,0,0,0,0,0,0,0,0,1,0,0,0,1,1,0,1,1,1,0,0,0,1,0,1,0,0,0,0,0,0,0,0,0,0,1,0,0,0,0,0,0,0,1,0,1,0,0,0,1,0
424,2026-06-17,Beni,Malambo,Kibanda,Homme,26 à 35 ans,Ménage retourné,plus de 2 ans,,Oui,Organisation Paysanne,9,1,1,1,6,0,Oui,,0.014,,0.014,Non,2,Faible,Petits producteurs peu diversifiés,E12,31.8,False,0,1,0,0,0,1,1,1,1,0,1,1,0,1,1,0,1,0,1,0,1,0,0,0,1,0,0,0,0,0,0,0,0,0,0,1,0,0,0,1,1,0,1,1,1,0,0,0,1,0,1,0,0,0,0,0,0,0,0,0,0,0,0,0,0,0,0,0,0,0,0,0,0,1,0,1,0
425,2026-06-17,Beni,Malambo,Kibanda,Femme,Plus de 41 ans,Ménage retourné,plus de 2 ans,,Oui,Association,7,1,1,4,1,0,Non,Oui,,0.05,0.05,Non,3,Modérée,Petits producteurs peu diversifiés,E12,26.1,False,0,1,0,0,0,1,1,1,1,0,0,1,0,1,1,0,1,0,0,0,1,0,0,0,0,0,0,0,0,0,0,0,0,0,0,1,0,0,0,1,1,0,1,1,1,0,0,0,1,0,1,0,0,0,0,0,0,0,0,0,0,1,0,0,0,0,0,0,0,1,0,1,0,0,0,1,0
426,2026-06-17,Beni,Malambo,Kibanda,Femme,Plus de 41 ans,Ménage retourné,1 à 2 ans,,Oui,Organisation Paysanne,6,1,1,3,1,0,Non,Oui,,0.04,0.04,Non,3,Modérée,Petits producteurs peu diversifiés,E12,19.6,False,0,1,0,0,0,1,1,1,1,0,0,1,0,1,1,0,1,0,0,0,1,0,0,0,0,0,0,0,0,0,0,0,0,0,0,1,0,0,0,1,1,0,1,1,1,0,1,0,0,0,0,0,0,0,0,0,0,0,0,0,0,0,0,0,0,0,0,0,0,1,0,1,0,0,0,1,0
427,2026-06-17,Beni,Malambo,Hurara,Femme,36 à 40 ans,Ménage retourné,plus de 2 ans,,Oui,Autres,10,5,2,2,1,0,Oui,,0.25,,0.25,Oui,2,Faible,Vivriers diversifiés + élevage,E11,1593.1,True,0,0,0,0,1,1,1,1,1,0,0,1,0,0,0,0,0,0,0,0,0,0,0,0,0,0,0,1,0,1,0,0,0,0,0,1,1,0,0,1,1,0,0,1,1,1,0,0,0,0,0,0,0,0,0,0,0,0,0,0,0,1,1,0,0,0,0,0,0,1,0,0,0,1,0,0,0
428,2026-06-17,Beni,Malambo,Kibanda,Homme,18 à 25 ans,Ménage retourné,1 à 2 ans,,Oui,Organisation Paysanne,5,2,1,1,1,0,Non,Oui,,0.01,0.01,Non,2,Faible,Petits producteurs peu diversifiés,E12,13.7,False,0,1,0,0,0,1,1,1,1,0,0,1,0,1,1,0,1,0,0,0,1,1,0,0,0,0,0,0,0,0,0,0,0,0,0,1,0,0,0,1,1,0,1,1,1,0,0,0,1,0,1,0,0,0,0,0,0,0,0,0,0,1,0,0,0,0,0,0,0,0,0,1,0,0,0,1,0
429,2026-06-17,Beni,Malambo,Hurara,Femme,36 à 40 ans,Ménage retourné,plus de 2 ans,,Non,,6,1,2,2,1,0,Oui,,0.5,,0.5,Oui,2,Faible,Riziculteurs diversifiés,E11,1583.3,True,0,0,0,0,0,0,0,1,1,1,0,1,0,0,1,0,1,0,1,0,0,1,1,1,1,1,0,1,1,1,1,1,1,0,0,1,1,0,0,1,1,0,0,1,1,1,0,0,0,0,0,0,0,0,0,0,0,0,0,0,0,1,1,0,0,0,0,0,0,1,0,0,0,0,1,0,0
430,2026-06-17,Beni,Malambo,Hurara,Homme,Plus de 41 ans,Ménage retourné,plus de 2 ans,,Oui,Autres,12,5,4,2,1,0,Oui,,1.0,,1.0,Oui,1,Faible,Vivriers diversifiés + élevage,E11,1562.8,True,0,0,0,0,0,1,0,1,1,0,1,1,0,1,0,0,0,0,0,0,0,0,0,0,0,0,0,1,1,1,0,0,0,0,0,1,1,0,0,1,1,0,0,1,1,1,0,0,0,0,0,0,0,0,0,0,0,0,0,0,0,1,1,0,0,0,0,0,0,0,0,0,0,1,0,0,0
431,2026-06-17,Beni,Malambo,Hurara,Homme,Plus de 41 ans,Autre (ni retourné ni accueil),,,Oui,Autres,10,3,2,2,3,0,Oui,,2.0,,2.0,Oui,1,Faible,Riziculteurs diversifiés,E08,5.3,True,0,0,0,0,0,0,0,1,1,1,0,1,0,0,1,0,0,0,0,0,0,0,0,0,1,1,0,1,0,1,0,0,0,0,0,1,1,1,1,1,0,0,0,1,0,0,0,0,0,0,0,1,0,0,0,0,0,0,0,0,0,0,1,0,0,1,0,0,0,0,0,0,0,1,0,0,0
432,2026-06-17,Beni,Malambo,Hurara,Homme,Plus de 41 ans,Autre (ni retourné ni accueil),,,Non,,9,2,3,2,2,0,Oui,,3.0,,3.0,Oui,2,Faible,Vivriers diversifiés + élevage,E08,4.2,True,1,0,1,0,0,0,2,1,1,0,0,1,0,0,0,0,0,0,0,0,0,0,0,0,0,0,0,1,0,0,1,1,0,0,0,1,0,0,0,1,0,0,0,1,1,1,0,0,0,0,0,1,0,0,0,0,0,0,0,0,0,0,1,0,0,0,0,0,0,0,0,0,0,1,1,0,0
433,2026-06-17,Beni,Malambo,Hurara,Homme,36 à 40 ans,Ménage retourné,plus de 2 ans,,Non,,7,2,2,2,1,0,Oui,,1.0,,1.0,Oui,1,Faible,Petits producteurs peu diversifiés,E08,3.9,True,1,0,0,0,0,1,1,1,1,0,0,0,0,0,0,0,0,0,0,0,0,0,0,0,0,0,0,1,0,0,0,0,0,0,0,1,0,0,0,1,0,0,0,1,0,0,0,0,0,0,0,0,0,0,0,0,0,0,0,0,0,0,0,0,0,0,0,0,0,0,0,0,0,0,1,0,0
434,2026-06-17,Beni,Malambo,Hurara,Femme,18 à 25 ans,Ménage retourné,1 à 2 ans,,Non,,5,1,1,2,1,0,Oui,,0.4,,0.4,Oui,2,Faible,Petits producteurs peu diversifiés,E08,3.9,True,1,0,0,0,0,1,1,1,1,0,0,0,0,0,0,0,0,0,0,0,0,0,0,0,0,0,0,1,0,0,0,0,0,0,0,1,0,0,0,1,0,0,0,1,0,0,0,0,0,0,0,1,0,0,0,0,0,0,0,0,0,1,0,0,0,0,0,0,0,1,0,0,0,0,1,0,0
435,2026-06-17,Beni,Malambo,Hurara,Homme,18 à 25 ans,Ménage retourné,plus de 2 ans,,Non,,5,1,1,2,1,0,Oui,,0.3,,0.3,Oui,1,Faible,Petits producteurs peu diversifiés,E08,4.4,True,1,0,0,0,0,0,1,1,1,0,0,0,0,0,0,0,0,0,0,0,0,0,0,0,0,0,0,1,0,1,0,0,0,0,0,1,0,0,0,1,0,0,0,1,0,0,1,0,0,0,1,1,0,0,0,0,0,0,0,0,0,0,1,0,0,0,0,0,0,0,0,0,0,0,1,0,0
436,2026-06-17,Beni,Malambo,Hurara,Femme,26 à 35 ans,Ménage retourné,plus de 2 ans,,Oui,Association,4,1,,1,2,0,Oui,,0.15,,0.15,Oui,2,Faible,Vivriers diversifiés + élevage,E11,1511.4,False,0,1,0,0,0,0,1,1,1,0,0,0,0,0,0,0,0,0,0,0,0,0,0,0,0,0,0,1,1,1,1,1,1,0,0,1,1,0,0,1,1,1,1,1,1,1,0,0,0,0,0,0,0,0,0,0,0,0,0,0,0,1,1,0,0,0,0,0,0,1,0,0,0,0,0,1,0
437,2026-06-17,Beni,Malambo,Hurara,Femme,Plus de 41 ans,Ménage retourné,plus de 2 ans,,Non,,28,22,3,2,1,0,Non,Oui,,0.2,0.2,Oui,5,Élevée,Vivriers diversifiés + élevage,E11,1486.9,True,0,0,1,0,0,0,1,1,1,0,0,1,0,1,0,0,0,0,0,0,0,0,0,0,0,0,0,1,1,1,0,0,0,0,0,1,1,0,0,1,1,1,0,1,1,1,0,0,0,0,0,0,0,0,0,0,0,0,0,0,0,1,1,0,0,0,0,0,0,1,0,1,0,1,1,1,0
438,2026-06-18,Beni,Malambo,Hurara,Homme,26 à 35 ans,Ménage retourné,plus de 2 ans,,Non,,4,1,1,2,0,0,Oui,,0.4,,0.4,Oui,1,Faible,Vivriers diversifiés + élevage,E08,11.5,True,0,0,0,0,0,0,0,1,1,0,0,1,0,1,0,0,0,0,0,0,0,0,0,0,0,0,0,1,0,1,0,0,0,0,0,1,0,1,0,1,0,1,0,1,0,0,1,0,0,0,1,0,0,0,0,0,0,0,0,0,0,0,0,0,0,1,0,0,0,0,0,0,0,0,1,0,0
439,2026-06-18,Beni,Lume,Q. Ruwenzori,Femme,36 à 40 ans,Ménage retourné,Moins de 6 mois,,Non,,6,1,2,1,2,0,Non,Oui,,0.04,0.04,Non,5,Élevée,Petits producteurs peu diversifiés,E01,11.4,True,0,0,0,0,0,0,0,1,1,0,1,0,0,0,0,1,0,0,0,0,0,0,0,0,0,0,0,0,0,0,0,0,0,0,0,1,1,0,1,1,0,1,1,1,0,0,0,0,1,1,0,0,0,1,0,0,0,0,0,0,0,0,0,0,0,0,0,0,0,1,0,1,1,0,1,1,0
440,2026-06-18,Beni,Malambo,Hurara,Homme,36 à 40 ans,Autre (ni retourné ni accueil),,,Non,,7,2,3,1,1,0,Oui,,0.5,,0.5,Oui,1,Faible,Vivriers diversifiés + élevage,E08,5.8,True,0,0,0,0,0,0,0,1,1,0,0,1,0,0,0,0,0,0,0,0,0,0,0,0,0,0,0,1,0,1,0,0,0,0,0,1,0,1,0,1,0,1,1,1,0,0,1,0,0,0,1,0,0,0,0,0,0,0,0,0,0,0,1,0,0,0,0,0,0,0,0,0,0,0,1,0,0
441,2026-06-18,Beni,Lume,Wiremba,Homme,18 à 25 ans,Ménage retourné,plus de 2 ans,,Oui,Association,6,1,1,1,3,0,Non,Oui,,0.25,0.25,Oui,1,Faible,Petits producteurs peu diversifiés,E07,877.8,True,0,0,0,0,0,0,0,1,0,0,1,0,0,1,0,0,0,0,0,0,0,0,0,0,0,0,0,1,0,1,0,0,0,0,0,1,0,0,1,1,0,0,0,1,1,0,0,0,0,0,0,0,0,0,0,0,0,0,0,0,1,0,0,0,0,1,0,0,0,0,0,1,0,0,0,0,0
442,2026-06-18,Beni,Malambo,Hurara,Homme,Plus de 41 ans,Ménage retourné,plus de 2 ans,,Oui,Organisation Paysanne,9,3,2,1,3,0,Oui,,2.0,,2.0,Oui,1,Faible,Riziculteurs diversifiés,E08,6.4,True,0,0,0,0,0,0,0,0,0,1,0,0,0,0,0,0,0,0,0,0,0,0,0,0,0,0,0,1,1,1,1,1,0,0,0,1,1,1,1,1,0,1,1,1,0,1,1,0,0,0,0,1,0,0,0,0,0,0,0,0,0,0,1,0,0,0,0,0,0,0,0,0,0,1,0,0,0
443,2026-06-18,Beni,Malambo,Hurara,Homme,Plus de 41 ans,Ménage retourné,plus de 2 ans,,Oui,Organisation Paysanne,12,4,3,3,2,0,Oui,,1.0,,1.0,Oui,1,Faible,Vivriers diversifiés + élevage,E08,4.1,True,1,0,0,0,0,0,1,1,1,0,0,1,0,0,1,0,0,0,0,0,0,0,1,0,1,0,0,1,0,1,0,0,0,0,0,1,0,1,0,1,0,1,1,1,1,0,1,0,0,0,1,0,0,0,0,0,0,0,0,0,0,0,1,0,0,0,0,0,0,0,0,0,0,1,0,0,0
444,2026-06-18,Beni,Malambo,Hurara,Femme,36 à 40 ans,Ménage retourné,plus de 2 ans,,Oui,Organisation Paysanne,7,3,1,0,3,0,Oui,,0.5,,0.5,Oui,1,Faible,Vivriers diversifiés + élevage,E08,4.8,True,1,0,0,0,0,0,1,1,1,0,0,1,0,0,1,0,0,0,0,1,0,0,1,0,1,0,0,1,1,1,0,0,0,0,0,1,0,1,0,1,1,1,1,1,1,0,1,0,0,0,1,1,0,0,0,0,0,0,0,0,0,1,1,0,0,1,0,0,0,1,0,0,0,0,0,0,0
445,2026-06-18,Beni,Malambo,Kibanda,Femme,Plus de 41 ans,Ménage retourné,plus de 2 ans,,Oui,Organisation Paysanne,12,4,1,1,6,0,Oui,,0.06,,0.06,Oui,3,Modérée,Vivriers diversifiés + élevage,E12,636.0,False,0,1,0,0,0,1,1,1,1,0,0,1,0,1,1,0,1,0,0,0,1,0,0,0,0,0,0,1,0,1,1,1,0,0,0,1,1,0,0,1,1,0,1,1,1,0,0,0,1,0,1,0,0,0,0,0,0,0,0,0,0,1,0,0,0,0,0,0,0,1,0,0,0,1,0,1,0
446,2026-06-18,Beni,Lume,Q. Ruwenzori,Femme,Plus de 41 ans,Ménage retourné,Moins de 6 mois,,Non,,8,3,1,3,1,1,Non,Oui,,0.02,0.02,Non,6,Élevée,Petits producteurs peu diversifiés,E01,9.9,True,0,0,1,0,0,1,1,1,1,0,1,1,0,1,0,1,0,0,0,0,0,0,0,0,0,0,0,0,0,0,0,0,0,0,0,1,0,1,1,1,1,0,1,1,0,0,0,0,1,1,1,0,0,1,0,0,0,0,0,0,0,0,0,0,1,0,0,0,0,1,1,1,1,0,1,1,0
447,2026-06-18,Beni,Lume,Q. Ruwenzori,Homme,Plus de 41 ans,Ménage retourné,Moins de 6 mois,,Non,,20,6,4,5,5,0,Oui,,0.5,,0.5,Oui,3,Modérée,Vivriers diversifiés + élevage,E01,13.0,True,0,0,0,0,0,0,0,1,1,0,1,1,0,1,0,1,0,0,0,0,0,0,0,0,0,0,0,1,0,1,1,1,0,0,0,1,1,0,1,1,1,0,1,1,0,0,0,1,1,1,1,0,0,1,0,0,0,0,0,0,0,0,0,0,1,0,0,0,0,0,0,0,1,1,1,0,0
448,2026-06-18,Beni,Malambo,Rughetsi,Femme,18 à 25 ans,Ménage retourné,plus de 2 ans,,Oui,Association,7,0,1,3,3,1,Oui,,0.1,,0.1,Oui,3,Modérée,Petits producteurs peu diversifiés,E03,622.6,True,0,0,0,0,0,1,0,1,0,0,1,0,0,0,1,0,1,0,0,0,0,0,0,0,0,0,0,0,0,1,0,0,0,0,0,1,0,0,1,1,0,0,0,1,0,0,0,0,0,0,0,0,0,0,0,0,0,0,0,0,1,0,0,1,0,0,1,0,0,1,1,0,0,0,0,1,0
449,2026-06-18,Beni,Malambo,Rughetsi,Femme,Plus de 41 ans,Ménage retourné,plus de 2 ans,,Non,,8,1,2,3,2,0,Non,Oui,,0.1,0.1,Non,4,Modérée,Petits producteurs peu diversifiés,E03,615.5,True,0,0,0,0,0,0,0,1,1,0,1,1,0,0,1,0,1,0,1,0,1,0,0,1,0,0,0,0,0,0,0,0,0,0,0,1,0,0,1,1,0,0,1,1,1,0,1,0,0,0,0,0,0,0,0,0,0,0,0,0,1,0,0,1,0,0,0,0,0,1,0,1,0,0,1,1,0
450,2026-06-18,Beni,Lume,Q. Ruwenzori,Femme,26 à 35 ans,Ménage retourné,Moins de 6 mois,,Non,,5,0,1,2,2,0,Non,Oui,,0.5,0.5,Oui,4,Modérée,Vivriers diversifiés + élevage,E01,11.0,True,0,0,0,0,0,1,0,1,1,0,1,1,0,1,0,1,0,0,0,0,0,0,0,0,0,0,0,1,1,1,0,0,0,0,0,1,1,0,1,1,1,0,1,1,0,0,0,0,1,1,1,0,0,1,0,0,0,0,0,0,0,0,0,0,1,0,0,0,0,1,0,1,1,0,1,0,0
451,2026-06-18,Beni,Lume,Q. Ruwenzori,Homme,36 à 40 ans,Ménage retourné,Moins de 6 mois,,Non,,6,3,1,1,1,0,Non,Oui,,0.06,0.06,Oui,4,Modérée,Vivriers diversifiés + élevage,E01,9.2,True,0,0,0,0,0,1,0,1,1,0,1,1,0,1,0,1,0,0,0,0,0,0,0,0,0,0,0,1,0,1,1,1,0,0,0,1,1,0,1,1,1,0,1,1,1,0,0,0,1,1,0,0,0,1,0,0,0,0,0,0,0,0,0,0,1,0,0,0,0,0,0,1,1,0,1,1,0
452,2026-06-18,Beni,Lume,Q. Ruwenzori,Femme,26 à 35 ans,Ménage retourné,Moins de 6 mois,,Non,,10,2,4,2,2,0,Oui,,1.5,,1.5,Oui,4,Modérée,Vivriers diversifiés + élevage,E01,14.3,True,0,0,0,0,0,1,0,1,1,0,1,1,0,1,1,1,1,1,0,1,0,0,0,1,0,0,0,1,0,1,1,1,0,0,0,1,1,0,1,1,1,0,1,1,1,0,0,1,1,0,1,0,0,1,0,0,0,0,0,0,0,0,0,0,0,0,0,0,0,1,0,0,1,1,1,0,0
453,2026-06-18,Beni,Malambo,Rughetsi,Femme,Plus de 41 ans,Ménage retourné,plus de 2 ans,,Oui,Association,9,2,1,4,2,1,Oui,,0.25,,0.25,Oui,3,Modérée,Vivriers diversifiés + élevage,E03,594.2,True,0,0,0,0,0,0,0,1,0,0,1,1,0,1,1,0,1,0,0,0,1,0,1,0,0,0,0,1,1,1,1,1,0,0,1,1,1,0,0,1,1,0,0,1,1,0,0,0,0,0,0,0,0,0,0,0,0,0,0,0,0,0,0,0,0,1,0,0,0,1,1,0,0,1,0,0,0
454,2026-06-18,Beni,Malambo,Rughetsi,Femme,18 à 25 ans,Ménage retourné,1 à 2 ans,,Oui,Association,5,1,1,1,2,0,Oui,,0.5,,0.5,Oui,1,Faible,Vivriers diversifiés + élevage,E03,632.2,True,0,0,0,0,0,0,0,1,0,0,1,1,0,1,1,0,0,0,0,0,0,0,0,1,0,0,0,1,1,1,0,0,0,0,0,1,1,0,0,1,0,0,1,1,1,0,0,0,0,0,0,0,0,0,0,0,0,0,0,0,0,0,0,1,0,0,1,0,0,1,0,0,0,0,0,0,0
455,2026-06-18,Beni,Malambo,Rughetsi,Femme,26 à 35 ans,Ménage retourné,1 à 2 ans,,Oui,Association,5,1,1,2,1,0,Oui,,0.3,,0.3,Oui,1,Faible,Vivriers diversifiés + élevage,E04,563.8,True,0,0,1,0,0,0,1,1,1,0,0,1,0,1,1,0,1,1,0,0,0,0,0,0,0,0,0,1,1,1,0,0,0,0,0,1,1,0,0,1,1,0,0,1,0,0,0,0,1,0,0,0,0,0,0,0,0,0,0,0,0,0,0,1,0,0,0,0,0,1,0,0,0,0,0,0,0
456,2026-06-18,Beni,Lume,Q. Ruwenzori,Femme,18 à 25 ans,Ménage retourné,Moins de 6 mois,,Non,,9,2,1,4,2,0,Oui,,1.0,,1.0,Oui,4,Modérée,Vivriers diversifiés + élevage,E01,9.0,True,0,0,0,0,0,1,0,1,1,0,1,1,0,1,1,1,1,1,1,0,0,0,1,1,0,0,0,1,1,1,1,1,0,1,0,1,1,0,1,1,1,0,1,1,1,0,0,1,1,1,1,0,0,1,0,0,0,0,0,0,0,0,0,0,1,0,0,0,0,1,0,0,1,1,1,0,0
457,2026-06-18,Beni,Lume,Q. Ruwenzori,Homme,18 à 25 ans,Ménage retourné,Moins de 6 mois,,Non,,8,2,1,3,2,1,Oui,,1.0,,1.0,Oui,3,Modérée,Vivriers diversifiés + élevage,E01,8.1,True,0,0,1,0,0,1,1,1,1,0,1,1,0,1,0,1,0,0,0,0,0,0,0,0,0,0,0,1,1,1,1,1,0,0,0,1,1,0,0,1,1,0,1,1,1,0,0,0,1,1,0,0,0,1,0,0,0,0,0,0,0,0,0,0,1,0,0,0,0,0,1,0,1,0,1,0,0
458,2026-06-18,Beni,Malambo,Rughetsi,Homme,18 à 25 ans,Ménage retourné,1 à 2 ans,,Non,,8,1,1,2,4,0,Oui,,0.4,,0.4,Oui,1,Faible,Petits producteurs peu diversifiés,E04,551.8,True,0,0,1,0,0,0,1,1,0,0,1,1,0,1,0,0,0,0,0,0,0,0,0,0,0,0,0,1,0,0,0,0,0,0,0,1,1,0,0,1,1,0,0,1,0,0,0,0,0,0,0,0,0,0,0,0,0,0,0,0,0,0,0,1,0,0,0,0,0,0,0,0,0,0,1,0,0
459,2026-06-18,Beni,Malambo,Rughetsi,Femme,18 à 25 ans,Ménage retourné,1 à 2 ans,,Oui,Autres,5,1,1,1,2,0,Non,Oui,,0.1,0.1,Non,3,Modérée,Petits producteurs peu diversifiés,E03,620.0,True,0,0,0,0,0,1,0,1,0,0,0,0,0,0,1,0,0,0,0,0,1,0,0,0,0,0,0,0,0,0,0,0,0,0,0,1,0,0,0,1,0,0,0,1,1,0,1,0,0,0,0,0,0,0,0,0,0,0,0,0,0,0,0,1,0,0,1,0,0,1,0,1,0,0,0,1,0
460,2026-06-18,Beni,Lume,Q. Ruwenzori,Homme,36 à 40 ans,Ménage retourné,Moins de 6 mois,,Non,,6,2,1,2,1,0,Oui,,0.05,,0.05,Oui,3,Modérée,Vivriers diversifiés + élevage,E01,12.1,True,0,0,0,0,0,1,0,1,1,0,1,1,0,1,0,1,0,0,0,0,0,0,0,0,0,0,0,1,0,1,1,1,0,0,0,1,1,0,1,1,1,0,1,1,1,0,0,1,1,1,1,0,0,1,0,0,0,0,0,0,0,0,0,0,1,0,0,0,0,0,0,0,1,0,1,1,0
461,2026-06-18,Beni,Malambo,Rughetsi,Femme,18 à 25 ans,Ménage retourné,1 à 2 ans,,Oui,Association,8,2,3,2,1,1,Oui,,0.3,,0.3,Oui,2,Faible,Vivriers diversifiés + élevage,E04,543.3,True,0,0,0,0,0,1,0,1,1,0,0,1,0,1,0,0,0,0,0,0,0,0,0,0,0,0,0,1,1,1,0,0,0,0,0,1,1,0,0,1,1,0,0,1,0,0,0,0,1,0,0,0,0,0,0,0,0,0,0,0,0,0,0,1,0,0,0,0,0,1,1,0,0,0,0,0,0
462,2026-06-18,Beni,Lume,Q. Ruwenzori,Homme,18 à 25 ans,Ménage retourné,Moins de 6 mois,,Non,,6,1,1,2,2,0,Oui,,0.04,,0.04,Oui,3,Modérée,Vivriers diversifiés + élevage,E01,6.6,True,0,0,0,0,0,0,0,1,1,0,1,1,0,1,0,1,0,0,0,0,0,0,0,0,0,0,0,1,0,1,1,1,0,0,0,1,1,0,0,1,1,0,1,1,0,0,0,0,1,1,1,0,0,1,0,0,0,0,0,0,0,0,0,0,1,0,0,0,0,0,0,0,1,0,1,1,0
463,2026-06-18,Beni,Malambo,Rughetsi,Femme,26 à 35 ans,Ménage retourné,plus de 2 ans,,Oui,Association,10,1,1,6,2,0,Oui,,0.3,,0.3,Oui,2,Faible,Vivriers diversifiés + élevage,E04,531.0,True,0,0,0,0,0,1,0,1,1,0,1,1,0,1,0,0,0,0,0,0,0,0,0,0,0,0,0,1,1,1,0,0,0,0,0,1,1,0,0,1,1,0,0,1,0,0,0,0,1,0,0,0,0,0,0,0,0,0,0,0,0,1,0,0,0,0,0,0,0,1,0,0,0,1,0,0,0
464,2026-06-18,Beni,Malambo,Rughetsi,Femme,18 à 25 ans,Ménage retourné,plus de 2 ans,,Oui,Association,5,2,2,1,0,1,Oui,,0.3,,0.3,Oui,2,Faible,Vivriers diversifiés + élevage,E03,605.5,True,0,0,0,0,0,1,0,1,0,0,1,0,0,0,1,1,0,0,0,0,0,0,1,1,0,0,0,1,1,1,0,0,0,0,0,1,1,0,0,1,0,0,1,1,0,0,0,0,0,0,0,0,0,0,0,0,0,0,0,0,0,0,0,1,0,1,0,0,0,1,1,0,0,0,0,0,0
465,2026-06-18,Beni,Lume,Q. Ruwenzori,Homme,Plus de 41 ans,Ménage retourné,plus de 2 ans,,Oui,Association,8,2,1,4,1,1,Oui,,0.1,,0.1,Non,2,Faible,Petits producteurs peu diversifiés,E07,640.1,True,0,0,0,0,0,0,0,1,0,0,1,0,0,0,0,0,0,0,0,0,0,0,0,0,0,0,0,0,0,0,0,0,0,0,0,1,0,0,0,1,0,0,0,1,1,0,0,0,0,0,0,0,0,0,0,0,0,0,0,0,1,0,0,0,0,1,0,0,0,0,1,0,0,0,0,1,0
466,2026-06-18,Beni,Lume,Q. Ruwenzori,Femme,18 à 25 ans,Ménage retourné,Moins de 6 mois,,Non,,10,2,3,2,3,0,Oui,,1.0,,1.0,Oui,4,Modérée,Vivriers diversifiés + élevage,E01,10.3,True,0,0,1,0,0,0,1,1,1,0,1,1,0,1,0,1,0,0,0,0,0,0,0,0,0,0,0,1,1,1,1,1,0,1,0,1,1,0,1,1,1,0,1,1,0,0,0,1,1,1,1,0,0,1,0,0,0,0,0,0,0,0,0,0,1,0,0,0,0,1,0,0,1,1,1,0,0
467,2026-06-18,Beni,Lume,Q. Ruwenzori,Homme,Plus de 41 ans,Ménage retourné,plus de 2 ans,,Oui,Association,8,2,3,1,2,0,Oui,,0.1,,0.1,Non,1,Faible,Petits producteurs peu diversifiés,E07,629.2,True,0,0,0,0,0,0,0,1,0,0,1,0,0,0,0,0,0,0,0,0,0,0,0,0,0,0,0,0,0,0,0,0,0,0,0,1,0,0,0,1,1,0,0,1,0,0,0,0,0,0,0,0,0,0,0,0,0,0,0,0,1,0,0,1,0,0,0,0,0,0,0,0,0,0,0,1,0
468,2026-06-18,Beni,Malambo,Rughetsi,Femme,26 à 35 ans,Ménage retourné,1 à 2 ans,,Non,,5,1,1,2,1,0,Non,Oui,,0.25,0.25,Oui,3,Modérée,Vivriers diversifiés + élevage,E03,558.1,True,0,0,0,0,0,0,0,1,1,0,1,1,0,0,0,0,0,0,0,0,0,0,0,0,0,0,0,1,0,1,0,0,0,0,0,1,0,0,0,1,0,0,0,1,0,0,0,0,0,0,0,0,0,0,0,0,0,0,0,0,0,0,0,1,0,0,1,0,0,1,0,1,0,0,1,0,0
469,2026-06-18,Beni,Lume,Q. Ruwenzori,Homme,18 à 25 ans,Ménage retourné,Moins de 6 mois,,Non,,6,1,1,1,3,0,Oui,,1.0,,1.0,Oui,2,Faible,Vivriers diversifiés + élevage,E01,11.6,True,0,0,0,0,0,1,0,1,1,0,1,1,0,1,0,1,0,0,0,0,0,0,0,0,0,0,0,1,1,1,1,1,0,0,0,1,1,0,1,1,1,0,1,1,0,0,0,1,1,1,1,0,0,1,0,0,0,0,0,0,0,0,0,0,1,0,0,0,0,0,0,0,1,0,1,0,0
470,2026-06-18,Beni,Malambo,Hurara,Femme,26 à 35 ans,Ménage retourné,plus de 2 ans,,Oui,Autres,6,2,2,,2,0,Oui,,0.6,,0.6,Oui,1,Faible,Petits producteurs peu diversifiés,E08,85.8,True,0,0,1,0,0,1,1,1,0,0,1,0,0,0,1,0,0,0,0,0,0,0,1,0,0,0,0,1,0,1,0,0,0,0,0,1,1,0,1,1,0,0,0,1,0,1,1,1,0,0,1,0,0,0,0,0,0,0,0,0,0,0,1,0,0,0,0,0,0,1,0,0,0,0,0,0,0
471,2026-06-18,Beni,Malambo,Rughetsi,Femme,18 à 25 ans,Ménage retourné,1 à 2 ans,,Oui,Association,4,0,1,2,1,0,Oui,,0.3,,0.3,Oui,1,Faible,Vivriers diversifiés + élevage,E04,513.4,True,0,0,0,0,0,0,0,1,1,0,0,1,0,1,0,0,0,0,0,0,0,0,0,0,0,0,0,1,1,1,0,0,0,0,0,1,1,0,0,1,1,0,0,1,0,0,0,0,0,0,0,0,0,0,0,0,0,0,0,0,0,0,0,1,0,0,0,0,0,1,0,0,0,0,0,0,0
472,2026-06-18,Beni,Lume,Q. Ruwenzori,Femme,26 à 35 ans,Ménage retourné,plus de 2 ans,,Non,,8,1,2,3,2,0,Oui,,0.05,,0.05,Oui,3,Modérée,Petits producteurs peu diversifiés,E07,623.0,True,0,0,0,0,0,1,0,1,0,0,1,0,0,0,0,0,0,0,0,0,0,0,0,0,0,0,0,1,0,0,0,0,0,0,0,1,0,0,1,1,0,0,0,1,0,0,0,0,0,0,0,0,0,0,0,0,0,0,0,0,1,0,0,0,0,0,0,0,0,1,0,0,0,0,1,1,0
473,2026-06-18,Beni,Malambo,Rughetsi,Homme,36 à 40 ans,Ménage retourné,1 à 2 ans,,Oui,Association,6,1,1,2,2,0,Oui,,0.5,,0.5,Oui,0,Faible,Riziculteurs diversifiés,E05,10.9,True,0,0,1,0,0,0,1,1,1,1,0,1,0,1,0,1,0,0,0,0,0,0,0,0,0,0,0,1,0,1,1,1,0,0,0,1,0,0,0,1,1,0,0,1,1,0,0,0,0,0,0,0,0,0,0,0,0,0,0,0,0,0,0,1,0,0,0,0,0,0,0,0,0,0,0,0,0
474,2026-06-18,Beni,Malambo,Rughetsi,Femme,18 à 25 ans,Ménage retourné,1 à 2 ans,,Non,,4,1,1,1,1,0,Oui,,0.3,,0.3,Oui,2,Faible,Vivriers diversifiés + élevage,E04,507.0,True,0,0,0,0,0,1,0,1,1,0,0,1,0,1,0,0,0,0,0,0,0,0,0,0,0,0,0,1,1,1,0,0,0,0,0,1,1,0,0,1,1,0,0,1,0,0,0,0,0,0,0,0,0,0,0,0,0,0,0,0,0,0,0,1,0,0,0,0,0,1,0,0,0,0,1,0,0
475,2026-06-18,Beni,Lume,Q. Ruwenzori,Femme,36 à 40 ans,Ménage retourné,plus de 2 ans,,Oui,Association,4,1,1,1,1,0,Non,Oui,,0.1,0.1,Non,3,Modérée,Petits producteurs peu diversifiés,E07,616.6,True,0,0,0,0,0,1,0,1,0,0,1,0,0,0,1,0,0,0,0,0,0,0,1,0,0,0,0,0,0,0,0,0,0,0,0,1,0,0,1,1,0,0,0,1,1,0,0,0,0,0,0,0,0,0,0,0,0,0,0,0,1,0,0,0,0,0,0,0,0,1,0,1,0,0,0,1,0
476,2026-06-18,Beni,Lume,Q. Ruwenzori,Homme,18 à 25 ans,Ménage retourné,Moins de 6 mois,,Oui,Association,5,1,1,2,1,0,Oui,,0.5,,0.5,Oui,1,Faible,Vivriers diversifiés + élevage,E01,11.6,True,0,0,0,0,0,0,0,1,1,0,1,1,0,1,1,1,1,0,1,0,0,1,0,1,1,0,0,1,1,1,1,1,0,0,0,1,1,0,1,1,1,0,1,1,1,0,0,0,1,1,1,0,0,1,0,0,0,0,0,0,0,0,0,0,1,0,0,0,0,0,0,0,1,0,0,0,0
477,2026-06-18,Beni,Malambo,Rughetsi,Femme,36 à 40 ans,Ménage retourné,1 à 2 ans,,Oui,Association,10,2,1,1,6,1,Oui,,0.4,,0.4,Oui,3,Modérée,Vivriers diversifiés + élevage,E04,498.8,True,0,0,0,0,0,1,0,1,1,0,1,1,0,1,0,0,0,0,0,0,0,0,0,0,0,0,0,1,1,1,0,0,0,0,0,1,1,0,0,1,1,0,0,1,0,0,0,0,0,0,0,0,0,0,0,0,0,0,0,0,0,0,0,1,0,0,0,0,0,1,1,0,0,1,0,0,0
478,2026-06-18,Beni,Lume,Q. Ruwenzori,Femme,26 à 35 ans,Ménage retourné,plus de 2 ans,,Oui,Association,5,1,1,1,2,1,Oui,,0.1,,0.1,Oui,3,Modérée,Petits producteurs peu diversifiés,E07,609.5,True,0,0,0,0,0,0,0,1,0,0,1,0,0,1,0,0,0,0,0,0,0,0,0,0,0,0,0,1,0,0,0,0,0,0,0,1,1,0,0,1,1,0,1,1,0,0,0,0,0,0,0,0,0,0,0,0,0,0,0,0,1,1,0,0,0,0,0,0,0,1,1,0,0,0,0,1,0
479,2026-06-18,Beni,Malambo,Rughetsi,Femme,26 à 35 ans,Ménage retourné,1 à 2 ans,,Oui,Association,6,1,1,2,2,0,Oui,,0.2,,0.2,Oui,2,Faible,Riziculteurs diversifiés,E05,15.1,True,0,0,0,0,0,1,0,1,1,1,0,1,0,1,0,0,0,0,0,0,0,0,0,0,0,0,0,1,0,1,1,1,0,0,0,1,0,0,0,1,1,0,0,1,1,0,0,0,0,0,0,0,0,0,0,0,0,0,0,0,0,0,0,1,0,0,0,0,0,1,0,0,0,0,0,1,0
480,2026-06-18,Beni,Malambo,Rughetsi,Femme,Plus de 41 ans,Ménage retourné,1 à 2 ans,,Oui,Association,6,0,1,3,2,0,Oui,,0.26,,0.26,Oui,1,Faible,Vivriers diversifiés + élevage,E03,571.0,True,0,0,0,0,0,1,0,1,1,0,1,1,1,0,1,1,0,0,0,0,1,0,0,1,0,0,0,1,0,1,1,1,0,0,0,1,0,0,0,1,1,0,0,1,0,0,0,0,0,0,0,0,0,0,0,0,0,0,0,0,0,0,0,1,0,0,1,0,0,1,0,0,0,0,0,0,0
481,2026-06-18,Beni,Lume,Q. Ruwenzori,Femme,18 à 25 ans,Ménage retourné,Moins de 6 mois,,Non,,6,2,3,1,0,0,Non,Oui,,0.5,0.5,Non,4,Modérée,Petits producteurs peu diversifiés,E01,10.4,True,0,0,0,0,0,1,0,1,1,0,1,1,0,1,0,0,0,0,0,0,0,0,0,0,0,0,0,0,0,0,0,0,0,0,0,1,1,0,1,1,1,0,1,1,0,0,0,0,1,0,1,0,0,1,0,0,0,0,0,0,0,0,0,0,1,0,0,0,0,1,0,1,1,0,1,0,0
482,2026-06-18,Beni,Lume,Q. Ruwenzori,Femme,36 à 40 ans,Ménage retourné,6 à 12 mois,,Oui,Association,5,1,1,0,3,0,Non,Oui,,0.15,0.15,Oui,4,Modérée,Petits producteurs peu diversifiés,E07,602.4,True,0,0,0,0,0,1,0,1,0,0,1,0,0,0,0,0,0,0,0,0,0,0,0,0,0,0,0,1,0,0,0,0,0,0,0,1,0,0,1,1,0,0,0,1,0,0,0,0,0,0,0,0,0,0,0,0,0,0,0,0,1,0,0,0,0,1,0,0,0,1,0,1,1,0,0,1,0
483,2026-06-18,Beni,Malambo,Rughetsi,Homme,26 à 35 ans,Ménage retourné,1 à 2 ans,,Oui,Association,8,1,1,2,4,0,Oui,,0.45,,0.45,Oui,0,Faible,Vivriers diversifiés + élevage,E03,1976.8,True,0,0,0,0,0,0,0,1,0,0,1,0,0,1,0,0,0,0,0,0,0,0,0,0,0,0,0,1,1,0,1,0,1,0,0,1,0,0,0,1,1,0,0,1,1,0,0,0,0,0,0,0,0,0,0,0,0,0,0,0,1,0,0,1,0,0,1,0,0,0,0,0,0,0,0,0,0
484,2026-06-18,Beni,Lume,Q. Ruwenzori,Femme,36 à 40 ans,Ménage retourné,1 à 2 ans,,Oui,Association,7,1,2,0,4,0,Non,Oui,,0.1,0.1,Non,3,Modérée,Petits producteurs peu diversifiés,E07,594.9,True,0,0,0,0,0,0,0,1,0,0,0,0,0,0,0,0,0,0,0,0,0,0,0,0,0,0,0,0,0,0,0,0,0,0,0,1,0,0,0,1,1,0,0,1,0,0,0,0,0,0,0,0,0,0,0,0,0,0,0,0,1,0,0,1,0,0,0,1,0,1,0,1,0,0,0,1,0
485,2026-06-18,Beni,Lume,Q. Ruwenzori,Homme,18 à 25 ans,Ménage retourné,Moins de 6 mois,,Non,,8,2,1,1,4,0,Oui,,1.0,,1.0,Oui,2,Faible,Vivriers diversifiés + élevage,E01,11.8,True,0,0,0,0,0,1,0,1,1,0,1,1,0,1,0,1,0,0,0,0,0,0,0,0,0,0,0,1,1,1,1,1,0,1,0,1,1,0,1,1,1,0,1,1,1,0,0,0,1,1,1,0,0,1,0,0,0,0,0,0,0,0,0,0,0,0,0,0,0,0,0,0,1,0,1,0,0
486,2026-06-18,Beni,Malambo,Rughetsi,Femme,26 à 35 ans,Ménage retourné,1 à 2 ans,,Oui,Association,10,1,1,4,4,0,Oui,,0.5,,0.5,Oui,2,Faible,Riziculteurs diversifiés,E05,15.1,True,0,0,1,0,0,1,1,1,1,1,0,1,0,0,0,1,0,0,0,0,0,0,0,0,0,0,0,1,1,0,1,1,0,0,0,1,0,0,0,1,0,0,0,1,1,0,0,0,0,0,0,0,0,0,0,0,0,0,0,0,0,0,0,0,0,0,0,0,0,1,0,0,0,1,0,0,0
487,2026-06-18,Beni,Malambo,Rughetsi,Femme,26 à 35 ans,Ménage retourné,1 à 2 ans,,Oui,Association,6,1,1,3,1,0,Oui,,0.2,,0.2,Oui,2,Faible,Vivriers diversifiés + élevage,E04,480.5,True,0,0,0,0,0,0,0,1,1,0,1,1,0,1,0,0,0,0,0,0,0,0,0,0,0,0,0,1,1,1,1,1,0,0,0,1,1,0,0,1,1,0,0,1,0,0,0,0,0,0,0,0,0,0,0,0,0,0,0,0,0,0,0,0,0,0,0,0,0,1,0,0,0,0,0,1,0
488,2026-06-18,Beni,Malambo,Rughetsi,Femme,26 à 35 ans,Ménage retourné,plus de 2 ans,,Non,,9,2,1,2,4,0,Oui,,0.5,,0.5,Oui,3,Modérée,Vivriers diversifiés + élevage,E03,1981.0,True,0,0,0,0,0,1,0,1,1,0,0,0,0,1,1,1,1,0,1,0,1,0,1,1,0,0,0,1,0,1,1,1,0,0,1,1,1,0,0,1,1,0,0,1,1,0,0,0,0,0,0,0,0,0,0,0,0,0,0,0,1,0,0,0,0,1,0,0,0,1,0,0,0,1,1,0,0
489,2026-06-18,Beni,Lume,Q. Ruwenzori,Femme,18 à 25 ans,Ménage retourné,Moins de 6 mois,,Oui,Association,6,2,1,1,2,0,Oui,,0.06,,0.06,Oui,3,Modérée,Vivriers diversifiés + élevage,E01,9.9,True,0,0,0,0,0,1,0,1,1,0,1,1,0,1,1,1,1,1,1,0,0,0,1,1,0,0,0,1,1,1,1,1,0,1,0,1,1,0,1,1,1,0,1,1,1,0,0,0,1,1,1,0,0,1,0,0,0,0,0,0,0,0,0,0,0,0,0,0,0,1,0,0,1,0,0,1,0
490,2026-06-18,Beni,Malambo,Rughetsi,Femme,18 à 25 ans,Ménage retourné,6 à 12 mois,,Non,,5,1,1,2,1,0,Oui,,0.2,,0.2,Oui,4,Modérée,Vivriers diversifiés + élevage,E04,467.6,True,0,0,0,0,0,0,0,1,1,0,1,1,0,1,0,0,0,0,0,0,0,0,0,0,0,0,0,1,1,1,0,0,0,0,0,1,1,0,0,1,1,0,0,1,0,0,0,0,0,0,0,0,0,0,0,0,0,0,0,0,0,0,0,1,0,0,0,0,0,1,0,0,1,0,1,1,0
491,2026-06-18,Beni,Malambo,Rughetsi,Femme,26 à 35 ans,Ménage retourné,1 à 2 ans,,Non,,6,1,1,3,1,0,Oui,,0.2,,0.2,Oui,3,Modérée,Vivriers diversifiés + élevage,E03,1974.2,True,0,0,0,0,0,0,0,1,1,0,1,1,0,0,1,0,0,0,0,0,0,0,1,0,0,0,0,0,0,1,1,1,0,0,0,1,1,0,0,1,1,0,0,1,1,0,0,0,0,0,0,0,0,0,0,0,0,0,0,0,1,0,0,0,0,1,0,0,0,1,0,0,0,0,1,1,0
492,2026-06-18,Beni,Malambo,Rughetsi,Femme,36 à 40 ans,Ménage retourné,1 à 2 ans,,Oui,Association,8,1,1,3,3,0,Oui,,0.5,,0.5,Oui,1,Faible,Vivriers diversifiés + élevage,E05,9.9,True,0,0,0,0,0,1,0,1,1,0,1,1,0,1,0,1,0,0,0,0,0,0,0,0,0,0,0,1,0,1,1,1,0,0,0,1,0,0,0,1,1,0,0,1,1,0,0,0,0,0,0,0,0,0,0,0,0,0,0,0,0,0,0,1,0,0,0,0,0,1,0,0,0,0,0,0,0
493,2026-06-18,Beni,Lume,Q. Ruwenzori,Homme,18 à 25 ans,Ménage retourné,6 à 12 mois,,Non,,11,3,1,3,4,1,Oui,,0.5,,0.5,Oui,4,Modérée,Vivriers diversifiés + élevage,E01,12.9,True,0,0,1,0,0,0,1,1,1,0,1,1,0,1,0,1,0,0,0,0,0,0,0,0,0,0,0,1,1,0,1,1,0,1,0,1,1,0,1,1,1,0,1,1,1,0,0,0,1,1,0,0,0,0,0,0,1,0,0,0,0,0,0,0,1,0,0,0,0,0,1,0,1,1,1,0,0
494,2026-06-18,Beni,Malambo,Rughetsi,Femme,36 à 40 ans,Ménage retourné,1 à 2 ans,,Non,,8,1,1,5,1,0,Oui,,0.2,,0.2,Oui,3,Modérée,Vivriers diversifiés + élevage,E04,459.6,True,0,0,1,0,0,0,1,1,1,0,1,1,0,1,0,0,0,0,0,0,0,0,0,0,0,0,0,1,1,1,0,0,0,0,0,1,1,0,0,1,1,0,0,1,0,0,0,0,1,0,0,0,0,0,0,0,0,0,0,0,0,0,0,1,0,0,0,0,0,1,0,0,0,0,1,1,0
495,2026-06-18,Beni,Malambo,Rughetsi,Femme,18 à 25 ans,Ménage retourné,1 à 2 ans,,Oui,Association,6,1,1,1,3,0,Oui,,0.15,,0.15,Oui,2,Faible,Petits producteurs peu diversifiés,E03,1969.3,True,0,0,0,0,0,1,0,1,0,0,1,0,0,1,0,0,0,0,0,0,0,0,0,0,0,0,0,1,0,0,0,0,0,0,0,1,1,0,0,1,1,0,0,1,1,0,0,0,0,0,0,0,0,0,0,0,0,0,0,0,0,0,1,0,0,1,0,0,0,1,0,0,0,0,0,1,0
496,2026-06-18,Beni,Malambo,Rughetsi,Femme,36 à 40 ans,Ménage retourné,1 à 2 ans,,Oui,Association,6,1,1,2,2,0,Oui,,1.0,,1.0,Oui,1,Faible,Riziculteurs diversifiés,E05,17.0,True,0,0,0,0,0,1,0,1,1,1,0,0,0,1,0,1,0,0,0,0,0,0,0,0,0,0,0,1,0,1,1,1,0,0,0,1,0,0,0,1,0,0,0,1,1,0,0,0,0,0,0,0,0,0,0,0,0,0,0,0,0,0,0,1,0,0,0,0,0,1,0,0,0,0,0,0,0
497,2026-06-18,Beni,Malambo,Rughetsi,Femme,18 à 25 ans,Ménage retourné,6 à 12 mois,,Non,,5,1,1,1,2,0,Oui,,0.2,,0.2,Oui,4,Modérée,Riziculteurs diversifiés,E04,450.8,True,0,0,0,0,0,0,0,1,1,1,0,0,0,1,0,0,0,0,0,0,0,0,0,0,0,0,0,1,1,1,0,0,0,0,0,1,1,0,0,1,1,0,0,1,0,0,0,0,0,0,0,0,0,0,0,0,0,0,0,0,0,0,0,1,0,0,0,0,0,1,0,0,1,0,1,1,0
498,2026-06-18,Beni,Malambo,Rughetsi,Femme,18 à 25 ans,Ménage retourné,1 à 2 ans,,Non,,8,0,3,2,3,0,Oui,,0.25,,0.25,Oui,2,Faible,Vivriers diversifiés + élevage,E03,1964.8,True,0,0,0,0,0,0,0,1,0,0,1,0,0,0,0,1,0,0,0,0,0,0,0,0,0,0,0,1,0,1,1,1,0,0,0,1,1,0,0,1,1,0,1,1,1,0,0,0,0,0,0,0,0,0,0,0,0,0,0,0,0,0,1,0,0,0,0,0,0,1,0,0,0,0,1,0,0
499,2026-06-18,Beni,Malambo,Autres villages,Homme,Plus de 41 ans,Ménage retourné,plus de 2 ans,,Oui,Autres,9,3,2,1,3,0,Oui,,1.0,,1.0,Oui,1,Faible,Vivriers diversifiés + élevage,E11,704.7,True,0,0,0,0,0,1,0,1,1,0,1,0,0,1,1,0,0,0,0,0,0,0,1,0,1,0,0,1,0,1,1,1,0,0,0,1,1,0,0,1,1,0,1,1,1,1,0,0,0,0,0,0,0,0,0,0,0,0,0,0,0,1,1,0,0,0,0,0,0,0,0,0,0,1,0,0,0
500,2026-06-18,Beni,Lume,Q. Ruwenzori,Homme,18 à 25 ans,Ménage retourné,6 à 12 mois,,Non,,14,4,2,3,5,1,Oui,,2.0,,2.0,Oui,4,Modérée,Vivriers diversifiés + élevage,E01,15.1,True,0,0,1,0,0,1,1,1,1,0,1,1,0,1,0,1,0,0,0,0,0,0,0,0,0,0,0,1,0,1,1,1,1,0,0,1,1,0,1,1,1,0,1,1,1,0,0,1,1,1,1,0,0,1,0,0,0,0,0,0,0,0,0,0,0,0,0,0,0,0,1,0,1,1,1,0,0
501,2026-06-18,Beni,Malambo,Rughetsi,Femme,18 à 25 ans,Ménage retourné,plus de 2 ans,,Non,,4,1,1,1,1,0,Non,Oui,,0.1,0.1,Oui,4,Modérée,Petits producteurs peu diversifiés,E03,1963.3,True,0,0,0,0,0,1,0,1,0,0,0,1,0,0,0,0,0,0,0,0,0,0,0,0,0,0,0,1,1,1,1,0,0,0,1,1,0,0,1,1,1,0,1,1,0,0,0,0,0,0,0,0,0,0,0,0,0,0,0,0,0,0,1,0,0,1,0,0,0,1,0,1,0,0,1,1,0
502,2026-06-18,Beni,Malambo,Rughetsi,Femme,18 à 25 ans,Ménage retourné,1 à 2 ans,,Oui,Association,4,1,1,1,1,0,Oui,,0.2,,0.2,Oui,2,Faible,Vivriers diversifiés + élevage,E04,442.7,True,0,0,0,0,0,1,0,1,1,0,1,1,0,1,0,0,0,0,0,0,0,0,0,0,0,0,0,1,1,1,0,0,0,0,0,1,1,0,0,1,1,0,0,1,1,0,0,0,0,0,0,0,0,0,0,0,0,0,0,0,0,0,0,0,0,0,0,0,0,1,0,0,0,0,0,1,0
503,2026-06-18,Beni,Malambo,Rughetsi,Femme,36 à 40 ans,Ménage retourné,1 à 2 ans,,Oui,Association,7,1,1,2,3,0,Oui,,0.4,,0.4,Oui,1,Faible,Riziculteurs diversifiés,E05,10.6,True,0,0,0,0,0,1,0,1,1,1,1,1,0,1,0,1,0,0,0,0,0,0,0,0,0,0,0,1,1,1,1,1,0,0,0,1,0,0,0,1,1,0,0,1,1,0,0,0,0,0,0,0,0,0,0,0,0,0,0,0,0,0,0,0,0,0,0,0,0,1,0,0,0,0,0,0,0
504,2026-06-18,Beni,Malambo,Rughetsi,Femme,26 à 35 ans,Ménage retourné,1 à 2 ans,,Oui,Association,5,1,1,2,1,1,Non,Oui,,0.15,0.15,Oui,4,Modérée,Petits producteurs peu diversifiés,E03,1958.8,True,0,0,0,0,0,1,0,0,0,0,1,1,0,0,0,0,0,0,0,0,0,0,0,0,0,0,0,0,1,1,0,0,0,0,0,1,0,0,0,1,1,0,0,1,1,0,0,0,0,0,0,0,0,0,0,0,0,0,0,0,0,0,1,0,0,1,0,0,0,1,1,1,0,0,0,1,0
505,2026-06-18,Beni,Lume,Q. Ruwenzori,Homme,18 à 25 ans,Ménage retourné,Moins de 6 mois,,Non,,10,1,5,2,2,1,Non,Oui,,0.02,0.02,Oui,6,Élevée,Vivriers diversifiés + élevage,E01,22.4,True,0,0,1,0,0,1,1,1,1,0,1,1,1,0,0,1,0,0,0,0,0,0,0,0,0,0,0,1,1,0,1,1,0,0,0,1,1,0,1,1,1,0,1,1,1,0,0,0,1,1,1,0,0,1,0,0,0,0,0,0,0,0,0,0,1,0,0,0,0,0,1,1,1,1,1,1,0
506,2026-06-18,Beni,Malambo,Hurara,Femme,26 à 35 ans,Ménage retourné,plus de 2 ans,,Oui,Autres,6,1,2,2,1,0,Oui,,0.4,,0.4,Oui,1,Faible,Petits producteurs peu diversifiés,E08,5.2,True,0,0,0,0,0,1,0,1,1,0,1,0,0,0,0,0,0,0,0,0,0,0,0,0,0,0,0,0,0,1,0,0,0,0,0,1,0,1,1,1,0,1,1,1,0,1,1,1,0,0,1,0,0,0,0,0,0,0,0,0,0,0,1,0,0,0,0,0,0,1,0,0,0,0,0,0,0
507,2026-06-18,Beni,Malambo,Rughetsi,Femme,18 à 25 ans,Ménage retourné,1 à 2 ans,,Oui,Association,4,1,1,1,1,0,Oui,,0.3,,0.3,Oui,1,Faible,Vivriers diversifiés + élevage,E04,429.3,True,0,0,0,0,0,1,0,1,1,0,1,1,0,1,0,0,0,0,0,0,0,0,0,0,0,0,0,1,1,1,1,0,0,0,1,1,1,0,0,1,1,0,0,1,1,0,0,0,0,0,0,0,0,0,0,0,0,0,0,0,0,0,0,1,0,0,0,0,0,1,0,0,0,0,0,0,0
508,2026-06-18,Beni,Malambo,Rughetsi,Femme,36 à 40 ans,Ménage retourné,1 à 2 ans,,Oui,Association,10,1,1,4,4,0,Oui,,0.5,,0.5,Oui,2,Faible,Riziculteurs diversifiés,E05,17.6,True,0,0,0,0,1,1,1,1,1,1,0,1,0,1,0,1,0,0,0,0,0,0,0,0,0,0,0,1,1,1,1,1,0,0,0,1,0,0,0,1,1,0,0,1,1,0,0,0,0,0,0,0,0,0,0,0,0,0,0,0,0,0,0,1,0,0,0,0,0,1,0,0,0,1,0,0,0
509,2026-06-18,Beni,Malambo,Hurara,Femme,26 à 35 ans,Ménage retourné,plus de 2 ans,,Oui,Autres,5,1,1,1,2,0,Oui,,0.6,,0.6,Oui,1,Faible,Vivriers diversifiés + élevage,E08,82.3,True,0,0,0,0,0,0,0,1,0,0,1,0,0,1,1,0,0,0,0,1,0,0,1,0,0,0,0,1,0,1,0,0,0,0,0,1,0,1,0,1,0,0,1,1,1,1,1,1,0,0,0,0,0,0,0,0,0,0,0,0,0,0,1,0,0,0,0,0,0,1,0,0,0,0,0,0,0
510,2026-06-18,Beni,Malambo,Hurara,Femme,Plus de 41 ans,Ménage retourné,plus de 2 ans,,Non,,10,3,2,3,2,0,Non,Oui,,0.25,0.25,Oui,4,Modérée,Vivriers diversifiés + élevage,E11,679.2,True,0,0,1,0,0,0,1,1,1,0,1,1,0,1,1,0,0,0,0,0,0,1,1,0,1,1,0,1,0,1,0,0,0,0,0,1,1,0,0,1,1,0,0,1,1,1,0,0,0,0,0,0,0,0,0,0,0,0,0,0,0,1,1,0,0,0,0,0,0,1,0,1,0,1,1,0,0
511,2026-06-18,Beni,Malambo,Rughetsi,Homme,18 à 25 ans,Ménage retourné,1 à 2 ans,,Oui,Association,6,1,1,1,3,0,Oui,,0.4,,0.4,Oui,0,Faible,Vivriers diversifiés + élevage,E04,421.5,True,0,0,0,0,0,1,0,1,1,0,0,1,0,1,0,0,0,0,0,0,0,0,0,0,0,0,0,0,1,1,1,1,0,0,0,1,1,0,0,1,1,0,0,1,1,0,0,0,1,0,0,0,0,0,0,0,0,0,0,0,1,0,0,1,0,0,0,0,0,0,0,0,0,0,0,0,0
512,2026-06-18,Beni,Malambo,Rughetsi,Femme,36 à 40 ans,Ménage retourné,1 à 2 ans,,Oui,Association,8,1,2,4,1,0,Oui,,0.4,,0.4,Oui,1,Faible,Riziculteurs diversifiés,E04,414.5,True,0,0,0,0,0,0,0,1,1,1,1,1,0,0,0,0,0,0,0,0,0,0,0,0,0,0,0,0,0,1,0,0,0,0,0,1,1,0,0,1,1,0,0,1,1,0,0,0,1,0,0,0,0,0,0,0,0,0,0,0,0,1,0,0,0,0,0,0,0,1,0,0,0,0,0,0,0
513,2026-06-18,Beni,Malambo,Hurara,Femme,26 à 35 ans,Ménage retourné,plus de 2 ans,,Non,,5,2,2,1,0,0,Oui,,0.35,,0.35,Oui,2,Faible,Vivriers diversifiés + élevage,E11,668.8,True,0,0,1,0,0,0,1,1,1,0,1,1,0,1,1,0,0,0,0,0,1,1,1,0,1,1,0,1,0,1,1,1,0,0,0,1,1,0,0,1,1,1,0,1,1,1,0,0,0,0,0,0,0,0,0,0,0,0,0,0,0,1,1,0,0,0,0,0,0,1,0,0,0,0,1,0,0
514,2026-06-18,Beni,Malambo,Rughetsi,Femme,36 à 40 ans,Ménage retourné,1 à 2 ans,,Oui,Association,9,2,3,1,3,0,Oui,,4.0,,4.0,Oui,2,Faible,Vivriers diversifiés + élevage,E03,1914.0,True,0,0,0,0,0,0,0,1,1,0,1,1,0,1,1,1,1,0,1,0,1,0,0,1,0,0,0,1,0,1,1,1,0,0,0,1,1,0,1,1,1,0,0,1,1,0,0,0,0,0,0,0,0,0,0,0,0,0,0,0,1,0,1,0,0,1,0,0,0,1,0,0,0,1,0,0,0
515,2026-06-18,Beni,Malambo,Rughetsi,Femme,36 à 40 ans,Ménage retourné,1 à 2 ans,,Oui,Association,10,1,1,4,4,0,Oui,,0.5,,0.5,Oui,2,Faible,Riziculteurs diversifiés,E05,12.7,True,0,0,0,0,1,1,1,1,1,1,1,0,0,1,0,1,0,0,0,0,0,0,0,0,0,0,0,1,1,1,1,1,0,0,0,1,0,0,0,1,1,0,0,1,1,0,0,0,0,0,0,0,0,0,0,0,0,0,0,0,0,0,0,1,0,0,0,0,0,1,0,0,0,1,0,0,0
516,2026-06-18,Beni,Lume,Q. Ruwenzori,Homme,26 à 35 ans,Famille d'accueil,,2,Oui,Association,14,4,2,3,5,1,Oui,,2.0,,2.0,Oui,3,Modérée,Vivriers diversifiés + élevage,E01,10.1,True,0,0,1,0,0,1,1,1,1,0,1,1,0,1,1,1,1,0,1,1,1,0,1,1,0,0,0,1,0,1,1,0,1,0,0,1,1,0,1,1,1,0,1,1,1,0,0,0,0,0,0,0,0,0,0,0,0,0,0,0,0,0,0,0,0,0,0,0,0,0,1,0,0,1,0,0,1
517,2026-06-18,Beni,Malambo,Rughetsi,Femme,Plus de 41 ans,Ménage retourné,plus de 2 ans,,Oui,Association,9,3,4,2,0,0,Oui,,0.03,,0.03,Non,3,Modérée,Petits producteurs peu diversifiés,E04,402.0,True,0,0,0,0,0,1,0,1,1,0,1,1,0,1,0,0,0,0,0,0,0,0,0,0,0,0,0,0,0,0,0,0,0,0,0,1,1,0,0,1,1,0,0,1,1,0,0,0,1,0,0,0,0,0,0,0,0,0,0,1,0,0,0,1,0,0,0,0,0,1,0,0,0,1,0,1,0
518,2026-06-18,Beni,Malambo,Hurara,Femme,26 à 35 ans,Ménage retourné,1 à 2 ans,,Non,,5,1,1,2,1,0,Non,Oui,,0.25,0.25,Oui,3,Modérée,Vivriers diversifiés + élevage,E11,656.6,True,0,0,0,0,0,1,0,1,1,0,0,1,0,1,0,0,0,0,0,0,0,0,0,0,0,0,0,1,0,1,0,0,0,0,0,1,1,0,0,1,1,1,0,1,1,1,0,0,0,0,0,0,0,0,0,0,0,0,0,0,0,1,1,0,0,0,0,0,0,1,0,1,0,0,1,0,0
519,2026-06-18,Beni,Malambo,Rughetsi,Femme,Plus de 41 ans,Ménage retourné,1 à 2 ans,,Oui,Association,8,1,1,3,3,0,Oui,,0.5,,0.5,Oui,1,Faible,Riziculteurs diversifiés,E05,8.9,True,0,0,0,0,0,0,0,1,1,1,0,1,0,1,0,1,0,0,0,0,0,0,0,0,0,0,0,1,1,1,1,1,0,0,0,1,0,0,0,1,1,0,0,1,1,0,0,0,0,0,0,0,0,0,0,0,0,0,0,0,0,0,0,1,0,0,0,0,0,1,0,0,0,0,0,0,0
520,2026-06-18,Beni,Lume,Q. Ruwenzori,Homme,26 à 35 ans,Ménage retourné,6 à 12 mois,,Non,,8,2,2,2,2,0,Oui,,1.0,,1.0,Oui,2,Faible,Vivriers diversifiés + élevage,E01,8.5,True,0,0,0,0,0,0,0,1,1,0,1,1,0,1,1,1,1,1,1,1,0,0,0,1,0,0,0,1,0,1,1,1,0,0,0,1,1,0,1,1,1,0,1,1,1,0,0,1,1,0,1,0,0,1,0,0,0,0,0,0,0,0,0,0,0,0,0,0,0,0,0,0,1,0,1,0,0
521,2026-06-18,Beni,Malambo,Rughetsi,Femme,18 à 25 ans,Ménage retourné,plus de 2 ans,,Non,,6,2,1,1,2,0,Non,Oui,,0.25,0.25,Non,3,Modérée,Petits producteurs peu diversifiés,E03,1916.6,True,0,0,0,0,0,1,0,1,0,0,1,1,0,0,0,0,0,0,0,0,0,0,0,0,0,0,0,0,0,0,0,0,0,0,0,1,0,0,0,1,1,0,0,1,1,0,0,0,0,0,0,0,0,0,0,0,0,0,0,0,0,0,0,0,0,1,0,0,0,1,0,1,0,0,1,0,0
522,2026-06-18,Beni,Malambo,Rughetsi,Femme,36 à 40 ans,Ménage retourné,1 à 2 ans,,Oui,Association,7,2,1,0,4,1,Oui,,0.3,,0.3,Oui,2,Faible,Vivriers diversifiés + élevage,E04,388.6,True,0,0,0,0,0,1,0,1,1,0,1,1,0,1,1,0,1,1,0,0,0,0,0,0,0,0,0,1,1,1,0,0,0,0,0,1,1,0,0,1,1,0,0,1,1,0,0,0,0,0,0,0,0,0,0,0,0,0,0,0,0,0,0,1,0,0,0,0,0,1,1,0,0,0,0,0,0
523,2026-06-18,Beni,Malambo,Rughetsi,Homme,Plus de 41 ans,Ménage retourné,1 à 2 ans,,Oui,Association,8,1,1,3,3,0,Oui,,0.5,,0.5,Oui,0,Faible,Riziculteurs diversifiés,E05,9.3,True,0,0,0,0,0,1,0,1,1,1,1,0,0,1,0,1,0,0,0,0,0,0,0,0,0,0,0,1,1,1,1,1,0,0,0,1,0,0,0,1,1,0,0,1,1,0,0,0,0,0,0,0,0,0,0,0,0,0,0,0,0,0,0,1,0,0,0,0,0,0,0,0,0,0,0,0,0
524,2026-06-18,Beni,Lume,Q. Ruwenzori,Homme,18 à 25 ans,Ménage retourné,Moins de 6 mois,,Non,,6,1,2,2,1,1,Non,Oui,,0.05,0.05,Oui,5,Élevée,Vivriers diversifiés + élevage,E01,9.1,True,0,0,1,0,0,0,1,1,1,0,0,0,0,1,0,1,0,0,0,0,0,0,0,0,0,0,0,1,0,1,1,0,0,0,0,1,1,0,1,1,1,0,1,1,0,0,0,0,1,1,1,0,0,1,0,0,0,0,0,0,0,0,0,0,1,0,0,0,0,0,1,1,1,0,1,1,0
525,2026-06-18,Beni,Malambo,Rughetsi,Femme,36 à 40 ans,Ménage retourné,1 à 2 ans,,Oui,Association,8,2,3,2,1,1,Non,Oui,,0.15,0.15,Oui,4,Modérée,Vivriers diversifiés + élevage,E03,1905.7,True,0,0,0,0,0,1,0,1,1,0,0,1,0,1,0,0,0,0,0,0,0,0,0,0,0,0,0,1,1,1,1,1,0,0,0,1,1,0,0,1,0,0,1,1,1,0,0,0,0,0,0,0,0,0,0,0,0,0,0,0,1,0,0,1,0,0,1,0,0,1,1,1,0,0,0,1,0
526,2026-06-18,Beni,Malambo,Hurara,Femme,26 à 35 ans,Ménage retourné,plus de 2 ans,,Non,,5,1,1,0,3,0,Non,Oui,,0.25,0.25,Oui,3,Modérée,Vivriers diversifiés + élevage,E11,635.1,True,0,0,0,0,0,1,0,1,1,0,1,1,0,0,1,0,0,0,0,0,0,0,1,0,1,1,0,1,0,1,0,0,0,0,0,1,1,0,0,1,1,1,0,1,1,1,0,0,0,0,0,0,0,0,0,0,0,0,0,0,0,1,1,0,0,0,0,0,0,1,0,1,0,0,1,0,0
527,2026-06-18,Beni,Malambo,Rughetsi,Femme,Plus de 41 ans,Ménage retourné,1 à 2 ans,,Oui,Association,6,1,1,2,2,0,Oui,,0.3,,0.3,Oui,1,Faible,Vivriers diversifiés + élevage,E04,379.3,True,0,0,0,0,0,1,0,1,1,0,1,1,0,1,0,0,0,0,0,0,0,0,0,0,0,0,0,1,1,1,0,0,0,0,0,1,1,0,0,1,1,0,0,1,1,0,0,0,0,0,0,0,0,0,0,0,0,0,0,0,0,0,0,1,0,0,0,0,0,1,0,0,0,0,0,0,0
528,2026-06-18,Beni,Malambo,Rughetsi,Homme,Plus de 41 ans,Ménage retourné,1 à 2 ans,,Oui,Association,8,1,2,2,3,0,Oui,,1.0,,1.0,Oui,0,Faible,Riziculteurs diversifiés,E05,47.9,True,0,0,0,0,0,0,0,1,1,1,0,1,0,1,0,1,0,0,0,0,0,0,0,0,0,0,0,1,1,1,1,1,1,0,0,1,0,0,0,1,1,0,0,1,1,0,0,0,0,0,0,0,0,0,0,0,0,0,0,0,0,0,0,1,0,0,0,0,0,0,0,0,0,0,0,0,0
529,2026-06-18,Beni,Malambo,Rughetsi,Homme,18 à 25 ans,Ménage retourné,6 à 12 mois,,Non,,4,1,1,1,1,0,Non,Oui,,0.03,0.03,Non,4,Modérée,Petits producteurs peu diversifiés,E01,9.5,True,0,0,0,0,1,0,1,1,1,0,1,1,0,0,0,1,0,0,0,0,0,0,0,0,0,0,0,0,0,0,0,0,0,0,0,1,0,0,1,1,1,0,1,1,0,0,0,0,1,1,0,0,0,1,0,0,0,0,0,0,0,0,0,0,0,0,0,0,0,0,0,1,1,0,1,1,0
530,2026-06-18,Beni,Malambo,Rughetsi,Femme,18 à 25 ans,Ménage retourné,plus de 2 ans,,Oui,Association,3,1,1,1,0,0,Non,Oui,,0.2,0.2,Oui,3,Modérée,Vivriers diversifiés + élevage,E03,1894.5,True,0,0,0,0,0,0,0,1,1,0,1,1,1,1,1,0,1,0,1,0,1,0,1,1,0,0,0,1,1,1,0,0,0,0,0,1,0,0,0,1,1,0,1,1,0,0,0,0,0,0,0,0,0,0,0,0,0,0,0,0,0,0,1,0,0,0,0,0,0,1,0,1,0,0,0,1,0
531,2026-06-18,Beni,Malambo,Rughetsi,Homme,36 à 40 ans,Famille d'accueil,,2,Oui,Association,14,3,4,3,4,1,Oui,,2.0,,2.0,Oui,3,Modérée,Vivriers diversifiés + élevage,E01,14.0,True,0,0,1,0,0,0,1,1,1,0,1,1,0,1,0,1,0,0,0,0,0,0,0,0,0,0,0,1,0,1,1,1,0,0,0,1,1,0,1,1,1,0,1,1,1,0,0,0,1,0,0,0,0,1,0,0,0,0,0,0,0,0,0,0,1,0,0,0,0,0,1,0,0,1,0,0,1
532,2026-06-18,Beni,Malambo,Rughetsi,Femme,26 à 35 ans,Ménage retourné,1 à 2 ans,,Oui,Association,7,1,1,1,4,0,Oui,,1.0,,1.0,Oui,1,Faible,Vivriers diversifiés + élevage,E04,365.9,True,0,0,0,0,0,0,0,1,1,0,1,1,0,1,1,0,1,1,0,0,1,0,0,0,0,0,0,0,0,1,1,1,0,0,0,1,1,0,0,1,1,0,0,1,1,0,0,0,1,0,0,0,0,0,0,0,0,0,0,0,0,0,0,1,0,0,0,0,0,1,0,0,0,0,0,0,0
533,2026-06-18,Beni,Malambo,Hurara,Femme,18 à 25 ans,Ménage retourné,plus de 2 ans,,Non,,3,1,1,1,0,0,Non,Oui,,0.2,0.2,Oui,4,Modérée,Vivriers diversifiés + élevage,E11,614.2,True,0,0,0,0,0,0,0,1,1,0,1,1,0,0,1,0,0,0,1,0,0,1,1,0,1,1,0,1,1,1,0,0,0,0,0,1,1,0,0,1,1,1,0,1,1,1,0,0,0,0,0,0,0,0,0,0,0,0,0,0,0,0,0,0,0,0,0,0,0,1,0,1,0,0,1,1,0
534,2026-06-18,Beni,Malambo,Rughetsi,Femme,26 à 35 ans,Ménage retourné,1 à 2 ans,,Non,,10,1,1,5,3,0,Non,Oui,,0.4,0.4,Oui,4,Modérée,Vivriers diversifiés + élevage,E03,1886.6,True,0,0,0,0,0,1,0,1,1,0,1,1,0,1,0,0,0,0,0,0,0,0,0,0,0,0,0,1,0,1,0,0,0,0,0,1,0,0,0,1,0,0,0,1,1,0,0,0,0,0,0,0,0,0,0,0,0,0,0,0,1,0,1,0,0,1,1,0,0,1,0,1,0,1,1,0,0
535,2026-06-18,Beni,Malambo,Rughetsi,Femme,26 à 35 ans,Ménage retourné,1 à 2 ans,,Oui,Association,6,1,1,2,2,0,Oui,,0.2,,0.2,Oui,2,Faible,Vivriers diversifiés + élevage,E04,352.2,True,0,0,0,0,0,1,0,1,1,0,1,1,0,1,0,0,0,0,0,0,0,0,0,0,0,0,0,1,0,1,1,1,0,0,0,1,1,0,0,1,1,0,0,1,1,0,0,0,1,0,0,0,0,0,0,0,0,0,0,0,0,0,0,1,0,0,0,0,0,1,0,0,0,0,0,1,0
536,2026-06-18,Beni,Malambo,Rughetsi,Homme,18 à 25 ans,Ménage retourné,Moins de 6 mois,,Non,,2,1,1,0,0,0,Non,Oui,,0.02,0.02,Oui,4,Modérée,Vivriers diversifiés + élevage,E01,7.4,True,0,0,0,0,0,0,0,1,1,0,1,1,0,1,0,1,0,0,0,0,0,0,0,0,0,0,0,1,0,1,1,0,0,0,0,1,1,0,1,1,1,0,1,1,1,0,0,1,1,1,1,0,0,1,0,0,0,0,0,0,0,0,0,0,1,0,0,0,0,0,0,1,1,0,1,1,0
537,2026-06-18,Beni,Malambo,Rughetsi,Femme,26 à 35 ans,Ménage retourné,1 à 2 ans,,Oui,Association,6,1,1,0,4,0,Non,Oui,,0.1,0.1,Oui,3,Modérée,Vivriers diversifiés + élevage,E03,1880.1,True,0,0,0,0,0,1,0,1,0,0,1,1,0,1,0,0,0,0,0,0,0,0,0,0,0,0,0,0,1,1,1,1,0,0,0,1,1,0,0,1,0,0,1,1,1,0,0,0,0,0,0,0,0,0,0,0,0,0,0,0,1,0,1,0,0,1,0,0,0,1,0,1,0,0,0,1,0
538,2026-06-18,Beni,Malambo,Hurara,Femme,18 à 25 ans,Ménage retourné,plus de 2 ans,,Non,,3,1,1,1,0,0,Non,Oui,,0.5,0.5,Oui,3,Modérée,Vivriers diversifiés + élevage,E11,600.8,True,0,0,0,0,0,0,0,1,1,0,1,1,0,0,0,0,0,0,0,0,0,0,0,0,0,0,0,1,0,1,0,0,0,0,0,1,1,0,0,1,1,1,0,1,1,1,0,0,0,0,0,0,0,0,0,0,0,0,0,0,0,1,1,0,0,0,0,0,0,1,0,1,0,0,1,0,0
539,2026-06-18,Beni,Malambo,Rughetsi,Homme,18 à 25 ans,Ménage retourné,Moins de 6 mois,,Non,,2,1,1,0,0,1,Non,Oui,,0.04,0.04,Oui,5,Élevée,Petits producteurs peu diversifiés,E01,11.1,True,0,0,1,0,0,1,1,1,1,0,1,1,0,0,0,1,0,0,0,0,0,0,0,0,0,0,0,0,0,1,1,0,0,0,0,1,1,0,1,1,1,0,1,1,0,0,0,1,1,1,1,0,0,1,0,0,0,0,0,0,0,0,0,0,0,0,0,0,0,0,1,1,1,0,1,1,0
540,2026-06-18,Beni,Malambo,Hurara,Femme,26 à 35 ans,Ménage retourné,plus de 2 ans,,Oui,Autres,6,2,2,0,2,0,Oui,,1.0,,1.0,Oui,1,Faible,Petits producteurs peu diversifiés,E08,4.8,True,1,0,0,0,0,0,1,1,0,0,1,0,0,0,1,0,0,0,0,0,0,0,1,0,0,0,0,1,0,1,0,0,0,0,0,1,1,0,1,1,0,0,0,1,0,0,0,1,0,0,0,0,0,0,0,0,0,0,0,0,0,0,1,0,0,0,0,0,0,1,0,0,0,0,0,0,0
541,2026-06-18,Beni,Malambo,Rughetsi,Homme,36 à 40 ans,Ménage retourné,plus de 2 ans,,Oui,Organisation Paysanne,6,1,1,2,2,0,Non,Oui,,0.3,0.3,Oui,1,Faible,Petits producteurs peu diversifiés,E03,1873.4,True,0,0,0,0,0,1,0,1,0,0,1,1,0,0,0,0,0,0,0,0,0,0,0,0,0,0,0,1,0,1,0,0,0,0,0,1,0,0,0,1,0,0,0,1,1,0,0,0,0,0,0,0,0,0,0,0,0,0,0,0,0,0,0,0,0,1,1,0,0,0,0,1,0,0,0,0,0
542,2026-06-18,Beni,Malambo,Rughetsi,Femme,18 à 25 ans,Ménage retourné,1 à 2 ans,,Oui,Association,8,2,2,3,1,0,Oui,,0.3,,0.3,Non,1,Faible,Petits producteurs peu diversifiés,E04,341.2,True,0,0,0,0,0,1,0,1,1,0,0,1,0,1,0,0,0,0,0,0,0,0,0,0,0,0,0,0,0,0,0,0,0,0,0,1,0,0,0,1,1,0,0,1,1,0,0,0,0,0,0,0,0,0,0,0,0,0,0,0,0,0,0,1,0,0,0,0,0,1,0,0,0,0,0,0,0
543,2026-06-18,Beni,Malambo,Hurara,Femme,26 à 35 ans,Ménage retourné,plus de 2 ans,,Oui,Autres,5,1,2,1,1,0,Oui,,0.7,,0.7,Oui,1,Faible,Vivriers diversifiés + élevage,E08,6.0,True,0,0,0,0,0,1,0,1,1,0,0,1,0,0,0,0,0,0,0,0,0,0,0,0,0,0,0,1,0,1,0,0,0,0,0,1,1,0,1,1,0,0,1,1,0,1,1,1,0,0,1,0,0,0,0,0,0,0,0,0,0,0,1,0,0,0,0,0,0,1,0,0,0,0,0,0,0
544,2026-06-18,Beni,Malambo,Rughetsi,Femme,18 à 25 ans,Ménage retourné,6 à 12 mois,,Non,,8,0,3,2,3,0,Oui,,0.03,,0.03,Oui,4,Modérée,Vivriers diversifiés + élevage,E01,10.2,True,0,0,0,0,0,0,0,1,1,0,1,1,0,1,0,1,0,0,0,0,0,0,0,0,0,0,0,1,0,1,1,1,0,0,0,1,1,0,1,1,1,0,1,1,1,0,0,1,1,0,0,0,0,1,0,0,0,0,0,0,0,0,0,0,0,0,0,0,0,1,0,0,1,0,1,1,0
545,2026-06-18,Beni,Malambo,Rughetsi,Femme,18 à 25 ans,Ménage retourné,1 à 2 ans,,Non,,5,1,1,1,2,0,Non,Oui,,0.15,0.15,Oui,4,Modérée,Petits producteurs peu diversifiés,E03,1865.9,True,0,0,0,0,0,1,0,1,1,0,1,0,0,0,0,0,0,0,0,0,0,0,0,0,0,0,0,1,1,1,0,0,0,0,0,1,0,0,0,1,0,0,0,1,1,0,0,0,0,0,0,0,0,0,0,0,0,0,0,0,0,1,0,1,0,0,0,0,0,1,0,1,0,0,1,1,0
546,2026-06-18,Beni,Malambo,Rughetsi,Homme,36 à 40 ans,Ménage retourné,1 à 2 ans,,Oui,Association,5,1,1,2,1,0,Oui,,1.0,,1.0,Oui,0,Faible,Riziculteurs diversifiés,E05,10.1,True,0,0,1,0,0,0,1,1,1,1,1,1,0,1,0,1,0,0,0,0,0,0,0,0,0,0,0,1,1,1,1,1,0,0,0,1,0,0,0,1,1,0,0,1,1,0,0,0,0,0,0,0,0,0,0,0,0,0,0,0,0,0,0,1,0,0,0,0,0,0,0,0,0,0,0,0,0
547,2026-06-18,Beni,Malambo,Kibanda,Homme,36 à 40 ans,Ménage retourné,1 à 2 ans,,Oui,Organisation Paysanne,14,1,1,6,6,0,Oui,,1.0,,1.0,Oui,1,Faible,Vivriers diversifiés + élevage,E12,320.9,False,0,1,0,0,0,0,1,1,1,0,1,1,0,1,1,1,1,0,0,0,1,0,0,0,1,0,0,0,0,0,1,1,0,1,0,1,1,0,0,1,1,0,1,1,1,0,0,0,1,0,1,0,0,0,0,0,0,0,0,0,0,1,0,0,0,0,0,0,0,0,0,0,0,1,0,0,0
548,2026-06-18,Beni,Malambo,Hurara,Femme,26 à 35 ans,Ménage retourné,plus de 2 ans,,Oui,Autres,5,1,1,1,2,0,Oui,,0.4,,0.4,Oui,1,Faible,Petits producteurs peu diversifiés,E08,6.3,True,0,0,0,0,0,1,0,1,1,0,0,0,0,0,1,0,0,0,0,1,0,0,1,0,0,0,0,1,0,1,0,0,0,0,0,1,0,0,0,1,0,0,0,1,0,0,0,1,0,0,1,0,0,0,0,0,0,0,0,0,0,0,0,0,0,0,0,0,0,1,0,0,0,0,0,0,0
549,2026-06-18,Beni,Malambo,Rughetsi,Homme,18 à 25 ans,Ménage retourné,Moins de 6 mois,,Oui,Association,15,3,3,4,5,0,Oui,,0.6,,0.6,Oui,2,Faible,Vivriers diversifiés + élevage,E01,10.3,True,0,0,0,0,0,0,0,1,1,0,1,1,0,1,0,1,0,0,0,0,0,0,0,0,0,0,0,1,0,1,1,1,0,0,0,1,1,0,1,1,1,0,1,1,1,0,0,0,1,1,1,0,0,1,0,0,0,0,0,0,0,0,0,0,0,0,0,0,0,0,0,0,1,1,0,0,0
550,2026-06-18,Beni,Malambo,Rughetsi,Femme,18 à 25 ans,Ménage retourné,1 à 2 ans,,Oui,Association,6,1,1,2,2,0,Non,Oui,,0.15,0.15,Oui,3,Modérée,Petits producteurs peu diversifiés,E03,1859.8,True,0,0,0,0,0,1,0,1,1,0,1,1,0,0,0,0,0,0,0,0,0,0,0,0,0,0,0,1,0,1,0,0,0,0,0,1,0,0,0,1,1,0,0,1,1,0,0,0,0,0,1,0,0,0,0,0,0,0,0,0,1,0,1,0,0,1,0,0,0,1,0,1,0,0,0,1,0
551,2026-06-18,Beni,Malambo,Hurara,Femme,26 à 35 ans,Ménage retourné,plus de 2 ans,,Oui,Autres,7,2,2,2,1,0,Oui,,1.0,,1.0,Oui,1,Faible,Vivriers diversifiés + élevage,E08,6.0,True,0,0,0,0,0,1,0,1,1,0,1,1,0,1,1,0,0,0,0,0,0,1,1,0,0,0,0,1,1,1,1,1,0,0,0,1,1,0,1,1,0,0,0,1,1,0,1,1,0,0,1,0,0,0,0,0,0,0,0,0,0,0,1,0,0,0,0,0,0,1,0,0,0,0,0,0,0
552,2026-06-18,Beni,Lume,Kivisire,Femme,18 à 25 ans,Ménage retourné,plus de 2 ans,,Non,,10,2,2,3,3,1,Non,Oui,,0.1,0.1,Non,6,Élevée,Petits producteurs peu diversifiés,E07,429.6,True,0,0,0,0,0,1,0,1,0,0,1,0,0,0,0,0,0,0,0,0,0,0,0,0,0,0,0,0,0,0,0,0,0,0,0,1,0,0,0,1,0,0,0,1,0,0,0,0,0,0,0,0,0,0,0,0,0,0,0,1,0,0,0,0,0,0,0,0,0,1,1,1,0,1,1,1,0
553,2026-06-18,Beni,Malambo,Rughetsi,Homme,26 à 35 ans,Ménage retourné,1 à 2 ans,,Oui,Association,4,1,1,0,2,0,Oui,,0.5,,0.5,Oui,0,Faible,Vivriers diversifiés + élevage,E05,10.8,True,0,0,0,0,0,0,0,1,1,0,1,1,1,1,1,1,1,0,1,1,1,1,1,0,1,0,0,1,1,1,1,1,1,0,0,1,0,0,0,1,1,0,0,1,1,0,0,0,0,0,0,0,0,0,0,0,0,0,0,0,0,0,0,1,0,0,0,0,0,0,0,0,0,0,0,0,0
554,2026-06-18,Beni,Malambo,Hurara,Femme,36 à 40 ans,Ménage retourné,plus de 2 ans,,Non,,5,1,2,1,1,0,Non,Oui,,0.35,0.35,Oui,3,Modérée,Vivriers diversifiés + élevage,E11,574.3,True,0,0,1,0,0,1,1,1,1,0,1,0,0,1,1,0,0,0,0,0,0,1,1,0,1,0,0,1,0,1,0,0,0,0,0,1,1,0,0,1,1,1,1,1,1,1,0,0,0,0,0,0,0,0,0,0,0,0,0,0,0,1,1,0,0,0,0,0,0,1,0,1,0,0,1,0,0
555,2026-06-18,Beni,Malambo,Kibanda,Homme,36 à 40 ans,Ménage retourné,plus de 2 ans,,Oui,Organisation Paysanne,6,1,1,2,2,0,Oui,,0.6,,0.6,Oui,0,Faible,Vivriers diversifiés + élevage,E12,311.6,False,0,1,0,0,0,1,1,1,1,0,0,1,0,1,1,1,1,0,0,0,1,0,0,1,0,0,0,0,0,1,0,0,0,0,0,1,1,0,0,1,1,0,1,1,1,0,0,0,1,0,1,0,0,0,0,0,0,0,0,0,0,1,0,0,0,0,0,0,0,0,0,0,0,0,0,0,0
556,2026-06-18,Beni,Lume,Kivisire,Homme,Plus de 41 ans,Ménage retourné,1 à 2 ans,,Oui,Association,8,4,1,0,3,0,Oui,,0.3,,0.3,Oui,0,Faible,Petits producteurs peu diversifiés,E07,425.0,True,0,0,0,0,0,0,0,1,0,0,0,0,0,0,0,1,0,0,0,0,0,0,0,0,0,0,0,1,0,0,1,0,1,0,0,1,1,0,0,1,1,0,0,1,1,0,0,0,0,0,0,0,0,0,0,0,0,0,0,1,1,0,0,1,0,0,0,1,0,0,0,0,0,0,0,0,0
557,2026-06-18,Beni,Malambo,Rughetsi,Femme,36 à 40 ans,Ménage retourné,1 à 2 ans,,Oui,Association,10,1,1,7,1,1,Oui,,0.3,,0.3,Oui,3,Modérée,Riziculteurs diversifiés,E04,315.3,True,0,0,0,0,0,1,0,1,1,1,0,1,0,1,0,0,0,0,0,0,0,0,0,0,0,0,0,1,1,1,0,0,0,0,0,1,1,0,0,1,1,0,0,1,1,0,0,0,0,0,0,0,0,0,0,0,0,0,0,1,0,0,0,1,0,0,0,0,0,1,1,0,0,1,0,0,0
558,2026-06-18,Beni,Malambo,Hurara,Femme,26 à 35 ans,Ménage retourné,plus de 2 ans,,Oui,Autres,6,2,1,2,1,0,Oui,,0.5,,0.5,Oui,1,Faible,Vivriers diversifiés + élevage,E08,6.1,True,0,0,1,0,0,1,1,1,0,0,1,1,0,0,1,0,0,0,0,1,0,0,0,0,0,0,0,1,0,1,1,1,0,0,0,1,0,1,1,1,0,0,1,1,0,1,1,0,0,0,1,0,0,0,0,0,0,0,0,0,0,0,1,0,0,0,0,0,0,1,0,0,0,0,0,0,0
559,2026-06-18,Beni,Malambo,Rughetsi,Femme,Plus de 41 ans,Ménage retourné,plus de 2 ans,,Oui,Association,10,2,2,2,4,0,Non,Oui,,0.25,0.25,Oui,3,Modérée,Vivriers diversifiés + élevage,E03,1854.7,True,0,0,0,0,0,1,0,1,0,0,1,1,0,1,0,0,0,0,0,0,0,0,0,0,0,0,0,1,1,1,1,1,0,0,0,1,1,0,0,1,1,0,0,1,1,0,0,0,0,0,0,0,0,0,0,0,0,0,0,0,1,0,1,0,0,1,0,0,0,1,0,1,0,1,0,0,0
560,2026-06-18,Beni,Malambo,Rughetsi,Homme,18 à 25 ans,Ménage retourné,Moins de 6 mois,,Non,,10,3,2,2,3,1,Oui,,1.0,,1.0,Oui,4,Modérée,Vivriers diversifiés + élevage,E01,10.9,True,0,0,1,0,0,1,1,1,1,0,1,1,0,1,1,1,1,0,1,0,1,0,1,1,0,0,0,1,0,1,1,1,0,1,0,1,1,0,1,1,1,0,1,1,1,0,0,1,1,1,0,0,0,1,0,0,0,0,0,0,0,0,0,0,1,0,0,0,0,0,1,0,1,1,1,0,0
561,2026-06-18,Beni,Lume,Kivisire,Femme,26 à 35 ans,Ménage retourné,plus de 2 ans,,Oui,Association,7,1,1,3,2,0,Non,Oui,,0.1,0.1,Oui,3,Modérée,Petits producteurs peu diversifiés,E07,418.8,True,0,0,0,0,0,0,0,1,0,0,1,0,0,0,1,0,0,0,0,0,0,1,1,0,0,0,0,0,0,1,1,1,0,0,0,1,0,0,1,1,0,0,0,1,0,0,0,0,0,0,0,0,0,0,0,0,0,0,0,0,1,0,0,1,0,0,0,1,0,1,0,1,0,0,0,1,0
562,2026-06-18,Beni,Malambo,Rughetsi,Femme,26 à 35 ans,Ménage retourné,1 à 2 ans,,Oui,Association,6,1,1,2,2,0,Oui,,0.5,,0.5,Oui,1,Faible,Riziculteurs diversifiés,E05,9.0,True,0,0,0,0,0,1,0,1,1,1,1,1,1,1,0,1,0,0,0,0,0,0,0,0,0,0,0,1,1,1,1,1,0,0,0,1,0,0,0,1,1,0,0,1,1,0,0,0,0,0,0,0,0,0,0,0,0,0,0,0,0,0,0,1,0,0,0,0,0,1,0,0,0,0,0,0,0
563,2026-06-18,Beni,Malambo,Hurara,Femme,26 à 35 ans,Ménage retourné,plus de 2 ans,,Oui,Autres,7,1,3,1,2,0,Oui,,1.0,,1.0,Oui,1,Faible,Vivriers diversifiés + élevage,E08,12.3,True,0,0,1,0,0,0,1,1,1,0,1,1,0,1,1,0,0,0,0,0,0,0,1,0,0,0,0,1,0,1,1,1,1,0,0,1,1,1,1,1,0,0,1,1,0,1,1,1,0,0,0,0,0,0,0,0,0,0,0,0,0,0,1,0,0,0,0,0,0,1,0,0,0,0,0,0,0
564,2026-06-18,Beni,Malambo,Kibanda,Homme,26 à 35 ans,Ménage retourné,1 à 2 ans,,Oui,Association,10,1,1,4,4,0,Oui,,1.0,,1.0,Oui,1,Faible,Vivriers diversifiés + élevage,E12,300.5,False,0,1,0,0,0,0,1,1,1,0,1,1,0,1,1,1,1,0,0,0,1,1,0,1,1,0,0,1,1,1,1,1,0,0,0,1,1,0,0,1,1,0,1,1,1,0,0,0,1,0,1,0,0,0,0,0,0,0,0,0,0,1,0,0,0,0,0,0,0,0,0,0,0,1,0,0,0
565,2026-06-18,Beni,Malambo,Hurara,Homme,26 à 35 ans,Ménage retourné,plus de 2 ans,,Oui,Autres,3,1,1,1,0,0,Non,Oui,,0.2,0.2,Oui,2,Faible,Vivriers diversifiés + élevage,E11,554.9,True,0,0,0,0,0,1,0,1,1,0,1,1,0,1,1,0,0,0,0,0,0,1,1,0,1,0,0,1,0,1,0,0,0,0,0,1,1,0,0,1,1,0,0,1,1,1,0,0,0,0,0,0,0,0,0,0,0,0,0,0,0,1,1,0,0,0,0,0,0,0,0,1,0,0,0,1,0
566,2026-06-18,Beni,Malambo,Rughetsi,Femme,36 à 40 ans,Ménage retourné,1 à 2 ans,,Oui,Association,8,2,1,2,3,0,Oui,,0.5,,0.5,Oui,1,Faible,Vivriers diversifiés + élevage,E05,9.2,True,0,0,0,0,0,1,0,1,1,0,1,1,1,1,1,1,1,0,1,1,1,1,1,0,0,0,0,1,1,1,1,1,1,0,0,1,0,0,0,1,1,0,0,1,1,0,0,0,0,0,0,0,0,0,0,0,0,0,0,0,0,0,0,1,0,0,0,0,0,1,0,0,0,0,0,0,0
567,2026-06-18,Beni,Malambo,Rughetsi,Homme,18 à 25 ans,Ménage retourné,Moins de 6 mois,,Non,,10,2,2,3,3,0,Oui,,0.03,,0.03,Oui,4,Modérée,Vivriers diversifiés + élevage,E01,8.0,True,0,0,0,0,0,1,0,1,1,0,1,1,0,1,0,1,0,0,0,0,0,0,0,0,0,0,0,1,0,1,1,1,0,0,0,1,1,0,1,1,1,0,1,1,1,0,0,1,1,1,1,0,0,1,0,0,0,0,0,0,0,0,0,0,1,0,0,0,0,0,0,0,1,1,1,1,0
568,2026-06-18,Beni,Malambo,Kibanda,Femme,18 à 25 ans,Ménage retourné,1 à 2 ans,,Oui,Association,3,1,1,0,1,0,Oui,,0.3,,0.3,Oui,1,Faible,Vivriers diversifiés + élevage,E12,292.4,False,0,1,0,0,0,1,1,1,1,0,0,1,0,1,1,0,1,0,0,0,1,0,0,1,0,0,0,1,0,1,0,0,0,0,0,1,1,0,0,1,1,0,1,1,1,0,0,0,1,0,1,0,0,0,0,0,0,0,0,0,0,1,0,0,0,0,0,0,0,1,0,0,0,0,0,0,0
569,2026-06-18,Beni,Malambo,Rughetsi,Femme,Plus de 41 ans,Ménage retourné,1 à 2 ans,,Oui,Association,10,3,3,2,2,0,Oui,,0.4,,0.4,Oui,2,Faible,Vivriers diversifiés + élevage,E03,1840.8,True,0,0,0,0,0,1,0,1,0,0,0,1,0,0,0,0,0,0,0,0,0,0,0,0,0,0,0,1,0,1,1,1,0,0,0,1,1,0,0,1,1,0,0,1,0,0,0,0,0,0,0,0,0,0,0,0,0,0,0,0,0,0,1,0,0,0,0,0,0,1,0,0,0,1,0,0,0
570,2026-06-18,Beni,Malambo,Rughetsi,Femme,Plus de 41 ans,Ménage retourné,1 à 2 ans,,Oui,Association,8,0,1,2,5,0,Oui,,1.0,,1.0,Oui,1,Faible,Vivriers diversifiés + élevage,E04,294.8,True,0,0,0,0,0,0,0,1,1,0,0,1,0,0,0,0,0,0,0,0,0,0,0,0,0,0,0,1,1,1,1,1,0,0,0,1,1,0,0,1,1,0,0,1,1,0,0,0,0,0,0,0,0,0,0,0,0,0,0,1,0,0,0,1,0,0,0,0,0,1,0,0,0,0,0,0,0
571,2026-06-18,Beni,Lume,Kivisire,Femme,26 à 35 ans,Ménage retourné,1 à 2 ans,,Oui,Association,7,1,1,2,3,1,Non,Oui,,0.1,0.1,Non,4,Modérée,Petits producteurs peu diversifiés,E07,403.3,True,0,0,0,0,0,0,0,1,0,0,1,0,0,0,0,0,0,0,0,0,0,0,0,0,0,0,0,0,0,0,0,0,0,0,0,1,0,0,0,1,0,0,0,1,0,0,0,0,0,0,0,0,0,0,0,0,0,0,0,0,0,0,0,0,0,0,0,0,0,1,1,1,0,0,0,1,0
572,2026-06-18,Beni,Malambo,Hurara,Femme,26 à 35 ans,Ménage retourné,plus de 2 ans,,Oui,Autres,5,1,1,1,2,0,Oui,,0.4,,0.4,Oui,1,Faible,Petits producteurs peu diversifiés,E08,4.6,True,1,0,0,0,0,1,1,1,1,0,0,0,0,0,1,0,0,0,0,1,0,0,0,1,0,0,0,1,0,0,1,1,0,0,0,1,0,0,1,1,0,0,0,1,0,1,1,1,0,0,0,0,0,0,0,0,0,0,0,0,0,1,1,0,0,0,0,0,0,1,0,0,0,0,0,0,0
573,2026-06-18,Beni,Malambo,Kibanda,Femme,Plus de 41 ans,Ménage retourné,1 à 2 ans,,Oui,Association,8,0,1,4,3,0,Oui,,0.6,,0.6,Oui,1,Faible,Vivriers diversifiés + élevage,E12,286.0,False,0,1,0,0,0,1,1,1,1,0,0,1,0,1,1,0,1,0,1,0,1,0,0,0,0,0,0,1,0,1,0,0,0,0,0,1,0,0,0,1,1,0,1,1,1,0,0,0,1,0,1,0,0,0,0,0,0,0,0,0,0,1,0,0,0,0,0,0,0,1,0,0,0,0,0,0,0
574,2026-06-18,Beni,Malambo,Rughetsi,Femme,18 à 25 ans,Ménage retourné,1 à 2 ans,,Oui,Association,5,1,1,2,1,0,Oui,,0.2,,0.2,Oui,2,Faible,Vivriers diversifiés + élevage,E05,8.6,True,0,0,0,0,0,0,0,1,1,0,1,1,0,1,1,1,1,0,1,0,0,0,1,0,1,0,0,0,0,1,1,0,1,0,0,1,0,0,0,1,1,0,0,1,1,0,0,0,0,0,0,0,0,0,0,0,0,0,0,0,0,0,0,1,0,0,0,0,0,1,0,0,0,0,0,1,0
575,2026-06-18,Beni,Malambo,Hurara,Homme,Plus de 41 ans,Ménage retourné,plus de 2 ans,,Oui,Organisation Paysanne,7,3,1,1,2,0,Oui,,1.0,,1.0,Oui,0,Faible,Vivriers diversifiés + élevage,E08,5.3,True,0,0,0,0,0,1,0,1,1,0,0,1,0,0,1,0,0,0,0,0,0,0,1,1,1,0,0,1,0,1,1,1,0,0,0,1,1,1,1,1,0,0,0,1,1,1,1,1,0,0,0,0,0,0,0,0,0,0,0,0,0,0,1,0,0,0,0,0,0,0,0,0,0,0,0,0,0
576,2026-06-18,Beni,Malambo,Rughetsi,Homme,Plus de 41 ans,Ménage retourné,plus de 2 ans,,Oui,Association,6,2,2,2,0,0,Oui,,0.25,,0.25,Oui,0,Faible,Vivriers diversifiés + élevage,E03,1833.3,True,0,0,0,0,0,1,0,1,1,0,1,1,0,0,0,0,0,0,0,0,0,0,0,0,0,0,0,1,1,1,1,1,0,0,1,1,1,0,0,1,1,0,1,1,1,0,0,0,0,0,0,0,0,0,0,0,0,0,0,0,1,0,0,0,0,0,1,0,0,0,0,0,0,0,0,0,0
577,2026-06-18,Beni,Malambo,Kibanda,Femme,Plus de 41 ans,Ménage retourné,1 à 2 ans,,Oui,Organisation Paysanne,10,2,3,3,2,0,Non,Oui,,0.3,0.3,Oui,3,Modérée,Petits producteurs peu diversifiés,E12,278.4,False,0,1,0,0,0,1,1,1,1,0,0,1,0,1,1,0,1,0,0,0,1,0,0,0,0,0,0,1,0,0,0,0,0,0,0,1,0,0,0,1,1,0,1,1,1,0,0,0,1,0,1,0,0,0,0,0,0,0,0,0,0,1,0,0,0,0,0,0,0,1,0,1,0,1,0,0,0
578,2026-06-18,Beni,Lume,Kivisire,Femme,Plus de 41 ans,Ménage retourné,plus de 2 ans,,Oui,Association,8,,2,3,3,0,Oui,,0.15,,0.15,Oui,2,Faible,Petits producteurs peu diversifiés,E07,393.9,True,0,0,1,0,0,1,1,1,0,0,1,0,0,0,0,0,0,0,0,0,0,0,0,0,0,0,0,1,0,0,0,0,0,0,0,1,0,0,0,1,1,0,0,1,0,0,0,0,0,0,0,0,0,0,0,0,0,0,0,0,1,1,0,0,0,0,0,0,0,1,0,0,0,0,0,1,0
579,2026-06-18,Beni,Malambo,Hurara,Femme,26 à 35 ans,Ménage retourné,plus de 2 ans,,Oui,Organisation Paysanne,5,1,1,1,2,0,Oui,,0.4,,0.4,Oui,1,Faible,Petits producteurs peu diversifiés,E08,4.7,True,1,0,0,0,0,0,1,1,1,0,1,0,0,0,1,0,0,0,0,0,0,0,1,0,0,0,0,0,0,1,0,0,0,0,0,1,0,0,1,1,1,1,1,1,1,1,1,1,0,0,0,0,0,0,0,0,0,0,0,0,0,1,1,0,0,0,0,0,0,1,0,0,0,0,0,0,0
580,2026-06-18,Beni,Malambo,Rughetsi,Homme,26 à 35 ans,Ménage retourné,1 à 2 ans,,Oui,Association,6,1,1,2,2,0,Oui,,0.1,,0.1,Oui,1,Faible,Riziculteurs diversifiés,E05,9.0,True,0,0,0,0,0,0,0,0,0,1,0,0,0,0,1,1,0,0,0,0,0,0,0,1,1,0,0,0,1,1,1,1,0,0,1,1,0,0,0,1,1,0,0,1,1,0,0,0,0,0,0,0,0,0,0,0,0,0,0,0,0,0,0,1,0,0,0,0,0,0,0,0,0,0,0,1,0
581,2026-06-18,Beni,Malambo,Rughetsi,Femme,18 à 25 ans,Ménage retourné,1 à 2 ans,,Oui,Association,3,1,1,1,0,0,Oui,,0.2,,0.2,Oui,2,Faible,Vivriers diversifiés + élevage,E04,281.3,True,0,0,0,0,0,1,0,1,0,0,0,1,0,1,0,0,0,0,0,0,0,0,0,0,0,0,0,1,0,1,0,0,0,0,0,1,1,0,0,1,1,0,0,1,1,0,0,0,0,0,0,0,0,0,0,0,0,0,0,0,1,0,0,1,0,0,0,0,0,1,0,0,0,0,0,1,0
582,2026-06-18,Beni,Malambo,Rughetsi,Homme,18 à 25 ans,Ménage retourné,Moins de 6 mois,,Non,,5,1,1,1,2,0,Oui,,0.02,,0.02,Oui,3,Modérée,Vivriers diversifiés + élevage,E01,8.6,True,0,0,0,0,0,0,0,1,1,0,1,1,0,1,0,1,0,0,0,0,0,0,0,0,0,0,0,1,1,1,1,1,0,0,0,1,1,0,1,1,1,0,1,1,1,0,0,1,1,0,1,0,1,1,0,0,0,0,0,0,0,0,0,0,1,0,0,0,0,0,0,0,1,0,1,1,0
583,2026-06-18,Beni,Malambo,Hurara,Homme,36 à 40 ans,Ménage retourné,plus de 2 ans,,Oui,Organisation Paysanne,8,3,2,1,2,0,Oui,,0.6,,0.6,Oui,0,Faible,Petits producteurs peu diversifiés,E08,5.1,True,0,0,0,0,0,1,0,1,1,0,0,0,0,1,1,0,0,0,0,0,0,0,1,0,0,0,0,0,0,1,0,0,0,0,0,1,0,0,0,1,0,1,1,1,1,1,1,1,0,0,1,0,0,0,0,0,0,0,0,0,0,0,1,0,0,0,0,0,0,0,0,0,0,0,0,0,0
584,2026-06-18,Beni,Non précisé,Rughetsi,Femme,26 à 35 ans,Ménage retourné,plus de 2 ans,,Oui,Association,8,2,2,2,2,0,Oui,,0.5,,0.5,Oui,1,Faible,Vivriers diversifiés + élevage,E03,355.3,True,0,0,0,0,0,1,0,1,1,0,1,1,0,0,0,1,0,0,0,0,0,0,0,0,0,0,0,1,0,1,1,1,0,0,0,1,1,0,0,1,1,0,1,1,1,0,0,0,0,0,0,0,0,0,0,0,0,0,0,0,1,0,0,0,0,1,0,0,0,1,0,0,0,0,0,0,0
585,2026-06-18,Beni,Malambo,Kibanda,Homme,36 à 40 ans,Ménage retourné,1 à 2 ans,,Oui,Organisation Paysanne,8,1,1,0,6,0,Oui,,0.9,,0.9,Oui,0,Faible,Petits producteurs peu diversifiés,E12,271.3,False,0,1,0,0,0,1,1,1,1,0,0,1,0,0,1,0,1,0,0,0,1,0,0,1,0,0,0,0,0,1,0,0,0,0,0,1,0,0,0,1,1,0,1,1,1,0,0,0,1,0,1,0,0,0,0,0,0,0,0,0,0,1,0,0,0,0,0,0,0,0,0,0,0,0,0,0,0
586,2026-06-18,Beni,Malambo,Rughetsi,Homme,26 à 35 ans,Ménage retourné,1 à 2 ans,,Oui,Association,4,1,1,1,1,0,Oui,,0.1,,0.1,Oui,1,Faible,Vivriers diversifiés + élevage,E05,12.0,True,0,0,0,0,0,0,0,1,1,0,0,0,0,0,1,1,1,0,0,0,0,0,0,1,1,0,0,1,0,1,1,1,0,0,0,1,0,0,0,1,0,0,0,1,1,0,0,0,0,0,0,0,0,0,0,0,0,0,0,0,0,0,0,1,0,0,0,0,0,0,0,0,0,0,0,1,0
587,2026-06-18,Beni,Malambo,Hurara,Femme,36 à 40 ans,Ménage retourné,plus de 2 ans,,Oui,Organisation Paysanne,5,1,2,2,0,0,Oui,,0.4,,0.4,Oui,1,Faible,Vivriers diversifiés + élevage,E08,4.5,True,1,0,0,0,0,1,1,1,1,0,1,0,0,0,1,0,0,0,0,0,0,0,1,0,0,0,1,1,0,1,0,0,0,0,0,1,1,1,1,1,0,1,1,1,1,1,1,1,0,0,0,0,0,0,0,0,0,0,0,0,0,0,1,0,0,0,0,0,0,1,0,0,0,0,0,0,0
588,2026-06-18,Beni,Lume,Kivisire,Femme,Plus de 41 ans,Ménage retourné,1 à 2 ans,,Oui,Association,6,3,1,1,1,0,Oui,,0.4,,0.4,Non,1,Faible,Petits producteurs peu diversifiés,E07,381.8,True,0,0,0,0,0,1,0,1,0,0,1,0,0,0,0,0,0,0,0,0,0,0,0,0,0,0,0,0,0,0,0,0,0,0,0,1,0,0,0,1,1,0,0,1,0,0,0,0,0,0,0,0,0,0,0,0,0,0,0,0,1,1,0,0,0,0,0,0,0,1,0,0,0,0,0,0,0
589,2026-06-18,Beni,Malambo,Rughetsi,Homme,18 à 25 ans,Ménage retourné,Moins de 6 mois,,Non,,3,1,2,0,0,0,Non,Oui,,0.06,0.06,Oui,4,Modérée,Vivriers diversifiés + élevage,E01,8.9,True,0,0,0,0,0,1,0,1,1,0,0,1,0,1,0,1,0,0,0,0,0,0,0,0,0,0,0,1,0,1,1,1,0,0,0,1,1,0,1,1,1,0,1,1,1,0,0,0,1,1,1,0,0,1,0,0,0,0,0,0,0,0,0,0,1,0,0,0,0,0,0,1,1,0,1,1,0
590,2026-06-18,Beni,Malambo,Hurara,Femme,36 à 40 ans,Ménage retourné,plus de 2 ans,,Oui,Organisation Paysanne,9,2,3,3,1,0,Oui,,2.0,,2.0,Oui,2,Faible,Vivriers diversifiés + élevage,E08,4.3,True,1,0,0,0,0,1,1,1,1,0,0,0,0,0,1,0,0,0,0,0,0,0,1,1,0,0,0,1,0,1,1,1,0,0,0,1,1,0,1,1,0,0,1,1,1,1,1,1,0,0,0,0,0,0,0,0,0,0,0,0,0,0,1,0,0,0,0,0,0,1,0,0,0,1,0,0,0
591,2026-06-18,Beni,Malambo,Kibanda,Homme,Plus de 41 ans,Ménage retourné,1 à 2 ans,,Oui,Organisation Paysanne,7,1,1,5,0,0,Oui,,0.5,,0.5,Oui,0,Faible,Vivriers diversifiés + élevage,E12,260.9,False,0,1,0,0,0,1,1,1,1,0,1,1,0,1,1,0,1,0,1,0,1,0,0,1,1,0,0,0,0,1,1,1,0,0,0,1,0,0,0,1,1,0,1,1,1,0,0,0,1,0,1,0,0,0,0,0,0,0,0,0,0,1,0,0,0,0,0,0,0,0,0,0,0,0,0,0,0
592,2026-06-18,Beni,Malambo,Rughetsi,Femme,26 à 35 ans,Ménage retourné,plus de 2 ans,,Non,,6,1,1,1,3,0,Non,Oui,,0.12,0.12,Non,4,Modérée,Petits producteurs peu diversifiés,E03,325.5,True,0,0,0,0,0,1,0,1,0,0,1,0,0,1,0,0,0,0,0,0,0,0,0,0,0,0,0,0,0,0,0,0,0,0,0,1,0,0,0,1,0,0,1,1,0,0,1,0,0,0,0,0,0,0,0,0,0,0,0,0,1,0,0,0,0,1,0,0,0,1,0,1,0,0,1,1,0
593,2026-06-18,Beni,Malambo,Hurara,Femme,36 à 40 ans,Ménage retourné,plus de 2 ans,,Oui,Organisation Paysanne,5,1,1,2,1,0,Oui,,0.4,,0.4,Oui,1,Faible,Petits producteurs peu diversifiés,E08,4.3,True,1,0,0,0,0,1,1,1,1,0,1,0,0,1,0,0,0,0,0,0,0,0,0,0,0,0,0,1,0,0,0,0,0,0,0,1,0,1,1,1,0,0,0,1,1,0,1,1,0,0,0,0,0,0,0,0,0,0,0,0,0,0,1,0,0,0,0,0,0,1,0,0,0,0,0,0,0
594,2026-06-18,Beni,Lume,Kivisire,Femme,Plus de 41 ans,Ménage retourné,plus de 2 ans,,Oui,Association,10,1,2,0,7,0,Non,Oui,,0.2,0.2,Oui,4,Modérée,Petits producteurs peu diversifiés,E07,372.8,True,0,0,0,0,0,1,0,1,0,0,0,0,0,0,0,0,0,0,0,0,0,0,0,0,0,0,0,1,0,0,0,0,0,0,0,1,0,0,0,1,0,0,0,1,0,0,0,0,0,0,0,0,0,0,0,0,0,0,0,0,1,1,0,0,0,0,0,0,0,1,0,1,0,1,0,1,0
595,2026-06-18,Beni,Malambo,Rughetsi,Homme,18 à 25 ans,Ménage retourné,Moins de 6 mois,,Non,,8,1,1,,6,0,Oui,,1.0,,1.0,Oui,2,Faible,Vivriers diversifiés + élevage,E01,6.5,True,0,0,0,0,0,1,0,1,1,0,1,1,0,1,0,1,0,0,0,0,0,0,0,0,0,0,0,1,1,1,1,1,0,1,0,1,1,0,1,1,1,0,1,1,1,0,0,1,1,1,1,0,0,1,0,0,0,0,0,0,0,0,0,0,1,0,0,0,0,0,0,0,1,0,1,0,0
596,2026-06-18,Beni,Malambo,Kibanda,Femme,Plus de 41 ans,Ménage retourné,1 à 2 ans,,Oui,Organisation Paysanne,2,1,1,0,0,0,Oui,,0.15,,0.15,Non,2,Faible,Petits producteurs peu diversifiés,E12,253.0,False,0,1,0,0,0,1,1,1,1,0,0,1,0,1,1,0,1,0,0,0,1,1,0,0,0,0,0,0,0,0,0,0,0,0,0,1,0,0,0,1,1,0,1,1,1,0,0,0,1,0,1,0,0,0,0,0,0,0,0,0,0,1,0,0,0,0,0,0,0,1,0,0,0,0,0,1,0
597,2026-06-18,Beni,Malambo,Hurara,Femme,26 à 35 ans,Ménage retourné,plus de 2 ans,,Oui,Organisation Paysanne,7,2,2,1,2,0,Oui,,0.6,,0.6,Oui,1,Faible,Petits producteurs peu diversifiés,E08,4.1,True,1,0,0,0,0,1,1,1,1,0,1,0,0,0,0,0,0,0,0,0,0,0,0,0,0,0,0,1,0,0,0,0,0,0,0,1,0,0,1,1,0,0,0,1,1,0,1,1,0,0,0,0,0,0,0,0,0,0,0,0,0,0,1,0,0,0,0,0,0,1,0,0,0,0,0,0,0
598,2026-06-18,Beni,Malambo,Hurara,Femme,Plus de 41 ans,Ménage retourné,plus de 2 ans,,Oui,Autres,9,2,5,1,1,0,Oui,,0.5,,0.5,Oui,2,Faible,Vivriers diversifiés + élevage,E11,512.9,True,0,0,0,0,0,1,0,1,1,0,1,1,0,1,1,0,0,0,1,0,0,1,1,0,1,0,0,1,1,1,1,1,0,0,0,1,1,0,0,1,1,1,0,1,1,1,0,0,0,0,0,0,0,0,0,0,0,0,0,0,0,1,1,0,0,0,0,0,0,1,0,0,0,1,0,0,0
599,2026-06-18,Beni,Lume,Mwangaza,Femme,Plus de 41 ans,Ménage retourné,plus de 2 ans,,Oui,Association,6,1,2,1,2,0,Non,Oui,,0.1,0.1,Non,3,Modérée,Petits producteurs peu diversifiés,E07,364.8,True,0,0,0,0,0,1,0,1,0,0,0,0,0,0,0,0,0,0,0,0,0,0,0,0,0,0,0,0,0,0,0,0,0,0,0,1,0,0,0,1,0,0,0,1,0,0,0,0,0,0,0,0,0,0,0,0,0,0,0,0,1,1,0,0,0,0,0,0,0,1,0,1,0,0,0,1,0
600,2026-06-18,Beni,Malambo,Hurara,Femme,26 à 35 ans,Ménage retourné,plus de 2 ans,,Oui,Organisation Paysanne,7,3,2,2,0,0,Oui,,0.5,,0.5,Oui,1,Faible,Petits producteurs peu diversifiés,E08,3.4,True,1,0,0,0,0,1,1,1,1,0,0,0,0,0,1,0,0,0,0,0,0,0,1,0,0,0,0,0,0,1,1,1,0,0,0,1,0,0,1,1,0,0,1,1,1,0,1,1,0,0,1,0,0,0,0,0,0,0,0,0,0,0,1,0,0,0,0,0,0,1,0,0,0,0,0,0,0
601,2026-06-18,Beni,Malambo,Rughetsi,Homme,18 à 25 ans,Ménage retourné,6 à 12 mois,,Non,,4,,1,,3,0,Non,Oui,,0.5,0.5,Oui,3,Modérée,Vivriers diversifiés + élevage,E01,12.3,True,0,0,0,0,0,1,0,1,1,0,1,1,0,1,0,1,0,0,0,0,0,0,0,0,0,0,0,1,0,1,1,0,0,0,0,1,1,0,1,1,1,0,1,1,1,0,0,0,1,1,1,0,0,1,0,0,0,0,0,0,0,0,0,0,1,0,0,0,0,0,0,1,1,0,1,0,0
602,2026-06-18,Beni,Malambo,Kibanda,Homme,36 à 40 ans,Ménage retourné,1 à 2 ans,,Oui,Organisation Paysanne,12,1,1,6,4,0,Oui,,1.0,,1.0,Oui,1,Faible,Vivriers diversifiés + élevage,E12,245.0,False,0,1,0,0,0,0,1,1,1,0,0,1,0,0,0,0,0,0,0,0,0,0,0,0,0,0,0,1,0,1,0,0,0,0,0,1,1,0,0,1,1,0,1,1,1,0,0,0,1,0,1,0,0,0,0,0,0,0,0,0,0,1,0,0,0,0,0,0,0,0,0,0,0,1,0,0,0
603,2026-06-18,Beni,Malambo,Hurara,Femme,26 à 35 ans,Ménage retourné,plus de 2 ans,,Oui,Organisation Paysanne,5,1,1,0,3,0,Oui,,0.4,,0.4,Oui,1,Faible,Petits producteurs peu diversifiés,E08,5.0,True,0,0,0,0,0,0,0,1,1,0,0,0,0,0,1,0,0,0,0,1,0,0,1,0,1,0,0,0,0,0,1,1,0,0,0,1,0,0,0,1,0,0,0,1,1,0,1,1,0,0,0,0,0,0,0,0,0,0,0,0,0,0,1,0,0,0,0,0,0,1,0,0,0,0,0,0,0
604,2026-06-18,Beni,Malambo,Rughetsi,Femme,26 à 35 ans,Ménage retourné,1 à 2 ans,,Oui,Association,8,2,1,4,1,0,Oui,,0.2,,0.2,Oui,2,Faible,Riziculteurs diversifiés,E05,7.8,True,0,0,0,0,0,1,0,1,1,1,1,1,1,1,1,1,1,0,1,1,0,0,1,1,1,0,0,1,1,1,1,1,0,0,0,1,0,0,0,1,1,0,0,1,1,0,0,0,0,0,0,0,0,0,0,0,0,0,0,0,0,0,0,1,0,0,0,0,0,1,0,0,0,0,0,1,0
605,2026-06-18,Beni,Lume,Kivisire,Femme,26 à 35 ans,Ménage retourné,plus de 2 ans,,Oui,Association,10,2,4,2,2,0,Non,Oui,,0.05,0.05,Oui,4,Modérée,Petits producteurs peu diversifiés,E07,357.4,True,0,0,0,0,0,1,0,1,0,0,0,0,0,0,0,0,0,0,0,0,0,0,0,0,0,0,0,1,0,0,0,0,0,0,0,1,0,0,0,1,1,0,0,1,0,0,0,0,0,0,0,0,0,0,0,0,0,0,0,0,1,0,0,0,0,1,0,0,0,1,0,1,0,1,0,1,0
606,2026-06-18,Beni,Malambo,Hurara,Femme,26 à 35 ans,Ménage retourné,plus de 2 ans,,Oui,Organisation Paysanne,4,1,1,2,0,0,Oui,,0.3,,0.3,Oui,1,Faible,Petits producteurs peu diversifiés,E08,3.9,True,1,0,0,0,0,0,1,1,1,0,0,0,0,0,1,0,0,0,0,0,0,0,1,0,0,0,0,1,0,1,0,0,0,0,0,1,0,0,0,1,0,0,0,1,1,0,1,1,0,0,0,0,0,0,0,0,0,0,0,0,0,0,1,0,0,0,0,0,0,1,0,0,0,0,0,0,0
607,2026-06-18,Beni,Malambo,Rughetsi,Femme,26 à 35 ans,Ménage retourné,1 à 2 ans,,Oui,Association,7,1,1,2,3,0,Oui,,0.2,,0.2,Oui,2,Faible,Vivriers diversifiés + élevage,E04,245.6,True,0,0,0,0,0,1,0,1,0,0,1,1,0,1,0,0,0,0,0,0,0,0,0,0,0,0,0,1,1,1,0,0,0,0,0,1,1,0,0,1,1,0,0,1,1,0,0,0,0,0,0,0,0,0,0,0,0,1,0,0,1,0,0,1,0,0,0,0,0,1,0,0,0,0,0,1,0
608,2026-06-18,Beni,Malambo,Kibanda,Homme,36 à 40 ans,Ménage retourné,1 à 2 ans,,Oui,Organisation Paysanne,10,1,1,3,5,0,Oui,,1.0,,1.0,Oui,1,Faible,Petits producteurs peu diversifiés,E12,238.0,False,0,1,0,0,0,0,1,1,1,0,0,0,0,0,1,0,1,0,0,0,0,0,0,0,0,0,0,1,0,0,0,0,0,0,0,1,1,0,0,1,1,0,1,1,1,0,0,0,1,0,1,0,0,0,0,0,0,0,0,0,0,1,0,0,0,0,0,0,0,0,0,0,0,1,0,0,0
609,2026-06-18,Beni,Malambo,Rughetsi,Femme,Plus de 41 ans,Ménage retourné,plus de 2 ans,,Oui,Association,8,4,4,0,0,0,Oui,,0.1,,0.1,Oui,2,Faible,Petits producteurs peu diversifiés,E03,296.3,True,0,0,0,0,0,1,0,1,0,0,1,1,0,0,0,0,0,0,0,0,0,0,0,0,0,0,0,1,1,0,0,0,0,0,0,1,1,0,0,1,1,0,0,1,1,0,0,0,0,0,0,0,0,0,0,0,0,0,0,0,0,0,1,0,0,0,1,0,0,1,0,0,0,0,0,1,0
610,2026-06-18,Beni,Malambo,Rughetsi,Femme,36 à 40 ans,Ménage retourné,1 à 2 ans,,Oui,Association,6,1,1,2,2,1,Oui,,0.4,,0.4,Oui,2,Faible,Riziculteurs diversifiés,E05,10.2,True,0,0,1,0,0,1,1,1,1,1,1,1,0,1,1,1,1,0,1,1,0,0,0,1,1,0,0,1,0,1,1,1,0,0,0,1,0,0,0,1,0,0,0,1,1,0,0,0,0,0,0,0,0,0,0,0,0,0,0,0,0,0,0,1,0,0,0,0,0,1,1,0,0,0,0,0,0
611,2026-06-18,Beni,Malambo,Hurara,Femme,26 à 35 ans,Ménage retourné,plus de 2 ans,,Oui,Organisation Paysanne,6,1,1,3,1,0,Oui,,0.4,,0.4,Oui,1,Faible,Petits producteurs peu diversifiés,E08,4.1,True,1,0,0,0,0,0,1,1,1,0,0,0,0,0,1,0,0,0,0,0,0,0,1,0,0,0,0,0,0,1,1,1,0,0,0,1,0,0,1,1,0,0,0,1,1,0,1,1,0,0,0,0,0,0,0,0,0,0,0,0,0,0,1,0,0,0,0,0,0,1,0,0,0,0,0,0,0
612,2026-06-18,Beni,Malambo,Rughetsi,Homme,18 à 25 ans,Ménage retourné,Moins de 6 mois,,Non,,9,2,2,2,3,0,Non,Oui,,0.04,0.04,Oui,5,Élevée,Vivriers diversifiés + élevage,E01,10.4,True,0,0,0,0,0,1,0,1,1,0,1,1,0,1,0,1,0,0,0,0,0,0,0,0,0,0,0,0,0,1,1,0,0,0,0,1,1,0,1,1,1,0,1,1,1,0,0,0,1,1,1,0,0,1,0,0,0,0,0,0,0,0,0,0,0,0,0,0,0,0,0,1,1,1,1,1,0
613,2026-06-18,Beni,Malambo,Hurara,Femme,36 à 40 ans,Ménage retourné,plus de 2 ans,,Oui,Autres,5,1,1,2,1,0,Oui,,0.2,,0.2,Oui,2,Faible,Vivriers diversifiés + élevage,E11,495.0,True,0,0,0,0,0,0,0,1,1,0,0,1,0,1,1,0,0,0,1,0,0,1,1,0,1,1,0,1,1,1,1,1,0,0,0,1,1,0,0,1,1,1,1,1,1,1,0,0,0,0,0,0,0,0,0,0,0,0,0,0,0,1,1,0,0,0,0,0,0,1,0,0,0,0,0,1,0
614,2026-06-18,Beni,Lume,Lume,Femme,18 à 25 ans,Ménage retourné,plus de 2 ans,,Oui,Association,8,3,1,3,1,0,Non,Oui,,0.2,0.2,Non,3,Modérée,Petits producteurs peu diversifiés,E07,349.5,True,0,0,0,0,0,0,0,1,0,0,1,0,0,0,1,0,0,0,1,0,0,0,0,1,0,0,0,0,0,0,0,0,0,0,0,1,0,0,1,1,0,0,0,1,0,0,0,0,0,0,0,0,0,0,0,0,0,0,0,1,0,1,0,0,0,0,0,0,0,1,0,1,0,0,0,1,0
615,2026-06-18,Beni,Lume,Kivisire,Femme,36 à 40 ans,Ménage retourné,plus de 2 ans,,Oui,Association,7,3,2,1,1,2,Non,Oui,,0.05,0.05,Non,4,Modérée,Petits producteurs peu diversifiés,E07,344.1,True,0,0,0,0,0,1,0,1,0,0,0,0,0,0,0,0,0,0,0,0,0,0,0,0,0,0,0,0,0,0,0,0,0,0,0,1,0,0,0,1,1,0,0,1,0,0,0,0,0,0,0,0,0,0,0,0,0,0,0,0,1,1,0,0,0,0,0,0,0,1,1,1,0,0,0,1,0
616,2026-06-18,Beni,Malambo,Rughetsi,Femme,36 à 40 ans,Ménage retourné,plus de 2 ans,,Non,,5,0,1,3,1,0,Oui,,0.1,,0.1,Oui,3,Modérée,Vivriers diversifiés + élevage,E03,282.9,True,0,0,0,0,0,1,0,1,0,0,1,1,0,0,0,0,0,0,0,0,0,0,0,0,0,0,0,1,0,1,1,1,0,0,0,1,0,0,1,1,1,0,1,1,1,0,0,0,0,0,0,0,0,0,0,0,0,0,0,0,1,0,0,0,0,0,0,0,0,1,0,0,0,0,1,1,0
617,2026-06-18,Beni,Malambo,Rughetsi,Femme,26 à 35 ans,Ménage retourné,1 à 2 ans,,Oui,Association,6,1,1,2,2,0,Oui,,0.2,,0.2,Oui,2,Faible,Riziculteurs diversifiés,E05,7.0,True,0,0,0,0,0,1,0,1,1,1,1,1,0,1,1,1,0,0,0,0,0,0,1,1,1,0,0,1,0,1,1,1,0,0,0,1,0,0,0,1,1,0,0,1,1,0,0,0,0,0,0,0,0,0,0,0,0,0,0,0,0,0,0,1,0,0,0,0,0,1,0,0,0,0,0,1,0
618,2026-06-18,Beni,Malambo,Rughetsi,Homme,18 à 25 ans,Ménage retourné,Moins de 6 mois,,Oui,Association,7,1,1,2,3,0,Non,Oui,,0.5,0.5,Oui,2,Faible,Riziculteurs diversifiés,E01,13.4,True,0,0,1,0,0,1,1,1,0,1,1,1,0,1,0,1,0,0,0,0,0,0,0,0,0,0,0,1,0,1,1,0,0,0,0,1,1,0,1,1,1,0,1,1,1,0,0,1,1,0,1,0,1,1,0,0,0,0,0,0,0,0,0,0,1,0,0,0,0,0,0,1,1,0,0,0,0
619,2026-06-18,Beni,Lume,Mwangaza,Femme,Plus de 41 ans,Ménage retourné,1 à 2 ans,,Oui,Association,11,4,1,3,3,0,Non,Oui,,0.2,0.2,Non,4,Modérée,Petits producteurs peu diversifiés,E07,337.3,True,0,0,0,0,0,0,0,1,0,0,0,0,0,0,0,0,0,0,0,0,0,0,0,0,0,0,0,0,0,0,0,0,0,0,0,1,0,0,1,1,1,0,0,1,0,0,0,0,0,0,0,0,0,0,0,0,0,0,0,0,1,0,0,1,0,0,0,0,0,1,0,1,0,1,0,1,0
620,2026-06-18,Beni,Malambo,Hurara,Femme,26 à 35 ans,Ménage retourné,plus de 2 ans,,Oui,Autres,5,1,1,1,2,0,Non,Oui,,0.5,0.5,Oui,2,Faible,Maraîchers pomme de terre,E11,480.5,True,0,0,0,0,0,1,0,1,1,0,0,0,0,0,1,0,0,0,0,0,0,0,1,1,0,0,0,1,1,1,0,0,0,0,0,1,1,0,0,1,1,1,1,1,1,1,0,0,0,0,0,0,0,0,0,0,0,0,0,0,0,1,1,0,0,0,0,0,0,1,0,1,0,0,0,0,0
621,2026-06-18,Beni,Malambo,Rughetsi,Femme,Plus de 41 ans,Ménage retourné,1 à 2 ans,,Oui,Association,7,1,1,2,3,0,Oui,,0.4,,0.4,Oui,1,Faible,Riziculteurs diversifiés,E05,7.9,True,0,0,0,0,0,1,0,1,1,1,1,1,0,1,1,1,1,0,0,0,0,0,0,0,1,0,0,0,1,1,1,1,0,0,0,1,0,0,0,1,0,0,0,1,1,0,0,0,0,0,0,0,0,0,0,0,0,0,0,0,0,0,0,1,0,0,0,0,0,1,0,0,0,0,0,0,0
622,2026-06-18,Beni,Lume,Kivisire,Homme,Plus de 41 ans,Ménage retourné,plus de 2 ans,,Oui,Association,6,4,1,1,0,1,Oui,,0.15,,0.15,Oui,2,Faible,Petits producteurs peu diversifiés,E07,329.8,True,0,0,0,0,0,1,0,1,0,0,1,0,0,0,0,0,0,0,0,0,0,0,0,0,0,0,0,1,0,0,0,0,0,0,0,1,1,0,0,1,0,0,1,1,0,0,0,0,0,0,0,0,0,0,0,0,0,0,0,0,1,0,0,0,0,0,0,0,0,0,1,0,0,0,0,1,0
623,2026-06-18,Beni,Malambo,Rughetsi,Femme,26 à 35 ans,Ménage retourné,1 à 2 ans,,Oui,Association,5,1,1,2,1,0,Oui,,0.3,,0.3,Oui,1,Faible,Riziculteurs diversifiés,E05,7.9,True,0,0,0,0,0,0,0,1,1,1,1,1,0,1,1,1,1,0,1,1,0,0,0,0,1,0,0,1,1,1,1,1,0,0,0,1,0,0,0,1,0,0,0,1,1,0,0,0,0,0,0,0,0,0,0,0,0,0,0,0,0,0,0,1,0,0,0,0,0,1,0,0,0,0,0,0,0
624,2026-06-18,Beni,Malambo,Hurara,Femme,18 à 25 ans,Ménage retourné,plus de 2 ans,,Oui,Autres,4,1,1,1,1,0,Oui,,0.5,,0.5,Oui,1,Faible,Vivriers diversifiés + élevage,E11,469.9,True,0,0,0,0,0,0,0,1,1,0,0,1,0,1,0,0,0,0,0,0,0,0,0,0,0,0,0,1,1,1,1,1,0,0,0,1,1,0,0,1,1,1,1,1,1,1,0,0,0,0,0,0,0,0,0,0,0,0,0,0,0,1,1,0,0,0,0,0,0,1,0,0,0,0,0,0,0
625,2026-06-18,Beni,Malambo,Rughetsi,Homme,18 à 25 ans,Ménage retourné,Moins de 6 mois,,Non,,7,1,1,4,1,0,Oui,,0.03,,0.03,Oui,3,Modérée,Vivriers diversifiés + élevage,E01,8.1,True,0,0,0,0,0,1,0,1,1,0,1,1,0,1,0,1,0,0,0,0,0,0,0,0,0,0,0,1,1,1,1,1,0,0,0,1,1,0,1,1,1,0,1,1,1,0,0,0,1,1,0,0,1,1,0,0,0,0,0,0,0,0,0,0,1,0,0,0,0,0,0,0,1,0,1,1,0
626,2026-06-18,Beni,Lume,Kivisire,Homme,Plus de 41 ans,Famille d'accueil,,2,Oui,Association,6,2,2,1,1,0,Oui,,0.4,,0.4,Oui,1,Faible,Petits producteurs peu diversifiés,E07,322.7,True,0,0,0,0,0,0,0,1,0,0,0,0,0,0,0,1,0,0,0,0,0,0,0,0,0,0,0,1,0,1,1,0,1,0,0,1,1,0,0,1,1,0,0,1,0,0,0,0,0,0,0,0,0,0,0,0,0,0,0,0,1,1,0,0,0,0,0,0,0,0,0,0,0,0,0,0,1
627,2026-06-18,Beni,Malambo,Rughetsi,Femme,18 à 25 ans,Ménage retourné,1 à 2 ans,,Oui,Association,4,1,1,1,1,0,Oui,,0.3,,0.3,Oui,1,Faible,Riziculteurs diversifiés,E05,8.1,True,0,0,0,0,0,0,0,1,1,1,1,1,0,1,1,1,0,1,1,1,0,0,0,0,1,0,0,1,1,1,1,1,0,0,0,1,0,0,0,1,1,0,0,1,1,0,0,0,0,0,0,0,0,0,0,0,0,0,0,0,0,0,0,1,0,0,0,0,0,1,0,0,0,0,0,0,0
628,2026-06-18,Beni,Malambo,Hurara,Femme,26 à 35 ans,Ménage retourné,plus de 2 ans,,Non,,3,0,2,0,1,0,Oui,,0.2,,0.2,Oui,3,Modérée,Petits producteurs peu diversifiés,E11,459.8,True,0,0,0,0,0,0,0,1,1,0,0,0,0,0,1,0,0,0,0,0,0,0,1,0,1,0,0,1,0,1,0,0,0,0,0,1,1,0,0,1,1,1,1,1,1,1,0,0,0,0,0,0,0,0,0,0,0,0,0,0,0,1,1,0,0,0,0,0,0,1,0,0,0,0,1,1,0
629,2026-06-18,Beni,Lume,Mwangaza,Femme,36 à 40 ans,Ménage retourné,1 à 2 ans,,Oui,Association,8,1,3,3,1,0,Non,Oui,,0.2,0.2,Non,3,Modérée,Petits producteurs peu diversifiés,E07,315.6,True,0,0,0,0,0,1,0,1,0,0,1,0,0,0,0,0,0,0,0,0,0,0,0,0,0,0,0,0,0,0,0,0,0,0,0,1,0,0,0,1,1,0,0,1,0,0,0,0,0,0,0,0,0,0,0,0,0,0,0,0,1,0,0,0,0,0,0,0,0,1,0,1,0,0,0,1,0
630,2026-06-18,Beni,Malambo,Rughetsi,Homme,18 à 25 ans,Ménage retourné,6 à 12 mois,,Non,,5,1,1,3,0,0,Oui,,0.05,,0.05,Oui,3,Modérée,Vivriers diversifiés + élevage,E01,12.5,True,0,0,0,0,0,1,0,1,0,0,1,1,0,1,0,1,0,0,0,0,0,0,0,0,0,0,0,1,0,1,1,0,0,0,0,1,0,0,1,1,1,0,1,1,1,0,0,1,1,1,1,0,0,1,0,0,0,0,0,0,0,0,0,0,0,0,0,0,0,0,0,0,1,0,1,1,0
631,2026-06-18,Beni,Malambo,Rughetsi,Femme,18 à 25 ans,Ménage retourné,1 à 2 ans,,Oui,Association,3,1,1,0,1,0,Oui,,0.3,,0.3,Oui,1,Faible,Riziculteurs diversifiés,E05,7.2,True,0,0,0,0,0,0,0,1,1,1,1,1,0,1,1,1,1,0,0,0,0,0,0,0,1,0,0,1,1,1,1,1,0,0,0,1,0,0,0,1,1,0,0,1,1,0,0,0,0,0,0,0,0,0,0,0,0,0,0,0,0,0,0,1,0,0,0,0,0,1,0,0,0,0,0,0,0
632,2026-06-18,Beni,Malambo,Rughetsi,Femme,26 à 35 ans,Ménage retourné,1 à 2 ans,,Oui,Association,7,1,1,4,1,0,Oui,,0.11,,0.11,Non,2,Faible,Petits producteurs peu diversifiés,E03,241.3,True,0,0,0,0,0,1,0,1,1,0,1,1,0,0,0,0,0,0,0,0,0,0,0,0,0,0,0,0,0,0,0,0,0,0,0,1,0,0,1,0,1,0,0,1,0,0,0,0,0,0,0,0,0,0,0,0,0,0,0,0,1,0,0,0,0,1,0,0,0,1,0,0,0,0,0,1,0
633,2026-06-18,Beni,Lume,Kivisire,Femme,Plus de 41 ans,Ménage retourné,1 à 2 ans,,Non,,12,2,2,6,2,0,Non,Oui,,0.1,0.1,Non,5,Élevée,Petits producteurs peu diversifiés,E07,305.9,True,0,0,0,0,0,0,0,1,0,0,0,0,0,0,0,0,0,0,0,0,0,0,0,0,0,0,0,0,0,0,0,0,0,0,0,1,0,0,0,1,1,0,0,1,1,0,0,0,0,0,0,0,0,0,0,0,0,0,0,1,0,0,0,0,0,1,0,0,0,1,0,1,0,1,1,1,0
634,2026-06-18,Beni,Malambo,Hurara,Homme,26 à 35 ans,Ménage retourné,plus de 2 ans,,Oui,Association,5,1,1,2,1,0,Oui,,0.5,,0.5,Oui,0,Faible,Vivriers diversifiés + élevage,E11,447.3,True,0,0,0,0,0,0,0,1,1,0,0,0,0,0,0,0,0,0,0,0,0,0,0,0,0,0,0,1,1,1,0,0,0,0,0,1,1,0,1,1,1,1,1,1,1,1,0,0,0,0,0,0,0,0,0,0,0,0,0,0,0,1,1,0,0,0,0,0,0,0,0,0,0,0,0,0,0
635,2026-06-18,Beni,Malambo,Rughetsi,Femme,18 à 25 ans,Ménage retourné,1 à 2 ans,,Oui,Association,4,1,1,1,1,0,Oui,,0.3,,0.3,Oui,1,Faible,Riziculteurs diversifiés,E05,8.6,True,0,0,0,0,0,1,0,1,1,1,1,1,0,1,1,1,1,0,1,1,0,0,0,0,1,0,0,1,1,1,1,1,0,0,0,1,0,0,0,1,0,0,0,1,1,0,0,0,0,0,0,0,0,0,0,0,0,0,0,0,0,0,0,1,0,0,0,0,0,1,0,0,0,0,0,0,0
636,2026-06-18,Beni,Malambo,Rughetsi,Femme,18 à 25 ans,Ménage retourné,1 à 2 ans,,Oui,Association,7,1,1,2,3,1,Oui,,0.3,,0.3,Oui,2,Faible,Petits producteurs peu diversifiés,E04,187.5,True,0,0,0,0,0,1,0,0,0,0,1,0,0,0,0,0,0,0,0,0,0,0,0,0,0,0,0,1,0,0,0,0,0,0,0,1,1,0,0,1,1,0,0,1,0,0,0,0,0,0,0,0,0,1,0,0,0,0,0,1,0,0,0,1,0,0,0,0,0,1,1,0,0,0,0,0,0
637,2026-06-18,Beni,Malambo,Rughetsi,Femme,18 à 25 ans,Ménage retourné,Moins de 6 mois,,Oui,Association,7,3,3,0,1,1,Non,Oui,,0.04,0.04,Oui,5,Élevée,Vivriers diversifiés + élevage,E01,8.4,True,0,0,1,0,0,1,1,1,1,0,1,1,0,1,0,1,0,0,0,0,0,0,0,0,0,0,0,1,0,1,1,0,0,0,0,1,1,0,1,1,1,0,1,1,1,0,0,1,1,1,0,0,0,1,0,0,0,0,0,0,0,0,0,0,0,0,0,0,0,1,1,1,1,0,0,1,0
638,2026-06-18,Beni,Lume,Mwangaza,Femme,26 à 35 ans,Ménage retourné,plus de 2 ans,,Oui,Association,4,0,1,2,1,0,Non,Oui,,0.1,0.1,Non,3,Modérée,Petits producteurs peu diversifiés,E07,298.0,True,0,0,0,0,0,1,0,1,0,0,1,0,0,0,0,0,0,0,0,0,0,0,0,0,0,0,0,0,0,0,0,0,0,0,0,1,0,0,0,1,1,0,0,1,0,0,0,0,0,0,0,0,0,0,0,0,0,0,0,0,1,0,0,0,0,0,0,0,0,1,0,1,0,0,0,1,0
639,2026-06-18,Beni,Malambo,Rughetsi,Femme,Plus de 41 ans,Ménage retourné,1 à 2 ans,,Oui,Association,6,1,1,2,2,0,Oui,,0.5,,0.5,Oui,1,Faible,Riziculteurs diversifiés,E05,7.5,True,0,0,0,0,0,1,0,1,1,1,1,1,0,1,1,1,1,0,1,1,0,0,0,0,1,0,0,1,1,1,1,1,0,0,0,1,0,0,0,1,0,0,0,1,1,0,0,0,0,0,0,0,0,0,0,0,0,0,0,0,0,0,0,1,0,0,0,0,0,1,0,0,0,0,0,0,0
640,2026-06-18,Beni,Malambo,Hurara,Femme,Plus de 41 ans,Ménage retourné,plus de 2 ans,,Non,,12,4,6,1,1,0,Oui,,1.0,,1.0,Oui,3,Modérée,Vivriers diversifiés + élevage,E11,436.5,True,0,0,1,0,1,1,2,1,0,0,0,1,0,1,1,0,0,0,1,0,0,1,1,0,1,1,0,1,1,1,0,0,0,0,0,1,1,0,0,1,1,0,1,1,1,1,0,0,0,0,0,0,0,0,0,0,0,0,0,0,0,1,1,0,0,0,0,0,0,1,0,0,0,1,1,0,0
641,2026-06-18,Beni,Malambo,Rughetsi,Femme,18 à 25 ans,Ménage retourné,plus de 2 ans,,Non,,3,1,1,1,0,0,Oui,,0.1,,0.1,Oui,3,Modérée,Vivriers diversifiés + élevage,E03,213.3,True,0,0,0,0,0,0,0,1,1,0,1,1,0,0,1,0,0,0,0,0,0,1,1,0,0,0,0,1,1,1,1,1,0,0,0,1,0,0,0,1,0,1,1,1,1,0,0,0,0,0,0,0,0,0,0,0,0,0,0,0,0,0,0,0,0,1,0,0,0,1,0,0,0,0,1,1,0
642,2026-06-18,Beni,Malambo,Rughetsi,Homme,18 à 25 ans,Ménage retourné,Moins de 6 mois,,Non,,4,1,1,1,1,0,Oui,,0.03,,0.03,Oui,3,Modérée,Vivriers diversifiés + élevage,E01,9.8,True,0,0,0,0,0,1,0,1,1,0,1,1,0,1,0,1,0,0,0,0,0,0,0,0,0,0,0,1,0,1,1,1,0,0,0,1,1,0,0,1,1,0,1,1,1,0,0,1,1,1,1,0,0,1,0,0,0,0,0,0,0,0,0,0,0,0,0,0,0,0,0,0,1,0,1,1,0
643,2026-06-18,Beni,Malambo,Rughetsi,Femme,26 à 35 ans,Ménage retourné,1 à 2 ans,,Oui,Association,6,1,1,1,3,0,Oui,,0.4,,0.4,Oui,1,Faible,Vivriers diversifiés + élevage,E05,8.4,True,0,0,0,0,0,1,0,1,1,0,0,1,0,1,1,1,1,0,0,0,0,0,0,0,1,0,0,1,1,1,1,1,0,0,0,1,0,0,0,1,1,0,0,1,1,0,0,0,0,0,0,0,0,0,0,0,0,0,0,0,0,0,0,1,0,0,0,0,0,1,0,0,0,0,0,0,0
644,2026-06-18,Beni,Lume,Kivisire,Femme,Plus de 41 ans,Ménage retourné,plus de 2 ans,,Non,,5,1,1,3,0,0,Oui,,0.15,,0.15,Non,3,Modérée,Petits producteurs peu diversifiés,E07,285.6,True,0,0,0,0,0,1,0,1,0,0,1,0,0,0,0,1,0,0,0,0,0,0,0,0,0,0,0,0,0,0,0,0,0,0,0,1,0,0,0,1,1,0,0,1,0,0,0,0,0,0,0,0,0,0,0,0,0,0,0,0,1,0,0,0,0,1,0,0,0,1,0,0,0,0,1,1,0
645,2026-06-18,Beni,Malambo,Hurara,Femme,36 à 40 ans,Ménage retourné,plus de 2 ans,,Non,,8,2,2,3,1,0,Oui,,0.5,,0.5,Oui,2,Faible,Vivriers diversifiés + élevage,E11,425.5,True,0,0,0,0,1,1,1,1,0,0,0,1,0,1,0,0,0,0,0,0,0,0,0,0,0,0,0,1,1,1,0,0,0,0,0,1,1,0,0,1,1,1,1,1,1,1,0,0,0,0,0,0,0,0,0,0,0,0,0,0,0,1,1,0,0,0,0,0,0,1,0,0,0,0,1,0,0
646,2026-06-18,Beni,Malambo,Rughetsi,Femme,18 à 25 ans,Ménage retourné,1 à 2 ans,,Oui,Association,6,1,1,2,2,0,Oui,,0.4,,0.4,Oui,1,Faible,Riziculteurs diversifiés,E05,6.0,True,0,0,0,0,0,1,0,1,1,1,0,1,0,1,1,1,1,0,1,1,0,0,0,1,1,0,0,1,1,1,1,1,0,0,0,1,0,0,0,1,1,0,0,1,1,0,0,0,0,0,0,0,0,0,0,0,0,0,0,0,0,0,0,1,0,0,0,0,0,1,0,0,0,0,0,0,0
647,2026-06-18,Beni,Lume,Mwangaza,Femme,Plus de 41 ans,Ménage retourné,1 à 2 ans,,Oui,Association,9,2,4,2,1,0,Non,Oui,,0.05,0.05,Non,4,Modérée,Petits producteurs peu diversifiés,E07,277.4,True,0,0,0,0,0,1,0,1,0,0,0,0,0,0,0,0,0,0,0,0,0,0,0,0,0,0,0,0,0,0,0,0,0,0,0,1,0,0,0,1,1,0,0,1,0,0,0,0,0,0,0,0,0,0,0,0,0,0,0,0,1,0,0,0,0,0,0,0,0,1,0,1,0,1,0,1,0
648,2026-06-18,Beni,Malambo,Rughetsi,Femme,26 à 35 ans,Ménage retourné,1 à 2 ans,,Oui,Association,6,1,1,4,0,0,Oui,,0.4,,0.4,Oui,1,Faible,Vivriers diversifiés + élevage,E05,7.6,True,0,0,0,0,0,0,0,1,1,0,1,0,0,1,1,1,1,0,1,1,0,0,0,0,1,0,0,1,1,1,1,1,0,0,0,1,0,0,0,1,1,0,0,1,1,0,0,0,0,0,0,0,0,0,0,0,0,0,0,0,0,0,0,1,0,0,0,0,0,1,0,0,0,0,0,0,0
649,2026-06-18,Beni,Lume,Mwangaza,Femme,26 à 35 ans,Ménage retourné,1 à 2 ans,,Non,,10,1,2,3,4,0,Non,Oui,,0.1,0.1,Non,5,Élevée,Petits producteurs peu diversifiés,E07,269.7,True,0,0,0,0,0,1,0,1,0,0,1,0,0,0,1,0,1,0,0,0,0,0,0,0,0,0,0,0,0,0,0,0,0,0,0,1,0,0,0,1,0,0,0,1,0,0,0,0,0,0,0,0,0,0,0,0,0,0,0,1,0,0,0,1,0,0,0,0,0,1,0,1,0,1,1,1,0
650,2026-06-18,Beni,Malambo,Rughetsi,Femme,Plus de 41 ans,Ménage retourné,1 à 2 ans,,Oui,Association,10,1,1,4,4,0,Oui,,0.5,,0.5,Oui,2,Faible,Riziculteurs diversifiés,E05,9.4,True,0,0,1,0,0,1,1,1,1,1,1,1,0,1,1,1,1,0,1,1,0,0,0,0,1,0,0,1,1,1,1,1,0,0,0,1,0,0,0,1,1,0,0,1,1,0,0,0,0,0,0,0,0,0,0,0,0,0,0,0,0,0,0,1,0,0,0,0,0,1,0,0,0,1,0,0,0
651,2026-06-18,Beni,Lume,Kivisire,Homme,Plus de 41 ans,Ménage retourné,plus de 2 ans,,Oui,Organisation Paysanne,5,1,3,1,0,0,Non,Oui,,0.1,0.1,Oui,2,Faible,Petits producteurs peu diversifiés,E07,265.5,True,0,0,0,0,0,1,0,1,0,0,1,0,0,0,0,0,0,0,0,0,0,0,0,0,0,0,0,1,0,0,0,0,0,0,0,1,0,0,0,1,1,0,0,1,0,0,0,0,0,0,0,0,0,0,0,0,0,0,0,0,1,0,0,0,0,0,0,0,0,0,0,1,0,0,0,1,0
652,2026-06-18,Beni,Malambo,Rughetsi,Femme,Plus de 41 ans,Ménage retourné,plus de 2 ans,,Oui,Association,5,1,1,1,2,0,Oui,,0.5,,0.5,Oui,1,Faible,Vivriers diversifiés + élevage,E03,178.4,True,0,0,0,0,0,0,0,1,0,0,1,1,0,1,0,0,0,0,0,0,0,0,0,0,0,0,0,1,0,1,1,1,0,0,0,1,1,0,0,1,1,0,1,1,1,0,0,0,0,0,0,0,0,0,0,0,0,0,0,0,0,0,0,0,0,1,0,0,0,1,0,0,0,0,0,0,0
653,2026-06-18,Beni,Lume,Kivisire,Femme,Plus de 41 ans,Ménage retourné,1 à 2 ans,,Non,,5,2,2,1,0,0,Oui,,0.1,,0.1,Oui,3,Modérée,Petits producteurs peu diversifiés,E07,259.4,True,0,0,1,0,0,1,1,1,0,0,1,0,0,0,0,1,0,0,0,0,0,0,0,0,0,0,0,0,0,1,0,0,0,0,0,1,0,0,0,1,1,0,0,1,0,0,0,0,0,0,0,0,0,0,0,0,0,0,0,0,1,1,0,0,0,0,0,0,0,1,0,0,0,0,1,1,0
654,2026-06-18,Beni,Malambo,Rughetsi,Homme,26 à 35 ans,Ménage retourné,1 à 2 ans,,Oui,Association,4,1,1,0,2,0,Oui,,0.2,,0.2,Oui,1,Faible,Vivriers diversifiés + élevage,E05,17.0,True,0,0,0,0,0,0,0,1,1,0,1,1,0,1,0,1,0,0,0,0,0,0,0,0,0,0,0,1,1,1,1,1,0,0,0,1,0,0,0,1,0,0,0,1,1,0,0,0,0,0,0,0,0,0,0,0,0,0,0,0,0,0,0,1,0,0,0,0,0,0,0,0,0,0,0,1,0
655,2026-06-18,Beni,Malambo,Rughetsi,Homme,18 à 25 ans,Famille d'accueil,,2,Oui,Association,9,2,2,2,3,1,Oui,,1.0,,1.0,Oui,3,Modérée,Vivriers diversifiés + élevage,E01,59.1,True,0,0,1,0,0,0,1,1,1,0,1,1,0,1,0,1,0,0,0,0,0,0,0,0,0,0,0,1,0,1,1,0,0,0,0,0,0,0,0,0,0,0,0,0,0,0,0,0,0,0,0,0,0,0,0,0,0,0,0,0,0,0,0,0,0,0,0,0,0,0,1,0,0,1,0,0,1
656,2026-06-18,Beni,Lume,Lume,Femme,Plus de 41 ans,Ménage retourné,plus de 2 ans,,Oui,Association,6,1,2,3,0,0,Non,Oui,,0.1,0.1,Non,3,Modérée,Petits producteurs peu diversifiés,E07,253.2,True,0,0,0,0,0,1,0,1,0,0,1,0,0,0,1,0,0,0,1,1,0,1,1,0,0,0,0,0,0,0,0,0,0,0,0,1,0,0,1,1,1,0,0,1,1,0,0,0,0,0,0,0,0,0,0,0,0,0,0,0,1,1,0,0,0,0,0,0,0,1,0,1,0,0,0,1,0
657,2026-06-18,Beni,Lume,Q. Ruwenzori,Homme,36 à 40 ans,Autre (ni retourné ni accueil),,,Oui,Association,7,1,1,3,2,1,Non,Oui,,0.2,0.2,Oui,3,Modérée,Petits producteurs peu diversifiés,E14,13.4,True,0,0,1,0,0,1,1,0,1,0,1,0,0,0,0,0,0,0,0,0,0,0,0,0,0,0,0,1,0,1,0,0,0,0,0,1,0,0,0,0,0,0,1,1,0,0,0,0,1,0,0,0,0,0,0,0,0,0,0,0,0,1,0,0,0,0,0,0,0,0,1,1,0,0,0,1,0
658,2026-06-18,Beni,Malambo,Rughetsi,Femme,36 à 40 ans,Ménage retourné,plus de 2 ans,,Oui,Association,9,2,1,6,0,0,Oui,,0.25,,0.25,Oui,2,Faible,Petits producteurs peu diversifiés,E03,158.7,True,0,0,0,0,0,1,0,1,0,0,1,0,0,0,0,1,0,0,0,0,0,0,0,0,0,0,0,0,0,1,1,1,0,0,1,1,1,0,1,1,1,0,1,1,1,0,0,0,0,0,0,0,1,0,0,0,0,0,0,0,1,0,0,0,0,1,0,0,0,1,0,0,0,1,0,0,0
659,2026-06-18,Beni,Lume,Mwangaza,Femme,26 à 35 ans,Ménage retourné,1 à 2 ans,,Oui,Association,8,2,2,3,1,0,Non,Oui,,0.075,0.075,Non,3,Modérée,Petits producteurs peu diversifiés,E07,246.7,True,0,0,1,0,0,1,1,1,0,0,0,0,0,0,0,0,0,0,0,0,0,0,0,0,0,0,0,0,0,0,0,0,0,0,0,0,0,0,1,1,1,0,0,1,0,0,0,0,0,0,0,0,0,0,0,0,0,0,0,1,0,1,0,0,0,0,0,0,0,1,0,1,0,0,0,1,0
660,2026-06-18,Beni,Malambo,Rughetsi,Homme,26 à 35 ans,Ménage retourné,1 à 2 ans,,Oui,Association,4,1,1,2,0,0,Oui,,0.3,,0.3,Oui,0,Faible,Vivriers diversifiés + élevage,E05,7.0,True,0,0,0,0,0,0,0,1,1,0,1,0,0,0,0,1,0,0,0,0,0,0,0,0,0,0,0,1,1,1,1,1,0,0,0,1,0,0,0,1,1,0,0,1,1,0,0,0,0,0,0,0,0,0,0,0,0,0,0,0,0,0,0,1,0,0,0,0,0,0,0,0,0,0,0,0,0
661,2026-06-18,Beni,Lume,Mwangaza,Femme,Plus de 41 ans,Ménage retourné,1 à 2 ans,,Oui,Association,6,2,1,2,1,1,Non,Oui,,0.05,0.05,Non,4,Modérée,Petits producteurs peu diversifiés,E07,241.8,True,0,0,0,0,0,1,0,1,0,0,0,0,0,0,1,0,0,0,0,0,0,1,1,0,0,0,0,0,0,0,0,0,0,0,0,0,0,0,1,1,1,0,0,1,1,0,0,0,0,0,0,0,0,0,0,0,0,0,0,0,1,0,0,0,0,1,0,0,0,1,1,1,0,0,0,1,0
662,2026-06-18,Beni,Lume,Q. Ruwenzori,Femme,Plus de 41 ans,Ménage retourné,1 à 2 ans,,Oui,Association,6,2,2,1,1,1,Non,Oui,,0.2,0.2,Oui,4,Modérée,Vivriers diversifiés + élevage,E14,7.9,True,0,0,0,0,0,0,0,1,1,0,1,0,0,1,0,0,0,0,0,0,0,0,0,0,0,0,0,1,0,1,0,0,0,0,0,1,0,0,1,1,0,0,0,1,0,0,0,0,1,0,0,1,0,0,0,0,0,0,0,0,0,1,0,0,0,0,0,0,0,1,1,1,0,0,0,1,0
663,2026-06-18,Beni,Lume,Kivisire,Homme,18 à 25 ans,Ménage retourné,1 à 2 ans,,Oui,Association,8,4,4,0,0,0,Oui,,0.2,,0.2,Oui,1,Faible,Petits producteurs peu diversifiés,E07,235.1,True,0,0,0,0,0,0,0,1,0,0,1,0,0,0,0,0,0,0,0,0,0,0,0,0,0,0,0,1,0,0,0,0,0,0,0,1,0,0,0,1,1,0,0,1,0,0,0,0,0,0,0,0,0,0,0,0,0,0,0,0,1,0,0,0,0,0,0,0,0,0,0,0,0,0,0,1,0
664,2026-06-18,Beni,Malambo,Rughetsi,Femme,18 à 25 ans,Ménage retourné,1 à 2 ans,,Oui,Association,4,1,1,1,1,0,Oui,,0.4,,0.4,Oui,1,Faible,Riziculteurs diversifiés,E05,83.0,True,0,0,0,0,0,1,0,1,1,1,1,1,0,1,1,0,1,0,1,1,0,0,0,1,1,0,0,1,1,1,1,1,0,0,0,1,0,0,0,1,1,0,0,1,1,0,0,0,0,0,0,0,0,0,0,0,0,0,0,0,0,0,0,1,0,0,0,0,0,1,0,0,0,0,0,0,0
665,2026-06-18,Beni,Lume,Q. Ruwenzori,Homme,Plus de 41 ans,Autre (ni retourné ni accueil),,,Oui,Association,11,5,3,3,0,1,Non,Non,,,,Oui,4,Modérée,Petits producteurs peu diversifiés,E14,10.0,True,0,0,0,0,0,1,0,0,0,0,0,0,0,0,0,0,0,0,0,0,0,0,0,0,0,0,0,0,0,1,1,1,0,0,0,1,0,0,0,1,0,0,0,1,0,0,0,0,1,0,0,0,0,0,0,0,0,0,0,0,0,1,0,0,0,0,0,0,0,0,1,1,0,1,0,1,0
666,2026-06-18,Beni,Lume,Kivisire,Femme,Plus de 41 ans,Ménage retourné,plus de 2 ans,,Oui,Association,8,4,3,1,,0,Oui,,0.05,,0.05,Oui,2,Faible,Petits producteurs peu diversifiés,E07,228.2,True,0,0,1,0,0,1,1,1,0,0,1,0,0,0,0,1,0,0,0,0,0,0,0,0,0,0,0,1,0,0,0,0,0,0,0,1,0,0,0,1,1,0,0,1,0,0,0,0,0,0,0,0,0,0,0,0,0,0,0,0,1,0,0,0,0,0,0,0,0,1,0,0,0,0,0,1,0
667,2026-06-18,Beni,Lume,Mwangaza,Femme,Plus de 41 ans,Ménage retourné,plus de 2 ans,,Oui,Association,7,4,2,0,1,0,Non,Oui,,0.15,0.15,Non,3,Modérée,Petits producteurs peu diversifiés,E07,1646.3,True,0,0,0,0,0,1,0,1,0,0,1,0,0,0,0,1,0,0,0,0,0,0,0,0,0,0,0,0,0,0,0,0,0,0,0,1,0,0,0,1,1,0,0,1,0,0,0,0,0,0,0,0,0,0,0,0,0,0,0,0,1,1,0,0,0,0,0,0,0,1,0,1,0,0,0,1,0
668,2026-06-18,Beni,Lume,Q. Ruwenzori,Femme,18 à 25 ans,Autre (ni retourné ni accueil),,,Oui,Association,4,0,1,0,3,0,Non,Oui,,0.05,0.05,Non,3,Modérée,Petits producteurs peu diversifiés,E14,7.7,True,0,0,0,0,0,1,0,1,0,0,1,0,0,0,0,0,0,0,0,0,0,0,0,0,0,0,0,0,0,0,0,0,0,0,0,1,0,0,1,1,0,0,0,1,1,1,0,0,0,0,0,1,0,0,0,0,0,0,0,0,0,1,0,0,0,0,0,0,0,1,0,1,0,0,0,1,0
669,2026-06-18,Beni,Lume,Kivisire,Femme,36 à 40 ans,Ménage retourné,plus de 2 ans,,Non,,7,2,2,1,2,0,Oui,,0.05,,0.05,Non,3,Modérée,Petits producteurs peu diversifiés,E07,1648.8,True,0,0,0,0,0,1,0,1,0,0,1,0,0,0,0,0,0,0,0,0,0,0,0,0,0,0,0,0,0,0,0,0,0,0,0,1,0,0,0,1,1,0,0,1,0,0,0,0,0,0,0,0,0,0,0,0,0,0,0,0,1,1,0,0,0,0,0,0,0,1,0,0,0,0,1,1,0
670,2026-06-18,Beni,Lume,Q. Ruwenzori,Femme,36 à 40 ans,Autre (ni retourné ni accueil),,,Non,,8,0,2,6,0,1,Non,Oui,,0.2,0.2,Oui,5,Élevée,Petits producteurs peu diversifiés,E14,7.5,True,0,0,0,0,0,1,0,1,0,1,0,1,0,0,0,0,0,0,0,0,0,0,0,0,0,0,0,0,1,1,0,0,0,0,0,1,0,0,0,1,0,0,0,1,0,0,0,0,0,0,0,1,0,0,0,0,0,0,0,0,0,1,0,0,0,0,0,1,0,1,1,1,0,0,1,1,0
671,2026-06-18,Beni,Lume,Mwangaza,Homme,Plus de 41 ans,Ménage retourné,plus de 2 ans,,Non,,4,1,1,1,1,0,Oui,,0.15,,0.15,Non,2,Faible,Petits producteurs peu diversifiés,E07,1644.1,True,0,0,0,0,0,0,0,1,0,0,0,0,0,0,0,1,0,0,0,0,0,0,0,0,0,0,0,0,0,0,0,0,0,0,0,1,0,0,0,1,1,0,0,1,0,0,0,0,0,0,0,0,0,0,0,0,0,0,0,0,1,1,0,0,0,0,0,0,0,0,0,0,0,0,1,1,0
672,2026-06-18,Beni,Lume,Mwangaza,Femme,36 à 40 ans,Ménage retourné,plus de 2 ans,,Oui,Association,8,4,1,3,0,0,Non,Oui,,0.1,0.1,Non,3,Modérée,Petits producteurs peu diversifiés,E07,1639.6,True,0,0,0,0,0,1,0,1,0,0,1,0,0,0,1,0,0,0,1,0,0,1,1,0,0,0,0,0,0,0,0,0,0,0,0,1,0,0,0,1,1,0,0,1,0,0,0,0,0,0,0,0,0,0,0,0,0,0,0,0,1,0,0,1,0,0,0,0,0,1,0,1,0,0,0,1,0
673,2026-06-18,Beni,Lume,Q. Ruwenzori,Homme,Plus de 41 ans,Autre (ni retourné ni accueil),,,Oui,Association,10,3,1,3,3,1,Oui,,0.2,,0.2,Oui,3,Modérée,Petits producteurs peu diversifiés,E14,11.8,True,0,0,0,0,0,1,0,1,0,0,0,0,0,1,0,0,0,0,0,0,0,0,0,0,0,0,0,0,0,1,0,0,0,0,0,1,0,0,0,1,0,0,1,1,0,0,0,0,1,0,0,0,0,0,0,0,0,0,0,0,0,1,0,0,0,0,0,0,0,0,1,0,0,1,0,1,0
674,2026-06-18,Beni,Lume,Mwangaza,Femme,Plus de 41 ans,Ménage retourné,plus de 2 ans,,Oui,Association,9,3,2,2,2,1,Oui,,0.15,,0.15,Non,4,Modérée,Petits producteurs peu diversifiés,E07,1634.3,True,0,0,0,0,0,0,0,1,0,0,1,0,0,0,0,1,0,0,0,0,0,0,0,0,0,0,0,0,0,0,0,0,0,0,0,1,0,0,1,1,1,0,0,1,0,0,0,0,0,0,0,0,0,0,0,0,0,0,0,0,1,0,0,0,0,0,0,0,0,1,1,0,0,1,0,1,0
675,2026-06-18,Beni,Lume,Kivisire,Homme,26 à 35 ans,Ménage retourné,plus de 2 ans,,Non,,8,4,2,1,1,0,Oui,,0.075,,0.075,Non,2,Faible,Petits producteurs peu diversifiés,E07,1627.3,True,0,0,0,0,0,1,0,1,0,0,1,0,0,0,0,0,0,0,0,0,0,0,0,0,0,0,0,0,0,0,0,0,0,0,0,1,1,0,0,1,1,0,0,1,0,0,0,0,0,0,0,0,0,0,0,0,0,0,0,0,1,0,0,1,0,0,0,0,0,0,0,0,0,0,1,1,0
676,2026-06-18,Beni,Lume,Kivisire,Femme,36 à 40 ans,Ménage retourné,1 à 2 ans,,Non,,10,2,2,4,2,0,Non,Oui,,0.2,0.2,Non,5,Élevée,Petits producteurs peu diversifiés,E07,1621.3,True,0,0,0,0,0,0,0,1,0,0,0,0,0,0,0,0,0,0,0,0,0,0,0,0,0,0,0,0,0,0,0,0,0,0,0,1,0,0,0,1,1,0,0,1,0,0,0,0,0,0,0,0,0,0,0,0,0,0,0,0,1,0,0,0,0,1,0,0,0,1,0,1,0,1,1,1,0
677,2026-06-18,Beni,Lume,Kivisire,Femme,26 à 35 ans,Ménage retourné,plus de 2 ans,,Oui,Association,8,2,1,3,2,0,Non,Oui,,0.1,0.1,Non,3,Modérée,Petits producteurs peu diversifiés,E07,1616.3,True,0,0,0,0,0,0,0,1,0,0,1,0,0,0,0,0,0,0,0,0,0,0,0,0,0,0,0,0,0,0,0,0,0,0,0,1,0,0,0,1,1,0,0,1,0,0,0,0,0,0,0,0,0,0,0,0,0,0,0,0,1,1,0,0,0,0,0,0,0,1,0,1,0,0,0,1,0
678,2026-06-18,Beni,Malambo,Kibanda,Homme,36 à 40 ans,Ménage retourné,1 à 2 ans,,Oui,Organisation Paysanne,8,1,1,2,4,0,Oui,,0.4,,0.4,Oui,0,Faible,Vivriers diversifiés + élevage,E12,60.9,False,0,1,0,0,0,1,1,1,1,0,0,1,0,1,1,0,1,0,1,0,1,0,0,0,0,0,0,0,0,1,1,0,1,0,0,1,0,0,0,1,1,0,1,1,1,0,0,0,1,0,1,0,0,0,0,0,0,0,0,0,0,1,0,0,0,0,0,0,0,0,0,0,0,0,0,0,0
679,2026-06-18,Beni,Lume,Lume,Femme,26 à 35 ans,Ménage retourné,1 à 2 ans,,Oui,Association,5,1,1,1,2,0,Non,Oui,,0.15,0.15,Oui,3,Modérée,Petits producteurs peu diversifiés,E07,1611.3,True,0,0,0,0,0,0,0,1,0,0,1,0,0,0,1,0,0,0,1,0,0,0,1,0,0,0,0,0,0,0,1,1,0,0,0,1,0,0,0,1,1,0,0,1,0,0,0,0,0,0,0,0,0,0,0,0,0,0,0,0,1,0,0,0,0,0,0,0,0,1,0,1,0,0,0,1,0
680,2026-06-18,Beni,Malambo,Kibanda,Femme,Plus de 41 ans,Ménage retourné,1 à 2 ans,,Oui,Organisation Paysanne,9,1,3,3,2,0,Oui,,1.0,,1.0,Non,2,Faible,Vivriers diversifiés + élevage,E12,53.3,False,0,1,0,0,0,1,1,1,1,0,1,1,0,1,1,0,0,0,0,0,1,0,0,0,0,0,0,0,0,0,0,0,0,0,0,1,0,0,0,1,1,0,1,1,1,0,0,0,1,0,1,0,0,0,0,0,0,0,0,0,0,1,0,0,0,0,0,0,0,1,0,0,0,1,0,0,0
681,2026-06-18,Beni,Lume,Mwangaza,Femme,36 à 40 ans,Ménage retourné,plus de 2 ans,,Oui,Association,9,2,2,2,3,0,Oui,,0.1,,0.1,Non,3,Modérée,Petits producteurs peu diversifiés,E07,1604.2,True,0,0,0,0,0,1,0,1,0,0,0,0,0,0,0,0,0,0,0,0,0,0,0,0,0,0,0,0,0,0,0,0,0,0,0,1,0,0,0,1,1,0,0,1,0,0,0,0,0,0,0,0,0,0,0,0,0,0,0,0,1,0,0,1,0,0,0,0,0,1,0,0,0,1,0,1,0
682,2026-06-18,Beni,Malambo,Kibanda,Femme,36 à 40 ans,Ménage retourné,1 à 2 ans,,Oui,Organisation Paysanne,6,1,1,2,2,0,Non,Oui,,0.5,0.5,Non,2,Faible,Petits producteurs peu diversifiés,E12,43.1,False,0,1,0,0,0,1,1,1,1,0,0,0,0,0,1,0,1,0,0,0,1,0,0,0,0,0,0,0,0,0,0,0,0,0,0,1,0,0,0,1,1,0,1,1,1,0,0,0,1,0,1,0,0,0,0,0,0,0,0,0,0,1,0,0,0,0,0,0,0,1,0,1,0,0,0,0,0
683,2026-06-18,Beni,Non précisé,Kivisire,Femme,Plus de 41 ans,Ménage retourné,plus de 2 ans,,Oui,Association,10,6,1,3,0,0,Oui,,0.15,,0.15,Non,3,Modérée,Petits producteurs peu diversifiés,E07,1596.8,True,0,0,0,0,0,1,0,1,0,0,0,0,0,0,0,1,0,0,0,0,0,0,0,0,0,0,0,0,0,0,0,0,0,0,0,1,1,0,0,1,1,0,0,1,0,0,0,0,0,0,0,0,0,0,0,0,0,0,0,0,1,0,0,0,0,0,0,0,0,1,0,0,0,1,0,1,0
684,2026-06-18,Beni,Malambo,Kibanda,Femme,18 à 25 ans,Ménage retourné,6 à 12 mois,,Oui,Organisation Paysanne,5,1,1,1,2,0,Oui,,0.4,,0.4,Non,2,Faible,Petits producteurs peu diversifiés,E12,35.8,False,0,1,0,0,0,1,1,1,1,0,0,1,0,1,0,0,0,0,0,0,0,0,0,0,0,0,0,0,0,0,0,0,0,0,0,1,0,0,0,1,1,0,1,1,1,0,0,0,1,0,1,0,0,0,0,0,0,0,0,0,0,1,0,0,0,0,0,0,0,1,0,0,1,0,0,0,0
685,2026-06-18,Beni,Lume,Kivisire,Homme,18 à 25 ans,Ménage retourné,plus de 2 ans,,Non,,7,2,2,1,2,0,Non,Oui,,0.1,0.1,Non,3,Modérée,Petits producteurs peu diversifiés,E07,1590.7,True,0,0,0,0,0,1,0,1,0,0,1,0,0,0,0,0,0,0,0,0,0,0,0,0,0,0,0,0,0,0,0,0,0,0,0,1,0,0,0,1,0,0,1,1,0,0,0,0,0,0,0,0,0,0,0,0,0,0,0,0,1,0,0,0,0,0,0,0,0,0,0,1,0,0,1,1,0
686,2026-06-18,Beni,Lume,Kivisire,Femme,18 à 25 ans,Ménage retourné,plus de 2 ans,,Oui,Association,7,1,1,2,3,0,Oui,,0.05,,0.05,Oui,2,Faible,Maraîchers pomme de terre,E07,1586.5,True,0,0,0,0,0,1,0,0,0,0,0,0,0,0,0,1,0,0,0,0,0,0,0,0,0,0,0,1,0,0,0,0,0,0,0,1,0,0,0,1,1,0,0,1,0,0,0,0,0,0,0,0,0,0,0,0,0,0,0,1,1,0,0,0,0,0,0,0,0,1,0,0,0,0,0,1,0
687,2026-06-18,Beni,Malambo,Kibanda,Femme,26 à 35 ans,Ménage retourné,plus de 2 ans,,Oui,Organisation Paysanne,5,1,1,1,2,0,Non,Oui,,0.4,0.4,Oui,2,Faible,Petits producteurs peu diversifiés,E12,30.3,False,0,1,1,0,0,1,2,1,1,0,0,1,0,0,1,0,0,0,0,0,1,0,0,0,0,0,0,1,0,1,0,0,0,0,0,1,0,0,0,1,1,0,1,1,1,0,0,0,1,0,1,0,0,0,0,0,0,0,0,0,0,1,0,0,0,0,0,0,0,1,0,1,0,0,0,0,0
688,2026-06-18,Beni,Lume,Kivisire,Femme,26 à 35 ans,Famille d'accueil,,1,Oui,Association,7,1,1,2,3,0,Non,Oui,,0.3,0.3,Non,2,Faible,Petits producteurs peu diversifiés,E07,1582.7,True,0,0,0,0,0,0,0,1,0,0,0,0,0,0,0,0,0,0,0,0,0,0,0,0,0,0,0,0,0,0,0,0,0,0,0,1,0,0,0,1,1,0,0,1,0,0,0,0,0,0,0,0,0,0,0,0,0,0,0,0,1,0,0,1,0,0,0,0,0,1,0,1,0,0,0,0,0
689,2026-06-18,Beni,Malambo,Kibanda,Femme,18 à 25 ans,Ménage retourné,6 à 12 mois,,Oui,Association,3,0,1,1,1,0,Non,Oui,,0.6,0.6,Non,3,Modérée,Petits producteurs peu diversifiés,E12,23.2,False,0,1,0,0,0,1,1,1,1,0,0,0,0,0,1,0,0,0,1,0,0,0,0,0,0,0,0,0,0,0,0,0,0,0,0,1,0,0,0,1,1,0,1,1,1,0,0,0,1,0,1,0,0,0,0,0,0,0,0,0,0,1,0,0,0,0,0,1,0,1,0,1,1,0,0,0,0
690,2026-06-18,Beni,Lume,Kivisire,Femme,18 à 25 ans,Ménage retourné,plus de 2 ans,,Non,,3,1,1,0,1,0,Non,Oui,,0.15,0.15,Non,4,Modérée,Petits producteurs peu diversifiés,E07,1577.7,True,0,0,1,0,0,0,1,1,0,0,1,0,0,0,0,0,0,0,0,0,0,0,0,0,0,0,0,0,0,0,0,0,0,0,0,1,0,0,0,1,1,0,0,1,0,0,0,0,0,0,0,0,0,0,0,0,0,0,0,0,1,0,0,0,0,0,0,0,0,1,0,1,0,0,1,1,0
691,2026-06-18,Beni,Lume,Mwangaza,Femme,26 à 35 ans,Ménage retourné,plus de 2 ans,,Non,,9,1,1,4,3,0,Oui,,0.15,,0.15,Oui,4,Modérée,Petits producteurs peu diversifiés,E07,1573.2,True,0,0,0,0,0,1,0,1,0,0,1,1,0,0,0,0,0,0,0,0,0,0,0,0,0,0,0,0,0,1,0,0,0,0,0,0,0,0,1,1,0,0,0,1,0,0,0,0,0,0,0,0,0,0,0,0,0,0,0,0,1,0,0,0,0,0,0,0,0,1,0,0,0,1,1,1,0
692,2026-06-18,Beni,Malambo,Kibanda,Homme,Plus de 41 ans,Ménage retourné,6 à 12 mois,,Oui,Organisation Paysanne,3,1,1,0,1,0,Oui,,1.0,,1.0,Non,1,Faible,Petits producteurs peu diversifiés,E12,14.1,False,0,1,0,0,0,0,1,1,1,0,0,0,0,0,1,0,1,0,0,0,1,0,0,0,0,0,0,0,0,0,0,0,0,0,0,1,0,0,0,1,1,0,1,1,1,0,0,0,0,0,0,0,0,0,0,0,0,0,0,0,0,1,0,0,0,0,0,0,0,0,0,0,1,0,0,0,0
693,2026-06-18,Beni,Lume,Mwangaza,Femme,26 à 35 ans,Ménage retourné,plus de 2 ans,,Oui,Association,7,1,2,1,3,0,Oui,,0.25,,0.25,Non,1,Faible,Petits producteurs peu diversifiés,E07,1567.7,True,0,0,0,0,0,1,0,1,0,0,1,0,0,0,0,1,0,0,0,0,0,0,0,0,0,0,0,0,0,0,0,0,0,0,0,1,0,0,0,1,0,0,1,1,0,0,0,0,0,0,0,0,0,0,0,0,0,0,0,1,0,0,0,0,0,0,0,0,0,1,0,0,0,0,0,0,0
694,2026-06-18,Beni,Lume,Kivisire,Femme,Plus de 41 ans,Ménage retourné,plus de 2 ans,,Non,,7,4,1,2,0,0,Non,Oui,,0.15,0.15,Non,4,Modérée,Petits producteurs peu diversifiés,E07,1563.7,True,0,0,0,0,0,0,0,1,0,0,0,0,0,0,0,0,0,0,0,0,0,0,0,0,0,0,0,0,0,0,0,0,0,0,0,1,0,0,0,1,1,0,0,1,0,0,0,0,0,0,0,0,0,0,0,0,0,0,0,0,1,0,0,0,0,1,0,0,0,1,0,1,0,0,1,1,0
695,2026-06-18,Beni,Malambo,Hurara,Femme,26 à 35 ans,Famille d'accueil,,2,Non,,7,1,2,3,1,0,Non,Oui,,0.5,0.5,Oui,4,Modérée,Petits producteurs peu diversifiés,E15,21.0,True,0,0,0,0,0,1,0,1,0,0,1,0,0,0,0,0,0,0,0,0,0,0,0,0,0,0,0,0,0,1,0,0,0,0,0,1,0,0,0,1,1,0,0,1,0,0,0,0,0,0,0,0,0,0,0,0,0,0,0,0,1,1,0,0,0,0,0,0,0,1,0,1,0,0,1,0,1
696,2026-06-18,Beni,Lume,Kivisire,Femme,Plus de 41 ans,Ménage retourné,plus de 2 ans,,Non,,8,1,3,3,1,0,Oui,,0.1,,0.1,Non,3,Modérée,Petits producteurs peu diversifiés,E07,1558.6,True,0,0,0,0,0,1,0,1,0,0,1,0,0,0,0,0,0,0,0,0,0,0,0,0,0,0,0,0,0,0,0,0,0,0,0,1,0,0,1,1,1,0,0,1,0,0,0,0,0,0,0,0,0,0,0,0,0,0,0,0,1,0,0,1,0,0,0,0,0,1,0,0,0,0,1,1,0
697,2026-06-18,Beni,Malambo,Hurara,Femme,26 à 35 ans,Ménage retourné,plus de 2 ans,,Oui,Organisation Paysanne,6,1,1,2,2,0,Oui,,0.3,,0.3,Oui,1,Faible,Petits producteurs peu diversifiés,E08,5.5,True,0,0,0,0,0,0,0,1,1,0,0,0,0,0,1,0,0,0,0,1,0,0,0,0,0,0,0,1,0,0,0,0,0,0,0,1,0,0,0,1,0,0,0,1,1,1,1,1,0,0,0,0,0,0,0,0,0,0,0,0,0,0,1,0,0,0,0,0,0,1,0,0,0,0,0,0,0
698,2026-06-18,Beni,Lume,Kivisire,Femme,26 à 35 ans,Ménage retourné,plus de 2 ans,,Oui,Association,9,2,1,5,1,0,Non,Oui,,0.2,0.2,Non,4,Modérée,Petits producteurs peu diversifiés,E07,1553.5,True,0,0,0,0,0,1,0,1,0,0,1,0,0,0,0,0,0,0,0,0,0,0,0,0,0,0,0,0,0,0,0,0,0,0,0,1,0,0,1,1,1,0,0,1,0,0,0,0,0,0,0,0,0,0,0,0,0,0,0,0,1,1,0,0,0,0,0,0,0,1,0,1,0,1,0,1,0
699,2026-06-18,Beni,Malambo,Hurara,Femme,26 à 35 ans,Ménage retourné,plus de 2 ans,,Oui,Organisation Paysanne,5,1,1,1,2,0,Oui,,0.4,,0.4,Oui,1,Faible,Petits producteurs peu diversifiés,E08,2.8,True,1,0,0,0,0,0,1,1,1,0,0,0,0,0,1,0,1,0,0,0,0,0,1,0,0,0,0,0,0,0,1,1,0,0,0,1,0,0,1,1,0,0,0,1,1,1,1,1,0,0,0,0,0,0,0,0,0,0,0,0,0,0,1,0,0,0,0,0,0,1,0,0,0,0,0,0,0
700,2026-06-18,Beni,Malambo,Hurara,Femme,26 à 35 ans,Ménage retourné,plus de 2 ans,,Oui,Organisation Paysanne,5,1,2,1,1,0,Oui,,0.4,,0.4,Oui,1,Faible,Vivriers diversifiés + élevage,E08,4.1,True,1,0,1,0,0,0,2,1,0,0,0,1,0,0,1,0,0,0,0,1,0,0,0,0,1,0,0,1,0,1,1,1,0,0,0,1,1,0,1,1,0,0,1,1,1,1,1,1,0,0,0,0,0,0,0,0,0,0,0,0,0,0,1,0,0,0,0,0,0,1,0,0,0,0,0,0,0
701,2026-06-18,Beni,Malambo,Kihome,Femme,Plus de 41 ans,Ménage retourné,plus de 2 ans,,Oui,Association,7,3,3,1,0,0,Non,Oui,,0.2,0.2,Oui,3,Modérée,Petits producteurs peu diversifiés,E11,248.2,True,0,0,0,0,0,0,0,1,1,1,1,0,0,0,0,0,0,0,0,0,0,0,0,0,0,0,0,1,0,1,0,0,0,0,0,1,1,0,0,1,1,1,1,1,1,1,0,0,0,0,0,0,0,0,0,0,0,0,0,0,0,1,1,0,0,0,0,0,0,1,0,1,0,0,0,1,0
702,2026-06-18,Beni,Lume,Kivisire,Homme,Plus de 41 ans,Famille d'accueil,,2,Oui,Association,7,4,2,1,0,0,Non,Oui,,0.2,0.2,Oui,3,Modérée,Petits producteurs peu diversifiés,E07,1554.8,True,0,0,0,0,0,0,0,1,0,0,1,0,0,0,0,0,0,0,0,0,0,0,0,0,0,0,0,0,0,0,1,1,0,0,0,1,1,0,0,1,1,0,0,1,1,0,0,0,0,0,0,0,0,0,0,0,0,0,0,0,1,0,0,0,0,1,0,0,0,0,0,1,0,0,0,1,1
703,2026-06-18,Beni,Malambo,Hurara,Homme,36 à 40 ans,Famille d'accueil,,2,Oui,Association,5,0,3,0,2,1,Oui,,0.4,,0.4,Non,2,Faible,Petits producteurs peu diversifiés,E15,7.8,True,0,0,0,0,0,0,0,1,1,0,0,0,0,0,0,0,0,0,0,0,0,0,0,0,0,0,0,0,0,0,0,0,0,0,0,0,0,0,1,1,0,0,0,0,0,0,1,0,0,0,0,0,0,0,0,0,0,0,0,0,1,0,1,0,0,0,0,0,0,0,1,0,0,0,0,0,1
704,2026-06-18,Beni,Malambo,Hurara,Femme,26 à 35 ans,Ménage retourné,plus de 2 ans,,Oui,Organisation Paysanne,7,2,2,1,2,0,Oui,,1.0,,1.0,Oui,1,Faible,Vivriers diversifiés + élevage,E08,3.8,True,1,0,0,0,0,1,1,1,1,0,0,1,0,1,1,0,0,0,0,0,0,0,1,0,1,0,0,1,0,1,1,1,0,0,0,1,1,1,1,1,0,0,1,1,1,0,1,1,0,0,0,0,0,0,0,0,0,0,0,0,0,0,1,0,0,0,0,0,0,1,0,0,0,0,0,0,0
705,2026-06-18,Beni,Malambo,Hurara,Femme,36 à 40 ans,Ménage retourné,plus de 2 ans,,Oui,Organisation Paysanne,8,3,2,2,1,0,Oui,,0.35,,0.35,Oui,1,Faible,Vivriers diversifiés + élevage,E08,3.6,True,1,0,0,0,0,1,1,1,1,0,0,1,0,1,1,0,0,0,0,0,0,0,1,0,0,0,0,1,0,1,0,0,0,0,0,1,0,1,1,1,0,0,0,1,0,1,1,1,0,0,1,0,0,0,0,0,0,0,0,0,0,1,0,0,0,0,0,0,0,1,0,0,0,0,0,0,0
706,2026-06-18,Beni,Malambo,Hurara,Femme,26 à 35 ans,Ménage retourné,1 à 2 ans,,Non,,3,0,2,1,0,0,Non,Non,,,,Oui,4,Modérée,Petits producteurs peu diversifiés,E15,243.5,True,0,0,0,0,0,0,0,0,0,0,0,0,0,0,0,0,0,0,0,0,0,0,0,0,0,0,0,0,0,1,1,1,0,0,0,0,0,0,1,1,1,0,0,0,0,1,0,0,0,0,0,0,0,0,0,0,0,0,0,0,1,0,1,0,0,0,0,0,0,1,0,1,0,0,1,1,0
707,2026-06-18,Beni,Malambo,Hurara,Homme,Plus de 41 ans,Ménage retourné,plus de 2 ans,,Non,,5,1,1,1,2,0,Oui,,1.0,,1.0,Oui,1,Faible,Vivriers diversifiés + élevage,E08,4.8,True,1,0,0,0,0,1,1,1,1,0,1,1,0,1,1,0,1,0,0,0,0,0,1,1,0,0,0,1,0,0,1,1,1,0,0,1,1,0,1,1,0,0,1,1,1,1,1,1,0,0,0,0,0,0,0,0,0,0,0,0,0,0,0,0,0,0,0,0,0,0,0,0,0,0,1,0,0
708,2026-06-18,Beni,Malambo,Kihome,Femme,26 à 35 ans,Ménage retourné,plus de 2 ans,,Oui,Autres,5,1,1,2,1,0,Oui,,1.0,,1.0,Oui,1,Faible,Vivriers diversifiés + élevage,E11,234.6,True,0,0,0,0,0,0,0,1,1,0,1,1,0,1,0,0,0,0,0,0,0,0,0,0,0,0,0,1,0,1,0,0,0,0,0,1,1,0,1,1,1,1,1,1,1,1,0,0,0,0,0,0,0,0,0,0,0,0,0,0,0,0,1,0,0,0,0,0,0,1,0,0,0,0,0,0,0
709,2026-06-18,Beni,Malambo,Hurara,Femme,Plus de 41 ans,Ménage retourné,plus de 2 ans,,Non,,5,1,1,3,0,0,Oui,,1.0,,1.0,Oui,2,Faible,Vivriers diversifiés + élevage,E08,3.3,True,1,0,0,0,0,0,1,1,1,0,0,0,0,1,1,0,0,0,1,0,0,0,0,0,0,0,0,1,0,1,0,0,0,0,0,1,0,1,1,1,0,1,1,1,1,1,1,1,0,0,0,0,0,0,0,0,0,0,0,0,0,0,1,0,0,1,0,0,0,1,0,0,0,0,1,0,0
710,2026-06-18,Beni,Malambo,Hurara,Femme,26 à 35 ans,Ménage retourné,plus de 2 ans,,Oui,Organisation Paysanne,6,1,2,2,1,0,Oui,,1.0,,1.0,Oui,1,Faible,Vivriers diversifiés + élevage,E08,4.1,True,1,0,0,0,0,0,1,1,1,0,0,1,0,1,1,0,0,0,1,0,0,0,1,0,0,0,0,0,0,1,0,0,0,0,0,1,0,0,0,1,0,0,0,1,1,1,1,1,0,0,0,0,0,0,0,0,0,0,0,0,0,0,0,0,0,0,0,0,0,1,0,0,0,0,0,0,0
711,2026-06-18,Beni,Malambo,Hurara,Homme,18 à 25 ans,Ménage retourné,Moins de 6 mois,,Non,,1,1,0,0,0,0,Oui,,0.5,,0.5,Oui,2,Faible,Petits producteurs peu diversifiés,E15,233.6,True,0,0,0,0,0,0,0,0,0,0,1,0,0,0,0,0,0,0,0,0,0,0,0,0,0,0,0,0,0,0,1,1,0,0,0,0,0,0,1,1,0,0,0,1,0,1,0,0,0,0,0,0,0,0,0,0,0,0,0,0,1,1,0,0,0,0,0,0,0,0,0,0,1,0,1,0,0
712,2026-06-18,Beni,Malambo,Hurara,Homme,18 à 25 ans,Ménage retourné,plus de 2 ans,,Oui,Autres,4,1,1,1,1,0,Oui,,1.0,,1.0,Oui,0,Faible,Maraîchers pomme de terre,E11,224.0,True,0,0,0,0,0,1,0,0,1,0,0,0,0,0,1,0,1,1,1,0,0,0,0,0,1,1,0,1,1,1,0,0,0,0,0,1,1,0,1,1,1,0,1,1,1,1,0,0,0,0,0,0,0,0,0,0,0,0,0,0,0,1,1,0,0,0,0,0,0,0,0,0,0,0,0,0,0
713,2026-06-18,Beni,Malambo,Hurara,Femme,26 à 35 ans,Ménage retourné,Moins de 6 mois,,Non,,3,1,2,0,0,0,Non,Oui,,0.3,0.3,Non,4,Modérée,Petits producteurs peu diversifiés,E15,225.6,True,0,0,0,0,0,0,0,1,0,0,0,0,0,0,0,0,0,0,0,0,0,0,0,0,0,0,0,0,0,0,0,0,0,0,0,1,0,0,0,0,0,0,1,0,0,0,1,0,0,0,0,0,0,0,0,0,0,0,0,0,1,0,0,1,0,0,1,0,0,1,0,1,1,0,1,0,0
714,2026-06-18,Beni,Malambo,Hurara,Femme,26 à 35 ans,Famille d'accueil,,1,Oui,Association,3,0,1,0,2,0,Non,Oui,,0.7,0.7,Oui,2,Faible,Petits producteurs peu diversifiés,E15,216.3,True,0,0,0,0,0,0,0,1,1,0,1,0,0,0,0,0,0,0,0,0,0,0,0,0,0,0,0,1,0,0,0,0,0,0,0,0,0,0,1,0,0,1,0,1,0,0,0,0,0,0,0,0,0,0,0,0,0,0,0,0,0,0,0,1,0,0,1,0,0,1,0,1,0,0,0,0,0
715,2026-06-18,Beni,Malambo,Kihome,Femme,26 à 35 ans,Ménage retourné,plus de 2 ans,,Oui,Association,4,1,1,0,2,0,Oui,,0.5,,0.5,Oui,1,Faible,Vivriers diversifiés + élevage,E11,206.0,True,0,0,0,0,0,0,0,1,1,0,0,0,0,1,1,0,1,0,0,0,0,0,1,1,1,0,0,1,0,1,1,1,0,0,0,1,1,0,0,1,1,1,1,1,1,1,0,0,0,0,0,0,0,0,0,0,0,0,0,0,0,1,1,0,0,0,0,0,0,1,0,0,0,0,0,0,0
716,2026-06-18,Beni,Malambo,Hurara,Femme,36 à 40 ans,Ménage retourné,plus de 2 ans,,Oui,Association,6,1,1,3,1,0,Oui,,0.5,,0.5,Oui,1,Faible,Petits producteurs peu diversifiés,E11,176.1,True,0,0,0,0,0,1,0,1,1,0,1,0,0,0,0,0,0,0,0,0,0,0,0,0,0,0,0,1,0,0,0,0,0,0,0,1,0,0,0,1,1,1,1,1,1,1,0,0,0,0,0,0,0,0,0,0,0,0,0,0,0,0,0,0,0,0,0,0,0,1,0,0,0,0,0,0,0
717,2026-06-18,Beni,Malambo,Hurara,Femme,26 à 35 ans,Ménage retourné,plus de 2 ans,,Oui,Association,6,1,1,2,2,0,Oui,,0.5,,0.5,Oui,1,Faible,Maraîchers pomme de terre,E11,146.5,True,0,0,1,0,0,1,1,1,1,0,0,0,1,0,0,0,0,0,0,0,0,0,0,0,0,0,0,1,1,0,1,1,0,0,0,1,1,0,0,1,1,0,0,1,1,1,0,0,0,0,0,0,0,0,0,0,0,0,0,0,0,0,0,0,0,0,0,0,0,1,0,0,0,0,0,0,0
718,2026-06-18,Beni,Malambo,Hurara,Femme,26 à 35 ans,Ménage retourné,plus de 2 ans,,Oui,Association,12,4,3,3,2,0,Oui,,0.2,,0.2,Oui,3,Modérée,Vivriers diversifiés + élevage,E11,132.2,True,0,0,0,0,0,0,0,1,1,0,0,0,0,0,1,0,0,0,0,0,0,1,1,0,1,0,0,1,0,1,1,1,0,0,0,1,1,0,0,1,1,1,1,1,1,1,0,0,0,0,0,0,0,0,0,0,0,0,0,0,0,1,1,0,0,0,0,0,0,1,0,0,0,1,0,1,0
719,2026-06-18,Beni,Malambo,Kihome,Femme,26 à 35 ans,Ménage retourné,plus de 2 ans,,Oui,Association,5,1,1,2,1,0,Oui,,0.2,,0.2,Oui,2,Faible,Vivriers diversifiés + élevage,E11,110.1,True,0,0,0,0,0,0,0,1,1,0,1,0,0,0,0,0,0,0,0,0,0,0,0,0,0,0,0,1,1,1,1,1,0,0,0,1,1,0,0,1,1,1,1,1,1,1,0,0,0,0,0,0,0,0,0,0,0,0,0,0,0,1,1,0,0,0,0,0,0,1,0,0,0,0,0,1,0
720,2026-06-18,Beni,Malambo,Kihome,Femme,26 à 35 ans,Ménage retourné,plus de 2 ans,,Oui,Association,5,2,1,1,1,0,Oui,,0.15,,0.15,Oui,2,Faible,Vivriers diversifiés + élevage,E11,93.8,True,0,0,1,0,0,0,1,1,1,0,0,1,0,0,1,0,0,0,0,0,0,0,1,0,0,0,0,0,1,0,1,1,1,0,0,1,1,0,0,1,1,1,1,1,1,1,0,0,0,0,0,0,0,0,0,0,0,0,0,0,0,1,1,0,0,0,0,0,0,1,0,0,0,0,0,1,0
721,2026-06-18,Beni,Malambo,Kihome,Homme,26 à 35 ans,Ménage retourné,plus de 2 ans,,Oui,Association,7,2,3,0,2,0,Oui,,0.15,,0.15,Oui,1,Faible,Vivriers diversifiés + élevage,E11,78.6,True,0,0,0,0,0,0,0,1,1,0,1,1,0,0,1,0,0,0,0,0,0,1,1,0,1,0,0,1,0,1,1,1,0,0,0,1,1,0,0,0,1,1,1,1,1,1,0,0,0,0,0,0,0,0,0,0,0,0,0,0,0,1,1,0,0,0,0,0,0,0,0,0,0,0,0,1,0
722,2026-06-18,Beni,Malambo,Rughetsi,Homme,Plus de 41 ans,Ménage retourné,Moins de 6 mois,,Oui,Association,17,4,6,4,3,0,Oui,,1.0,,1.0,Oui,2,Faible,Vivriers diversifiés + élevage,E01,647.0,True,0,0,0,0,0,0,0,1,1,0,1,1,0,1,1,1,1,1,1,1,0,0,0,1,0,0,0,1,1,1,1,1,1,0,0,1,1,0,1,1,1,0,1,1,1,0,0,1,0,1,1,0,1,1,0,0,0,0,0,0,0,0,0,0,1,0,0,0,0,0,0,0,1,1,0,0,0
723,2026-06-18,Beni,Malambo,Hurara,Femme,18 à 25 ans,Ménage retourné,plus de 2 ans,,Oui,Association,4,1,1,0,2,0,Oui,,0.35,,0.35,,1,Faible,Petits producteurs peu diversifiés,E11,63.7,True,0,0,0,0,0,0,0,1,1,0,0,0,0,0,1,0,1,1,1,0,0,0,1,0,1,0,0,0,0,0,0,0,0,0,0,1,1,0,0,1,1,1,1,1,1,1,0,0,0,0,0,0,0,0,0,0,0,0,0,0,0,1,1,0,0,0,0,0,0,1,0,0,0,0,0,0,0
724,2026-06-18,Beni,Malambo,Kihome,Femme,36 à 40 ans,Ménage retourné,plus de 2 ans,,Oui,Association,5,1,1,1,2,0,Oui,,0.2,,0.2,Oui,2,Faible,Maraîchers pomme de terre,E11,49.8,True,0,0,0,0,0,0,0,0,0,0,0,0,0,0,1,0,0,0,1,0,0,0,1,0,1,0,0,1,0,1,0,0,0,0,0,1,1,0,0,0,1,1,1,1,1,1,0,0,0,0,0,0,0,0,0,0,0,0,0,0,0,1,1,0,0,0,0,0,0,1,0,0,0,0,0,1,0
725,2026-06-18,Beni,Malambo,Hurara,Homme,26 à 35 ans,Ménage retourné,6 à 12 mois,,Non,,8,2,2,2,2,0,Oui,,1.0,,1.0,Oui,2,Faible,Petits producteurs peu diversifiés,E15,53.4,True,0,0,1,0,0,0,1,1,0,0,0,0,0,0,0,0,0,0,0,0,0,0,0,0,0,0,0,0,0,1,0,0,0,0,0,1,0,0,0,1,1,1,0,1,1,0,0,0,0,0,0,0,0,0,0,0,0,0,0,0,0,1,0,0,0,0,0,0,0,0,0,0,1,0,1,0,0
726,2026-06-18,Beni,Malambo,Kihome,Homme,Plus de 41 ans,Ménage retourné,plus de 2 ans,,Oui,Association,8,2,3,2,1,0,Oui,,0.5,,0.5,Oui,0,Faible,Petits producteurs peu diversifiés,E11,38.2,True,0,0,0,0,0,1,0,1,1,0,0,0,0,0,0,0,0,0,0,0,0,0,0,0,0,0,0,0,0,0,1,1,1,0,0,1,1,0,0,1,1,1,1,1,1,1,0,0,0,0,0,0,0,0,0,0,0,0,0,0,0,1,1,0,0,0,0,0,0,0,0,0,0,0,0,0,0
727,2026-06-18,Beni,Malambo,Hurara,Femme,36 à 40 ans,Ménage retourné,1 à 2 ans,,Non,,6,1,2,1,2,0,Non,Oui,,0.4,0.4,Non,3,Modérée,Petits producteurs peu diversifiés,E15,41.1,True,0,0,0,0,0,1,0,1,1,0,0,1,0,0,0,0,0,0,0,0,0,0,0,0,0,0,0,0,0,0,0,0,0,0,0,0,0,0,1,0,0,0,1,1,1,0,0,0,0,0,0,0,0,0,0,0,0,0,0,0,1,0,1,0,0,0,0,0,0,1,0,1,0,0,1,0,0
728,2026-06-18,Beni,Malambo,Hurara,Femme,26 à 35 ans,Famille d'accueil,,1,Oui,Autres,3,0,2,1,0,0,Oui,,0.6,,0.6,Oui,1,Faible,Petits producteurs peu diversifiés,E15,35.4,True,0,0,0,0,0,1,0,1,1,0,1,0,0,0,0,0,0,0,0,0,0,0,0,0,0,0,0,1,0,0,0,0,0,0,0,1,0,0,0,0,0,1,0,0,1,0,0,0,0,0,0,0,0,0,0,0,0,0,0,0,1,0,1,0,0,0,0,0,0,1,0,0,0,0,0,0,0
729,2026-06-18,Beni,Malambo,Kihome,Femme,26 à 35 ans,Ménage retourné,plus de 2 ans,,Oui,Association,6,1,1,3,1,0,Oui,,0.25,,0.25,Oui,1,Faible,Maraîchers pomme de terre,E11,27.1,True,0,0,0,0,0,1,0,1,1,0,0,0,0,0,1,0,1,1,0,0,0,1,1,0,1,0,0,1,1,0,1,1,0,0,0,1,1,0,0,1,1,1,1,1,1,1,0,0,0,0,0,0,0,0,0,0,0,0,0,0,0,1,1,0,0,0,0,0,0,1,0,0,0,0,0,0,0
730,2026-06-18,Beni,Malambo,Hurara,Femme,36 à 40 ans,Ménage retourné,1 à 2 ans,,Non,,6,1,1,2,2,0,Oui,,1.0,,1.0,Oui,2,Faible,Petits producteurs peu diversifiés,E15,28.5,True,0,0,0,0,0,1,0,1,1,0,1,0,0,0,0,0,0,0,0,0,0,0,0,0,0,0,0,0,0,1,0,0,0,0,0,1,0,0,0,0,0,1,1,0,1,0,0,0,0,0,0,0,0,0,0,0,0,0,0,0,1,1,0,1,0,0,0,0,0,1,0,0,0,0,1,0,0
731,2026-06-18,Beni,Malambo,Hurara,Femme,26 à 35 ans,Ménage retourné,6 à 12 mois,,Non,,3,,1,,2,1,Oui,,0.45,,0.45,Oui,4,Modérée,Petits producteurs peu diversifiés,E15,21.2,True,0,0,1,0,0,0,1,1,0,0,1,1,0,0,0,0,0,0,0,0,0,0,0,0,0,0,0,0,0,0,1,1,0,0,0,1,0,0,0,0,0,0,1,1,1,0,0,0,0,0,0,0,0,0,0,0,0,0,0,0,1,1,0,1,0,0,0,0,0,1,1,0,1,0,1,0,0
732,2026-06-18,Beni,Malambo,Hurara,Femme,26 à 35 ans,Ménage retourné,1 à 2 ans,,Non,,5,1,1,0,3,0,Non,Oui,,0.5,0.5,Oui,3,Modérée,Petits producteurs peu diversifiés,E15,14.3,True,0,0,0,0,0,0,0,1,1,0,0,0,0,1,0,0,0,0,0,0,0,0,0,0,0,0,0,1,0,0,0,0,0,0,0,1,0,0,0,0,0,0,1,1,1,0,0,0,0,0,0,0,0,0,0,0,0,0,0,0,1,1,0,0,0,0,0,0,0,1,0,1,0,0,1,0,0
733,2026-06-19,Beni,Malambo,Hurara,Femme,18 à 25 ans,Ménage retourné,6 à 12 mois,,Non,,3,0,2,0,1,0,Non,Oui,,0.35,0.35,Oui,4,Modérée,Petits producteurs peu diversifiés,E15,110.7,True,0,0,0,0,0,1,0,1,0,0,0,0,0,0,0,0,0,0,0,0,0,0,0,0,0,0,0,1,0,0,0,0,0,0,0,1,1,0,0,1,0,0,0,0,1,1,0,0,0,0,0,0,0,0,0,0,0,0,0,0,1,0,0,0,0,0,0,0,0,1,0,1,1,0,1,0,0
734,2026-06-19,Beni,Malambo,Kihome,Femme,26 à 35 ans,Ménage retourné,plus de 2 ans,,Oui,Association,5,1,2,0,2,0,Oui,,0.2,,0.2,Oui,2,Faible,Petits producteurs peu diversifiés,E11,969.1,True,0,0,0,0,0,0,0,1,0,0,0,0,0,0,1,0,0,0,0,1,0,0,1,0,0,0,0,1,0,1,1,1,0,0,0,1,1,0,0,1,1,0,1,1,1,1,0,0,0,0,0,0,0,0,0,0,0,0,0,0,0,1,1,0,0,0,0,0,0,1,0,0,0,0,0,1,0
735,2026-06-19,Beni,Lume,Lume,Femme,26 à 35 ans,Ménage retourné,plus de 2 ans,,Oui,Association,10,3,3,2,2,0,Non,Oui,,0.1,0.1,Oui,4,Modérée,Petits producteurs peu diversifiés,E07,869.2,True,0,0,1,0,0,1,1,1,0,0,1,0,0,0,0,0,0,0,0,0,0,0,0,0,0,0,0,1,0,0,0,0,0,0,0,0,0,0,1,1,1,0,0,1,0,0,0,0,0,0,0,0,0,0,0,0,0,0,0,0,1,0,0,0,0,0,0,0,0,1,0,1,0,1,0,1,0
736,2026-06-19,Beni,Lume,Lume,Femme,26 à 35 ans,Ménage retourné,plus de 2 ans,,Oui,Association,8,3,2,1,2,1,Non,Oui,,0.1,0.1,Oui,4,Modérée,Petits producteurs peu diversifiés,E07,862.1,True,0,0,0,0,0,1,0,1,1,0,0,0,0,0,0,0,0,0,0,0,0,0,0,0,0,0,0,0,0,1,0,0,0,0,0,1,0,0,0,1,1,0,0,1,0,0,0,0,0,0,0,0,0,0,0,0,0,0,0,0,1,0,0,0,0,1,0,0,0,1,1,1,0,0,0,1,0
737,2026-06-19,Beni,Malambo,Kihome,Femme,26 à 35 ans,Ménage retourné,plus de 2 ans,,Oui,Association,3,0,2,1,0,0,Oui,,0.2,,0.2,Oui,2,Faible,Petits producteurs peu diversifiés,E11,958.0,True,0,0,0,0,0,0,0,1,1,0,0,0,0,0,1,0,0,0,1,0,0,0,1,0,1,0,0,0,1,1,0,0,0,0,0,1,1,0,0,1,1,1,1,1,1,1,0,0,0,0,0,0,0,0,0,0,0,0,0,0,0,1,1,0,0,0,0,0,0,1,0,0,0,0,0,1,0
738,2026-06-19,Beni,Malambo,Hurara,Femme,18 à 25 ans,Ménage retourné,6 à 12 mois,,Oui,Association,5,1,1,3,0,0,Oui,,0.6,,0.6,Non,2,Faible,Petits producteurs peu diversifiés,E15,94.0,True,0,0,0,0,0,1,0,1,1,0,0,1,0,0,0,0,0,0,0,0,0,0,0,0,0,0,0,0,0,0,0,0,0,0,0,1,0,0,0,1,0,0,0,1,1,0,0,0,0,0,0,0,0,0,0,0,0,0,0,0,1,1,0,0,0,0,0,0,0,1,0,0,1,0,0,0,0
739,2026-06-19,Beni,Malambo,Hurara,Femme,18 à 25 ans,Ménage retourné,Moins de 6 mois,,Oui,Association,2,0,1,1,0,0,Non,Oui,,0.25,0.25,Oui,3,Modérée,Petits producteurs peu diversifiés,E15,87.1,True,0,0,0,0,0,1,0,0,0,0,1,1,0,0,0,0,0,0,0,0,0,0,0,0,0,0,0,0,0,1,0,0,0,0,0,1,0,0,0,1,0,0,0,1,1,0,0,0,0,0,0,0,0,0,0,0,0,0,0,0,1,0,0,1,0,0,1,0,0,1,0,1,1,0,0,0,0
740,2026-06-19,Beni,Malambo,Autres villages,Femme,Plus de 41 ans,Ménage retourné,plus de 2 ans,,Non,,11,4,2,0,5,0,Oui,,0.5,,0.5,Oui,3,Modérée,Vivriers diversifiés + élevage,E11,944.3,False,0,1,0,0,0,1,1,1,1,0,1,1,0,1,1,0,0,0,0,0,0,1,1,1,0,0,0,1,0,1,1,1,0,0,0,1,0,0,0,1,1,1,1,1,1,1,0,0,0,0,0,0,0,0,0,0,0,0,0,0,0,1,1,0,0,0,0,0,0,1,0,0,0,1,1,0,0
741,2026-06-19,Beni,Malambo,Hurara,Homme,26 à 35 ans,Famille d'accueil,,1,Oui,Autres,3,0,0,2,1,0,Oui,,0.4,,0.4,Oui,0,Faible,Petits producteurs peu diversifiés,E15,83.0,True,0,0,0,0,0,1,0,0,1,0,0,1,0,0,0,0,0,0,0,0,0,0,0,0,0,0,0,0,0,0,1,1,0,0,0,1,0,0,0,1,0,0,0,0,1,0,0,0,0,0,0,0,0,0,0,0,0,0,0,0,1,0,0,0,0,0,0,0,0,0,0,0,0,0,0,0,0
742,2026-06-19,Beni,Malambo,Hurara,Femme,Plus de 41 ans,Famille d'accueil,,3,Oui,Association,7,0,3,2,2,0,Oui,,1.0,,1.0,Oui,2,Faible,Vivriers diversifiés + élevage,E15,76.5,True,0,0,0,0,0,1,0,1,1,0,1,1,0,0,0,0,0,0,0,0,0,0,0,0,0,0,0,1,0,0,1,1,0,0,0,1,1,0,0,1,1,0,0,1,1,0,0,0,0,0,0,0,0,0,0,0,0,0,0,0,1,0,0,1,0,0,1,0,0,1,0,0,0,0,0,0,1
743,2026-06-19,Beni,Lume,Kivisire,Femme,Plus de 41 ans,Ménage retourné,plus de 2 ans,,Oui,Association,10,2,2,3,3,0,Non,Oui,,0.1,0.1,Non,4,Modérée,Petits producteurs peu diversifiés,E07,835.3,True,0,0,0,0,0,0,0,1,0,0,1,0,0,0,0,0,0,0,0,0,0,0,0,0,0,0,0,0,0,0,0,0,0,0,0,1,0,0,0,1,1,0,0,1,1,0,0,0,0,0,0,0,0,0,0,0,0,0,0,1,0,0,0,0,0,0,0,0,0,1,0,1,0,1,0,1,0
744,2026-06-19,Beni,Malambo,Hurara,Femme,26 à 35 ans,Ménage retourné,Moins de 6 mois,,Non,,4,1,1,2,0,0,Oui,,0.6,,0.6,Oui,3,Modérée,Vivriers diversifiés + élevage,E15,69.3,True,0,0,0,0,0,0,0,1,0,0,1,1,0,0,0,0,0,0,0,0,0,0,0,0,0,0,0,1,0,1,0,0,0,0,0,1,1,0,0,1,1,0,0,1,1,1,0,0,0,0,0,0,0,0,0,0,0,0,0,0,1,1,0,0,0,0,0,0,0,1,0,0,1,0,1,0,0
745,2026-06-19,Beni,Malambo,Hurara,Femme,18 à 25 ans,Ménage retourné,6 à 12 mois,,Oui,Autres,5,1,2,0,2,1,Oui,,0.35,,0.35,Oui,3,Modérée,Petits producteurs peu diversifiés,E15,55.7,True,0,0,0,0,0,1,0,1,0,0,1,0,0,0,0,0,0,0,0,0,0,0,0,0,0,0,0,1,0,0,0,0,0,0,0,0,0,0,1,1,1,0,0,1,0,0,0,0,0,0,0,0,0,0,0,0,0,0,0,0,1,1,0,1,0,0,0,0,0,1,1,0,1,0,0,0,0
746,2026-06-19,Beni,Malambo,Hurara,Homme,Plus de 41 ans,Famille d'accueil,,2,Non,,6,0,3,1,2,0,Oui,,1.1,,1.1,Oui,2,Faible,Petits producteurs peu diversifiés,E15,48.2,True,0,0,0,0,0,1,0,1,1,0,0,1,0,0,0,0,0,0,0,0,0,0,0,0,0,0,0,0,0,1,0,0,0,0,0,0,0,0,1,1,1,0,0,1,0,1,0,0,0,0,0,0,0,0,0,0,0,0,0,0,1,1,0,0,0,0,0,0,0,0,0,0,0,0,1,0,1
747,2026-06-19,Beni,Malambo,Autres villages,Femme,26 à 35 ans,Ménage retourné,6 à 12 mois,,Non,,3,1,1,1,0,0,Non,Oui,,0.4,0.4,Oui,4,Modérée,Petits producteurs peu diversifiés,E15,43.5,True,0,0,0,0,0,1,0,1,1,0,0,1,0,0,0,0,0,0,0,0,0,0,0,0,0,0,0,0,0,1,0,0,0,0,0,0,0,0,1,1,1,0,0,0,1,1,0,0,0,0,0,0,0,0,0,0,0,0,0,0,1,0,0,1,0,0,1,0,0,1,0,1,1,0,1,0,0
748,2026-06-19,Beni,Malambo,Kihome,Femme,26 à 35 ans,Ménage retourné,plus de 2 ans,,Oui,Association,9,3,4,1,1,0,Oui,,0.25,,0.25,Oui,2,Faible,Maraîchers pomme de terre,E11,894.8,True,0,0,0,0,0,1,0,0,0,0,0,0,0,0,1,0,1,1,0,0,0,0,1,0,0,1,0,0,1,0,1,1,0,0,0,1,1,0,0,1,1,1,1,1,1,1,0,0,0,0,0,0,0,0,0,0,0,0,0,0,0,1,1,0,0,0,0,0,0,1,0,0,0,1,0,0,0
749,2026-06-19,Beni,Malambo,Hurara,Femme,26 à 35 ans,Ménage retourné,1 à 2 ans,,Non,,5,1,2,1,1,0,Oui,,0.8,,0.8,Oui,2,Faible,Petits producteurs peu diversifiés,E15,31.8,True,0,0,0,0,0,0,0,1,0,0,1,0,0,0,0,0,0,0,0,0,0,0,0,0,0,0,0,0,0,1,0,0,0,0,0,0,0,0,1,1,1,0,0,1,0,0,0,0,0,0,0,0,0,0,0,0,0,0,0,0,1,1,0,0,0,0,0,0,0,1,0,0,0,0,1,0,0
750,2026-06-19,Beni,Malambo,Hurara,Femme,18 à 25 ans,Ménage retourné,6 à 12 mois,,Non,,3,0,1,2,0,0,Oui,,0.35,,0.35,Oui,3,Modérée,Petits producteurs peu diversifiés,E15,24.2,True,0,0,0,0,0,1,0,1,1,0,1,0,0,0,0,0,0,0,0,0,0,0,0,0,0,0,0,0,0,1,0,0,0,0,0,0,0,0,1,0,0,0,1,1,0,1,0,0,0,0,0,0,0,0,0,0,0,0,0,0,1,1,0,0,0,0,0,0,0,1,0,0,1,0,1,0,0
751,2026-06-19,Beni,Lume,Mwangaza,Femme,18 à 25 ans,Ménage retourné,Moins de 6 mois,,Non,,5,0,2,3,0,0,Non,Oui,,0.05,0.05,Non,5,Élevée,Petits producteurs peu diversifiés,E07,771.1,True,0,0,0,0,0,0,0,1,0,0,1,0,0,0,0,0,0,0,0,0,0,0,0,0,0,0,0,0,0,0,0,0,0,0,0,1,0,0,0,1,1,0,0,1,0,0,0,0,0,0,0,0,0,0,0,0,0,0,0,1,0,0,0,1,0,0,0,1,0,1,0,1,1,0,1,1,0
752,2026-06-19,Beni,Malambo,Rughetsi,Homme,36 à 40 ans,Ménage retourné,1 à 2 ans,,Oui,Association,9,1,1,4,3,0,Oui,,1.0,,1.0,Oui,1,Faible,Riziculteurs diversifiés,E05,10.0,True,0,0,0,0,0,1,0,1,1,1,1,1,0,1,1,1,1,0,0,0,0,0,0,0,1,0,0,1,1,1,1,1,0,0,0,1,0,0,0,1,1,0,0,1,1,0,0,0,0,0,0,0,0,0,0,0,0,0,0,0,0,0,0,1,0,0,0,0,0,0,0,0,0,1,0,0,0
753,2026-06-19,Beni,Lume,Kivisire,Femme,36 à 40 ans,Ménage retourné,plus de 2 ans,,Oui,Association,4,0,1,2,1,0,Oui,,0.05,,0.05,Non,2,Faible,Petits producteurs peu diversifiés,E07,1320.2,True,0,0,0,0,0,0,0,1,0,0,0,0,0,0,0,0,0,0,0,0,0,0,0,0,0,0,0,0,0,0,0,0,0,0,0,1,0,0,0,1,1,0,0,1,0,0,0,0,0,0,0,0,0,0,0,0,0,0,0,0,1,1,0,0,0,0,0,0,0,1,0,0,0,0,0,1,0
754,2026-06-19,Beni,Malambo,Rughetsi,Femme,36 à 40 ans,Ménage retourné,1 à 2 ans,,Oui,Association,8,1,1,3,3,0,Oui,,0.5,,0.5,Oui,1,Faible,Riziculteurs diversifiés,E05,86.6,True,0,0,0,0,0,1,0,1,1,1,1,1,0,1,1,1,1,0,1,0,0,0,0,0,1,0,0,1,1,1,1,1,0,0,0,1,0,0,0,1,0,0,0,1,1,0,0,0,0,0,0,0,0,0,0,0,0,0,0,0,0,0,0,1,0,0,0,0,0,1,0,0,0,0,0,0,0
755,2026-06-19,Beni,Lume,Mwangaza,Homme,18 à 25 ans,Ménage retourné,1 à 2 ans,,Oui,Association,5,1,1,1,2,0,Oui,,0.4,,0.4,Non,0,Faible,Petits producteurs peu diversifiés,E07,1315.2,True,0,0,0,0,0,1,0,1,0,0,0,0,0,0,0,0,0,0,0,0,0,0,0,0,0,0,0,0,0,0,0,0,0,0,0,1,0,0,0,1,0,0,0,1,0,0,0,0,0,0,0,0,0,0,0,0,0,0,0,0,1,0,0,0,0,1,1,0,0,0,0,0,0,0,0,0,0
756,2026-06-19,Beni,Malambo,Hurara,Homme,18 à 25 ans,Famille d'accueil,,1,Non,,2,0,1,0,1,0,Non,Oui,,0.6,0.6,Oui,2,Faible,Petits producteurs peu diversifiés,E15,29.0,True,0,0,0,0,0,0,0,1,1,0,1,0,0,0,0,0,0,0,0,0,0,0,0,0,0,0,0,0,0,1,0,0,0,0,0,1,1,0,0,0,0,0,1,0,1,1,0,0,0,0,0,0,0,0,0,0,0,0,0,0,1,1,0,0,0,0,0,0,0,0,0,1,0,0,1,0,0
757,2026-06-19,Beni,Malambo,Rughetsi,Femme,26 à 35 ans,Ménage retourné,plus de 2 ans,,Oui,Association,5,1,1,2,1,0,Oui,,0.25,,0.25,Oui,1,Faible,Vivriers diversifiés + élevage,E03,1271.1,True,0,0,0,0,0,0,0,1,1,0,1,1,0,0,0,0,0,0,0,0,0,0,0,0,0,0,0,1,0,1,1,1,0,0,1,1,1,0,1,1,0,0,1,1,1,0,0,0,0,0,0,0,0,0,0,0,0,0,0,0,1,0,0,0,0,1,0,0,0,1,0,0,0,0,0,0,0
758,2026-06-19,Beni,Malambo,Hurara,Femme,18 à 25 ans,Ménage retourné,6 à 12 mois,,Oui,Association,3,0,2,1,0,0,Oui,,0.25,,0.25,Oui,2,Faible,Petits producteurs peu diversifiés,E15,13.4,True,0,0,0,0,0,1,0,1,1,0,0,0,0,0,0,0,0,0,0,0,0,0,0,0,0,0,0,1,0,1,0,0,0,0,0,1,1,0,0,1,1,0,0,1,1,1,0,0,0,0,0,0,0,0,0,0,0,0,0,0,1,0,0,1,0,0,1,0,0,1,0,0,1,0,0,0,0
759,2026-06-19,Beni,Malambo,Rughetsi,Femme,36 à 40 ans,Ménage retourné,1 à 2 ans,,Oui,Association,8,1,1,4,2,0,Oui,,0.4,,0.4,Oui,1,Faible,Vivriers diversifiés + élevage,E04,619.9,True,0,0,0,0,0,1,0,1,1,0,1,0,0,1,1,0,1,1,0,0,1,0,0,0,0,0,0,1,1,1,1,1,0,0,0,1,1,0,0,1,1,0,0,1,1,0,0,0,0,0,0,0,0,0,0,0,0,0,0,1,0,0,0,1,0,0,0,0,0,1,0,0,0,0,0,0,0
760,2026-06-19,Beni,Malambo,Rughetsi,Homme,36 à 40 ans,Ménage retourné,plus de 2 ans,,Oui,Association,7,1,2,2,2,0,Oui,,0.5,,0.5,Oui,0,Faible,Riziculteurs diversifiés,E03,1265.2,True,0,0,0,0,0,0,0,1,0,1,1,0,0,0,1,0,0,0,0,0,1,0,0,1,0,0,0,1,1,1,1,1,0,0,0,1,0,0,0,1,0,0,1,1,1,0,0,0,0,0,0,0,0,0,0,0,0,0,0,0,0,0,1,0,0,1,0,0,0,0,0,0,0,0,0,0,0
761,2026-06-19,Beni,Malambo,Hurara,Homme,Plus de 41 ans,Famille d'accueil,,2,Non,,6,1,2,1,2,0,Oui,,1.0,,1.0,Non,2,Faible,Petits producteurs peu diversifiés,E15,4.5,True,1,0,0,0,0,1,1,1,0,0,1,1,0,0,0,0,0,0,0,0,0,0,0,0,0,0,0,0,0,0,0,0,0,0,0,0,1,0,0,0,1,0,0,1,1,0,0,0,0,0,0,0,0,0,0,1,0,0,0,1,0,1,0,0,0,0,0,0,0,0,0,0,0,0,1,0,1
762,2026-06-19,Beni,Malambo,Rughetsi,Femme,26 à 35 ans,Ménage retourné,1 à 2 ans,,Oui,Association,6,1,1,2,2,0,Oui,,0.3,,0.3,Oui,1,Faible,Vivriers diversifiés + élevage,E04,613.5,True,0,0,0,0,0,1,0,1,1,0,0,0,0,1,1,0,1,1,0,0,1,0,0,1,0,0,0,1,1,1,1,1,0,0,0,1,1,0,0,1,1,0,0,1,1,0,0,0,0,0,0,0,0,0,0,0,0,0,0,1,1,0,0,1,0,0,0,0,0,1,0,0,0,0,0,0,0
763,2026-06-19,Beni,Malambo,Hurara,Homme,36 à 40 ans,Famille d'accueil,,1,Non,,2,1,1,0,0,0,Non,Oui,,0.5,0.5,Non,2,Faible,Petits producteurs peu diversifiés,E19,150.2,True,0,0,0,0,0,0,0,1,0,0,0,1,0,0,0,0,0,0,0,0,0,0,0,0,0,0,0,0,0,0,0,0,0,0,0,1,0,0,0,1,0,0,0,0,0,0,1,0,0,0,0,0,0,0,0,0,0,0,0,0,1,0,0,1,0,0,0,0,0,0,0,1,0,0,1,0,0
764,2026-06-19,Beni,Malambo,Rughetsi,Femme,26 à 35 ans,Ménage retourné,1 à 2 ans,,Non,,8,1,1,4,2,0,Oui,,1.0,,1.0,Oui,2,Faible,Vivriers diversifiés + élevage,E14,9.2,True,0,0,0,0,0,0,0,1,0,0,1,1,0,0,1,0,1,0,1,0,1,0,0,1,0,0,0,1,1,1,0,0,0,0,0,1,0,0,0,1,1,0,1,1,1,0,0,1,0,0,0,0,0,0,0,0,0,0,0,0,0,1,0,0,0,0,0,0,0,1,0,0,0,0,1,0,0
765,2026-06-19,Beni,Malambo,Rughetsi,Homme,18 à 25 ans,Ménage retourné,1 à 2 ans,,Oui,Association,5,1,1,1,2,0,Oui,,0.2,,0.2,Oui,1,Faible,Vivriers diversifiés + élevage,E04,603.0,True,0,0,0,0,0,1,0,1,1,0,0,1,0,1,1,0,1,1,0,0,1,0,0,0,0,0,0,1,1,1,1,1,0,0,0,1,1,0,0,1,1,0,0,1,1,0,0,0,0,0,0,0,0,0,0,0,0,0,0,1,0,0,0,1,0,0,0,0,0,0,0,0,0,0,0,1,0
766,2026-06-19,Beni,Malambo,Rughetsi,Homme,26 à 35 ans,Ménage retourné,Moins de 6 mois,,Non,,7,1,1,4,1,0,Non,Oui,,0.02,0.02,Oui,4,Modérée,Vivriers diversifiés + élevage,E01,9.4,True,0,0,0,0,0,1,0,1,1,0,1,1,0,1,0,1,0,0,0,0,0,0,0,0,0,0,0,1,0,1,1,1,0,0,0,1,1,0,0,1,1,0,1,1,1,0,0,0,1,1,1,0,0,1,0,0,0,0,0,0,0,0,0,0,1,0,0,0,0,0,0,1,1,0,1,1,0
767,2026-06-19,Beni,Malambo,Rughetsi,Homme,Plus de 41 ans,Ménage retourné,plus de 2 ans,,Oui,Association,8,2,2,2,2,0,Oui,,0.5,,0.5,Oui,0,Faible,Vivriers diversifiés + élevage,E03,1249.4,True,0,0,0,0,0,1,0,1,0,0,1,0,0,1,1,0,1,0,0,0,1,0,0,1,0,0,0,1,0,1,1,1,0,0,0,1,1,0,1,1,0,0,1,1,1,0,0,0,0,0,0,0,0,0,0,0,0,0,0,0,1,0,0,0,0,1,1,0,0,0,0,0,0,0,0,0,0
768,2026-06-19,Beni,Malambo,Rughetsi,Femme,18 à 25 ans,Autre (ni retourné ni accueil),,,Non,,5,1,1,2,1,0,Oui,,0.15,,0.15,Oui,3,Modérée,Petits producteurs peu diversifiés,E14,14.7,True,0,0,0,0,0,0,0,1,0,0,1,0,0,0,0,0,0,0,0,0,0,0,0,0,0,0,0,0,0,1,1,1,0,0,0,1,0,0,1,1,0,0,0,1,1,0,0,1,0,0,0,0,0,0,0,0,0,0,0,0,0,1,0,0,0,0,0,0,0,1,0,0,0,0,1,1,0
769,2026-06-19,Beni,Malambo,Rughetsi,Femme,26 à 35 ans,Ménage retourné,1 à 2 ans,,Oui,Association,7,1,1,3,2,0,Oui,,0.4,,0.4,Oui,1,Faible,Vivriers diversifiés + élevage,E04,594.8,True,0,0,0,0,0,1,0,1,1,0,1,1,0,1,0,0,0,0,0,0,0,0,0,0,0,0,0,1,1,1,0,0,0,0,0,1,1,0,0,1,1,0,0,1,1,0,0,0,0,0,0,0,0,0,0,0,0,0,0,1,0,0,0,1,0,0,0,0,0,1,0,0,0,0,0,0,0
770,2026-06-19,Beni,Malambo,Rughetsi,Homme,Plus de 41 ans,Ménage retourné,6 à 12 mois,,Non,,7,2,2,1,2,1,Oui,,1.0,,1.0,Oui,3,Modérée,Vivriers diversifiés + élevage,E01,9.2,True,0,0,1,0,0,1,1,1,1,0,1,1,0,1,0,1,0,0,0,0,0,0,0,0,0,0,0,0,0,1,1,1,0,1,0,1,1,0,1,1,1,0,1,1,1,0,0,1,0,0,1,0,1,1,0,0,0,0,0,0,0,0,0,0,0,0,0,0,0,0,1,0,1,0,1,0,0
771,2026-06-19,Beni,Malambo,Rughetsi,Homme,Plus de 41 ans,Ménage retourné,plus de 2 ans,,Oui,Association,8,1,2,3,2,1,Oui,,0.15,,0.15,Oui,2,Faible,Vivriers diversifiés + élevage,E03,1240.7,True,0,0,0,0,0,0,0,1,1,0,1,0,0,1,1,0,1,0,0,0,1,0,1,1,0,0,0,1,1,1,1,1,0,0,0,1,1,0,0,1,0,0,1,1,1,0,0,0,0,0,0,0,0,0,0,0,0,0,0,0,1,0,1,0,0,1,0,0,0,0,1,0,0,0,0,1,0
772,2026-06-19,Beni,Malambo,Rughetsi,Homme,36 à 40 ans,Ménage retourné,1 à 2 ans,,Oui,Association,11,1,1,1,8,0,Oui,,0.5,,0.5,Oui,1,Faible,Vivriers diversifiés + élevage,E04,584.5,True,0,0,0,0,0,0,0,1,1,0,1,1,1,1,0,0,0,0,0,0,0,0,0,0,0,0,0,1,1,1,0,0,0,0,0,1,1,0,0,1,1,0,0,1,1,0,0,0,1,0,0,0,0,0,0,0,0,0,0,1,0,0,0,1,0,0,0,0,0,0,0,0,0,1,0,0,0
773,2026-06-19,Beni,Malambo,Rughetsi,Homme,26 à 35 ans,Ménage retourné,Moins de 6 mois,,Oui,Association,5,1,1,2,1,1,Oui,,0.02,,0.02,Oui,3,Modérée,Vivriers diversifiés + élevage,E01,7.1,True,0,0,1,0,0,1,1,1,1,0,1,1,0,0,0,1,0,0,0,0,0,0,0,0,0,0,0,1,0,1,1,1,0,0,0,1,1,0,1,1,1,0,1,1,1,0,0,1,0,0,0,0,0,1,0,0,0,0,0,0,0,0,0,0,1,0,0,0,0,0,1,0,1,0,0,1,0
774,2026-06-19,Beni,Malambo,Rughetsi,Femme,18 à 25 ans,Autre (ni retourné ni accueil),,,Non,,5,2,1,1,1,1,Non,Oui,,0.15,0.15,Oui,5,Élevée,Petits producteurs peu diversifiés,E14,9.2,True,0,0,0,0,0,0,0,0,1,1,1,0,0,0,0,0,0,0,0,0,0,0,0,0,0,0,0,1,1,0,0,0,0,0,0,1,0,0,0,1,1,0,0,1,1,0,0,1,0,0,0,0,0,0,0,0,0,0,0,0,0,1,0,0,0,0,0,0,0,1,1,1,0,0,1,1,0
775,2026-06-19,Beni,Malambo,Rughetsi,Homme,36 à 40 ans,Ménage retourné,Moins de 6 mois,,Oui,Association,8,1,1,3,3,1,Oui,,1.0,,1.0,Oui,2,Faible,Vivriers diversifiés + élevage,E01,10.3,True,0,0,1,0,0,1,1,1,1,0,1,1,0,1,0,1,0,0,0,0,0,0,0,0,0,0,0,0,0,1,1,1,0,0,0,1,1,0,1,1,1,0,1,1,1,0,0,0,1,0,1,0,0,1,0,0,0,0,0,0,0,0,0,0,1,0,0,0,0,0,1,0,1,0,0,0,0
776,2026-06-19,Beni,Malambo,Rughetsi,Homme,36 à 40 ans,Ménage retourné,1 à 2 ans,,Oui,Association,8,1,1,4,2,0,Oui,,0.4,,0.4,Oui,0,Faible,Vivriers diversifiés + élevage,E04,574.2,True,0,0,0,0,0,0,0,1,1,0,1,1,0,1,0,0,0,0,0,0,0,0,0,0,0,0,0,1,1,1,0,0,0,0,0,1,1,0,0,1,1,0,0,1,1,0,0,0,0,0,0,0,0,0,0,0,0,0,0,1,0,0,0,1,0,0,0,0,0,0,0,0,0,0,0,0,0
777,2026-06-19,Beni,Malambo,Rughetsi,Homme,26 à 35 ans,Ménage retourné,plus de 2 ans,,Oui,Association,7,1,1,3,2,0,Oui,,0.4,,0.4,Oui,0,Faible,Vivriers diversifiés + élevage,E03,1239.2,True,0,0,0,0,0,1,0,1,0,0,1,0,0,1,1,0,0,0,0,0,1,0,1,1,0,0,0,1,0,1,1,1,0,0,0,1,1,0,0,1,1,0,0,1,1,0,0,0,0,0,0,0,0,0,0,0,0,0,0,0,1,0,0,0,0,0,0,0,0,0,0,0,0,0,0,0,0
778,2026-06-19,Beni,Malambo,Rughetsi,Femme,36 à 40 ans,Ménage retourné,1 à 2 ans,,Oui,Association,8,1,1,2,4,0,Oui,,0.4,,0.4,Oui,1,Faible,Vivriers diversifiés + élevage,E04,567.8,True,0,0,0,0,0,1,0,1,1,0,1,0,0,1,0,0,0,0,0,0,0,0,0,0,0,0,0,1,1,1,0,0,0,0,0,1,1,0,0,1,1,0,0,1,1,0,0,0,0,0,0,0,0,0,0,0,0,0,0,0,1,0,0,1,0,0,0,0,0,1,0,0,0,0,0,0,0
779,2026-06-19,Beni,Malambo,Rughetsi,Homme,18 à 25 ans,Ménage retourné,Moins de 6 mois,,Oui,Association,15,2,3,5,5,0,Non,Oui,,0.5,0.5,Oui,3,Modérée,Vivriers diversifiés + élevage,E01,9.8,True,0,0,0,0,0,1,0,1,1,0,1,1,0,1,0,1,0,0,0,0,0,0,0,0,0,0,0,1,0,1,1,1,0,0,0,1,1,0,1,1,1,0,1,1,1,0,1,1,1,0,1,0,1,1,0,0,0,0,0,0,0,0,0,0,1,0,0,0,0,0,0,1,1,1,0,0,0
780,2026-06-19,Beni,Malambo,Rughetsi,Homme,36 à 40 ans,Ménage retourné,1 à 2 ans,,Oui,Association,10,1,1,4,4,0,Oui,,0.5,,0.5,Oui,1,Faible,Riziculteurs diversifiés,E05,9.7,True,0,0,0,0,0,1,0,1,1,1,1,1,0,1,0,1,0,0,0,0,0,0,0,0,0,0,0,1,1,1,0,0,0,0,0,1,0,0,0,1,1,0,0,1,1,0,0,0,0,0,0,0,0,0,0,0,0,0,0,0,0,0,0,1,0,0,0,0,0,0,0,0,0,1,0,0,0
781,2026-06-19,Beni,Malambo,Rughetsi,Femme,Plus de 41 ans,Ménage retourné,plus de 2 ans,,Oui,Organisation Paysanne,9,4,1,2,2,0,Non,Oui,,0.25,0.25,Oui,3,Modérée,Petits producteurs peu diversifiés,E03,1229.3,True,0,0,0,0,0,1,0,1,0,0,1,0,0,0,1,0,1,0,0,0,1,0,0,0,0,0,0,1,0,1,1,0,0,1,0,1,0,0,1,1,0,0,1,1,1,0,0,0,0,0,0,0,0,0,0,0,0,0,0,0,0,0,0,0,0,1,1,0,0,1,0,1,0,1,0,0,0
782,2026-06-19,Beni,Malambo,Autres villages,Femme,26 à 35 ans,Ménage retourné,1 à 2 ans,,Non,,3,1,2,0,0,0,Non,Oui,,0.3,0.3,Oui,3,Modérée,Petits producteurs peu diversifiés,E15,97.6,True,0,0,0,0,0,1,0,1,0,0,1,0,0,0,0,0,0,0,0,0,0,0,0,0,0,0,0,1,0,0,0,0,0,0,0,1,0,0,0,1,0,0,0,1,0,0,0,0,0,0,0,0,0,0,0,0,0,0,0,0,1,1,0,0,0,0,0,0,0,1,0,1,0,0,1,0,0
783,2026-06-19,Beni,Malambo,Rughetsi,Femme,36 à 40 ans,Ménage retourné,1 à 2 ans,,Oui,Association,10,1,1,3,5,0,Oui,,0.3,,0.3,Non,2,Faible,Petits producteurs peu diversifiés,E04,557.0,True,0,0,0,0,0,1,0,1,1,0,1,1,0,1,0,0,0,0,0,0,0,0,0,0,0,0,0,0,0,0,0,0,0,0,0,1,1,0,0,1,1,0,0,1,1,0,0,0,0,0,0,0,0,0,0,0,0,0,0,1,0,0,0,1,0,0,0,0,0,1,0,0,0,1,0,0,0
784,2026-06-19,Beni,Malambo,Rughetsi,Homme,18 à 25 ans,Ménage retourné,Moins de 6 mois,,Non,,7,1,1,3,2,0,Non,Oui,,0.03,0.03,Oui,4,Modérée,Vivriers diversifiés + élevage,E01,7.3,True,0,0,0,0,0,1,0,1,1,0,1,1,1,0,0,1,0,0,0,0,0,0,0,0,0,0,0,1,0,1,1,1,0,0,0,1,1,0,1,1,1,0,1,1,1,0,0,1,1,1,1,0,0,1,0,0,0,0,0,0,0,0,0,0,1,0,0,0,0,0,0,1,1,0,1,1,0
785,2026-06-19,Beni,Malambo,Hurara,Femme,26 à 35 ans,Ménage retourné,Moins de 6 mois,,Non,,3,1,1,0,1,0,Oui,,0.6,,0.6,Oui,3,Modérée,Petits producteurs peu diversifiés,E15,92.2,True,0,0,0,0,0,1,0,1,1,0,0,0,0,0,0,0,0,0,0,0,0,0,0,0,0,0,0,0,0,1,0,0,0,0,0,1,0,0,0,1,0,0,0,1,1,0,0,0,0,0,0,0,0,0,0,0,0,0,0,0,0,1,0,0,0,0,0,0,0,1,0,0,1,0,1,0,0
786,2026-06-19,Beni,Malambo,Rughetsi,Femme,26 à 35 ans,Ménage retourné,1 à 2 ans,,Oui,Association,8,1,1,3,3,0,Oui,,0.5,,0.5,Oui,1,Faible,Riziculteurs diversifiés,E05,7.4,True,0,0,0,0,0,1,0,1,1,1,1,1,0,1,1,1,1,0,0,0,0,0,0,0,1,0,0,1,1,1,1,1,0,0,0,1,0,0,0,1,1,0,0,1,1,0,0,0,0,0,0,0,0,0,0,0,0,0,0,0,0,0,0,1,0,0,0,0,0,1,0,0,0,0,0,0,0
787,2026-06-19,Beni,Malambo,Rughetsi,Femme,Plus de 41 ans,Ménage retourné,1 à 2 ans,,Oui,Association,12,1,1,5,5,0,Oui,,0.4,,0.4,Oui,2,Faible,Vivriers diversifiés + élevage,E04,550.6,True,0,0,0,0,0,1,0,1,1,0,1,1,0,1,0,0,0,0,0,0,0,0,0,0,0,0,0,1,1,1,0,0,0,0,0,1,1,0,0,1,1,0,0,1,1,0,0,0,0,0,0,0,0,0,0,0,0,0,0,0,1,0,0,1,0,0,0,0,0,1,0,0,0,1,0,0,0
788,2026-06-19,Beni,Malambo,Hurara,Homme,26 à 35 ans,Ménage retourné,1 à 2 ans,,Non,,5,2,,3,0,0,Oui,,0.8,,0.8,Oui,1,Faible,Petits producteurs peu diversifiés,E15,87.9,True,0,0,0,0,0,1,0,1,0,0,0,1,0,0,0,0,0,0,0,0,0,0,0,0,0,0,0,0,0,1,0,0,0,0,0,1,0,0,0,1,0,0,0,0,1,0,1,0,0,0,0,0,0,0,0,0,0,0,0,1,0,0,0,0,0,0,0,0,0,0,0,0,0,0,1,0,0
789,2026-06-19,Beni,Malambo,Rughetsi,Homme,18 à 25 ans,Ménage retourné,Moins de 6 mois,,Oui,Association,14,2,3,3,6,0,Oui,,0.4,,0.4,Oui,2,Faible,Vivriers diversifiés + élevage,E01,10.9,True,0,0,0,0,0,0,0,1,1,0,1,1,0,0,1,1,1,1,1,0,1,0,0,1,1,0,0,1,0,1,1,1,0,0,0,1,1,0,1,1,1,0,1,1,1,0,1,1,0,0,1,0,0,0,0,0,0,0,0,0,0,0,0,0,1,0,0,0,0,0,0,0,1,1,0,0,0
790,2026-06-19,Beni,Malambo,Rughetsi,Femme,36 à 40 ans,Ménage retourné,1 à 2 ans,,Oui,Association,8,0,1,5,2,0,Oui,,0.3,,0.3,Oui,1,Faible,Vivriers diversifiés + élevage,E04,544.9,True,0,0,0,0,0,0,0,1,1,0,1,1,0,1,0,0,0,0,0,0,0,0,0,0,0,0,0,1,0,1,1,0,0,1,0,1,1,0,0,1,1,0,0,1,1,0,0,0,0,0,0,0,0,0,0,0,0,1,0,1,0,0,0,1,0,0,0,0,0,1,0,0,0,0,0,0,0
791,2026-06-19,Beni,Malambo,Rughetsi,Homme,36 à 40 ans,Ménage retourné,1 à 2 ans,,Oui,Association,8,1,1,3,3,0,Oui,,0.5,,0.5,Oui,0,Faible,Riziculteurs diversifiés,E05,17.2,True,0,0,0,0,0,1,0,1,1,1,1,1,0,1,1,1,1,0,1,1,0,0,0,0,1,0,0,1,1,1,1,1,0,0,0,1,0,0,0,1,1,0,0,1,1,0,0,0,0,0,0,0,0,0,0,0,0,0,0,0,0,0,0,1,0,0,0,0,0,0,0,0,0,0,0,0,0
792,2026-06-19,Beni,Malambo,Hurara,Homme,36 à 40 ans,Ménage retourné,6 à 12 mois,,Non,,6,2,1,2,1,0,Oui,,1.0,,1.0,Oui,2,Faible,Petits producteurs peu diversifiés,E15,81.1,True,0,0,0,0,0,1,0,1,0,0,0,1,0,0,0,0,0,0,0,0,0,0,0,0,0,0,0,1,0,0,0,0,0,0,0,1,0,0,0,1,1,0,0,0,0,0,1,0,0,0,0,0,0,0,0,0,0,1,1,1,0,0,0,0,0,0,0,0,0,0,0,0,1,0,1,0,0
793,2026-06-19,Beni,Malambo,Rughetsi,Homme,18 à 25 ans,Ménage retourné,Moins de 6 mois,,Oui,Association,8,1,1,4,2,0,Oui,,0.4,,0.4,Oui,1,Faible,Vivriers diversifiés + élevage,E01,6.9,True,0,0,0,0,0,1,0,1,1,0,1,1,0,1,1,1,1,1,1,1,0,0,0,1,1,0,0,1,1,0,1,1,0,0,0,1,1,0,1,1,1,0,1,1,1,0,0,1,1,0,1,0,1,1,0,0,0,0,0,0,0,0,0,0,1,0,0,0,0,0,0,0,1,0,0,0,0
794,2026-06-19,Beni,Malambo,Rughetsi,Femme,26 à 35 ans,Ménage retourné,1 à 2 ans,,Oui,Association,8,1,1,1,5,0,Oui,,0.3,,0.3,Oui,1,Faible,Vivriers diversifiés + élevage,E04,536.0,True,0,0,0,0,0,1,0,1,1,0,0,1,0,1,1,0,0,0,0,0,0,0,0,1,1,0,0,1,0,0,0,0,0,0,0,1,1,0,0,1,1,0,0,1,1,0,0,0,0,0,0,0,0,0,0,0,0,0,0,1,0,0,0,1,0,0,0,0,0,1,0,0,0,0,0,0,0
795,2026-06-19,Beni,Malambo,Hurara,Femme,26 à 35 ans,Ménage retourné,1 à 2 ans,,Non,,2,1,1,0,0,0,Non,Oui,,1.2,1.2,Oui,3,Modérée,Petits producteurs peu diversifiés,E15,73.1,True,0,0,0,0,0,0,0,1,1,0,0,0,0,0,0,0,0,0,0,0,0,0,0,0,0,0,0,1,0,1,0,0,0,0,0,0,0,0,0,1,1,0,0,1,1,0,0,0,0,0,0,0,0,0,0,0,0,0,0,0,1,0,0,1,0,0,1,0,0,1,0,1,0,0,1,0,0
796,2026-06-19,Beni,Malambo,Rughetsi,Femme,18 à 25 ans,Ménage retourné,plus de 2 ans,,Oui,Association,8,3,1,2,2,0,Non,Oui,,0.2,0.2,Non,3,Modérée,Petits producteurs peu diversifiés,E03,1268.7,True,0,0,0,0,0,1,0,1,1,0,1,1,0,0,0,0,0,0,0,0,0,0,0,0,0,0,0,0,0,0,0,0,0,0,0,1,0,0,0,1,0,0,0,1,1,0,0,0,0,0,0,0,0,0,0,0,0,0,0,0,0,0,0,0,0,1,0,0,0,1,0,1,0,0,0,1,0
797,2026-06-19,Beni,Malambo,Rughetsi,Homme,18 à 25 ans,Ménage retourné,Moins de 6 mois,,Oui,Association,9,4,1,,4,1,Oui,,0.03,,0.03,Oui,4,Modérée,Vivriers diversifiés + élevage,E01,11.5,True,0,0,1,0,0,1,1,1,1,0,1,1,0,1,0,1,0,0,0,0,0,0,0,0,0,0,0,1,0,1,1,1,1,0,0,1,1,0,1,1,1,0,1,1,1,0,0,1,0,0,1,0,0,1,0,0,0,0,0,0,0,0,0,0,1,0,0,0,0,0,1,0,1,1,0,1,0
798,2026-06-19,Beni,Malambo,Rughetsi,Femme,Plus de 41 ans,Ménage retourné,1 à 2 ans,,Oui,Association,7,1,1,2,3,1,Oui,,0.3,,0.3,Oui,2,Faible,Vivriers diversifiés + élevage,E04,528.8,True,0,0,0,0,0,1,0,1,1,0,0,1,0,1,1,0,1,1,0,0,0,0,0,0,0,0,0,1,1,1,0,0,0,0,0,1,1,0,0,1,1,0,0,1,1,0,0,0,0,0,0,0,0,0,0,0,0,0,0,1,0,0,0,1,0,0,0,0,0,1,1,0,0,0,0,0,0
799,2026-06-19,Beni,Malambo,Rughetsi,Homme,Plus de 41 ans,Ménage retourné,1 à 2 ans,,Oui,Association,6,1,1,2,2,0,Oui,,0.3,,0.3,Oui,0,Faible,Riziculteurs diversifiés,E05,15.4,True,0,0,0,0,0,0,0,1,1,1,1,1,0,1,0,1,0,0,0,0,0,0,0,0,0,0,0,1,1,1,1,1,0,0,0,1,0,0,0,1,1,0,0,1,1,0,0,0,0,0,0,0,0,0,0,0,0,0,0,0,0,0,0,1,0,0,0,0,0,0,0,0,0,0,0,0,0
800,2026-06-19,Beni,Malambo,Hurara,Femme,36 à 40 ans,Ménage retourné,6 à 12 mois,,Non,,5,,,,,0,Oui,,0.9,,0.9,Non,3,Modérée,Petits producteurs peu diversifiés,E20,65.0,True,0,0,0,0,0,0,0,1,1,0,0,1,0,0,0,0,0,0,0,0,0,0,0,0,0,0,0,0,0,0,0,0,0,0,0,0,1,0,0,0,0,1,0,0,0,0,0,0,0,0,0,0,0,0,0,0,0,0,0,0,1,1,0,0,0,0,0,0,0,1,0,0,1,0,1,0,0
801,2026-06-19,Beni,Malambo,Rughetsi,Femme,Plus de 41 ans,Ménage retourné,1 à 2 ans,,Oui,Association,4,1,1,1,1,0,Oui,,0.3,,0.3,Oui,1,Faible,Vivriers diversifiés + élevage,E04,522.0,True,0,0,0,0,0,0,0,1,0,0,1,1,0,0,1,0,1,1,0,0,0,0,0,0,0,0,0,1,1,1,0,0,0,0,0,1,1,0,0,1,1,0,0,1,1,0,0,0,0,0,0,0,0,0,0,0,0,0,0,1,0,0,0,1,0,0,0,0,0,1,0,0,0,0,0,0,0
802,2026-06-19,Beni,Malambo,Rughetsi,Homme,18 à 25 ans,Ménage retourné,Moins de 6 mois,,Oui,Association,7,1,1,1,4,0,Oui,,1.0,,1.0,Oui,1,Faible,Vivriers diversifiés + élevage,E01,8.8,True,0,0,0,0,0,1,0,1,1,0,1,1,0,1,0,1,0,0,0,0,0,0,0,0,0,0,0,1,0,1,1,1,0,1,0,1,1,0,1,1,1,0,1,1,1,0,0,1,1,0,1,0,0,1,0,0,0,0,0,0,0,0,0,0,1,0,0,0,0,0,0,0,1,0,0,0,0
803,2026-06-19,Beni,Malambo,Rughetsi,Homme,Plus de 41 ans,Ménage retourné,1 à 2 ans,,Oui,Association,10,1,1,4,4,0,Oui,,0.4,,0.4,Oui,1,Faible,Vivriers diversifiés + élevage,E04,515.3,True,0,0,0,0,0,0,0,1,1,0,1,1,0,1,0,0,0,0,0,0,0,0,0,0,0,0,0,1,0,0,0,0,0,0,0,1,1,0,0,1,1,0,0,1,1,0,0,0,0,0,0,0,0,0,0,0,0,0,0,0,1,0,0,1,0,0,0,0,0,0,0,0,0,1,0,0,0
804,2026-06-19,Beni,Malambo,Rughetsi,Femme,36 à 40 ans,Ménage retourné,1 à 2 ans,,Oui,Association,10,1,1,4,4,0,Oui,,0.5,,0.5,Oui,2,Faible,Riziculteurs diversifiés,E05,43.8,True,0,0,0,0,0,1,0,1,1,1,1,1,0,1,0,1,0,0,0,0,0,0,0,0,0,0,0,1,1,1,1,1,0,0,0,1,0,0,0,1,1,0,0,1,1,0,0,0,0,0,0,0,0,0,0,0,0,0,0,0,0,0,0,1,0,0,0,0,0,1,0,0,0,1,0,0,0
805,2026-06-19,Beni,Malambo,Rughetsi,Homme,26 à 35 ans,Ménage retourné,plus de 2 ans,,Oui,Association,6,3,1,2,0,1,Non,Oui,,0.5,0.5,Oui,2,Faible,Vivriers diversifiés + élevage,E03,1251.0,True,0,0,0,0,0,0,0,1,1,0,1,1,0,1,1,0,1,0,0,0,1,0,0,0,1,0,0,1,1,1,1,1,0,0,0,1,1,0,0,1,0,0,1,1,1,0,0,0,0,0,0,0,0,0,0,0,0,0,0,0,1,0,0,1,0,0,1,0,0,0,1,1,0,0,0,0,0
806,2026-06-19,Beni,Malambo,Rughetsi,Homme,18 à 25 ans,Ménage retourné,Moins de 6 mois,,Non,,11,1,1,5,4,0,Non,Oui,,0.05,0.05,Oui,5,Élevée,Vivriers diversifiés + élevage,E01,8.2,True,0,0,0,0,0,1,0,1,1,0,1,1,0,1,0,1,0,0,0,0,0,0,0,0,0,0,0,1,0,1,1,1,0,0,0,1,1,0,1,1,1,0,1,1,1,0,0,1,1,1,1,0,0,1,0,0,0,0,0,0,0,0,0,0,1,0,0,0,0,0,0,1,1,1,1,1,0
807,2026-06-19,Beni,Malambo,Rughetsi,Homme,Plus de 41 ans,Ménage retourné,1 à 2 ans,,Oui,Association,11,4,3,2,2,0,Oui,,0.3,,0.3,Non,1,Faible,Petits producteurs peu diversifiés,E04,504.8,True,0,0,0,0,0,1,0,1,1,1,1,1,0,1,0,0,0,0,0,0,0,0,0,0,0,0,0,0,0,0,0,0,0,0,0,1,1,0,0,1,1,0,0,1,1,0,0,0,0,0,0,0,0,0,0,0,0,0,0,1,0,0,0,1,0,0,0,0,0,0,0,0,0,1,0,0,0
808,2026-06-19,Beni,Malambo,Autres villages,Femme,26 à 35 ans,Ménage retourné,plus de 2 ans,,Oui,Association,10,3,3,2,2,1,Oui,,0.25,,0.25,Oui,3,Modérée,Vivriers diversifiés + élevage,E03,1246.6,True,0,0,0,0,0,1,0,1,1,0,1,0,0,0,0,1,0,0,0,0,0,0,0,0,0,0,0,1,0,1,0,0,0,0,0,1,0,0,0,1,0,0,0,1,0,0,0,0,0,0,0,0,0,0,0,0,0,0,0,0,1,0,1,0,0,1,0,0,0,1,1,0,0,1,0,0,0
809,2026-06-19,Beni,Malambo,Rughetsi,Homme,18 à 25 ans,Ménage retourné,Moins de 6 mois,,Oui,Association,6,1,1,1,3,0,Oui,,0.5,,0.5,Oui,1,Faible,Vivriers diversifiés + élevage,E01,5.8,True,0,0,0,0,0,0,0,1,1,0,1,1,1,1,0,1,0,0,0,0,0,0,0,0,0,0,0,1,0,1,1,1,1,0,0,1,1,0,1,1,1,0,1,1,1,0,0,1,1,1,1,0,0,1,0,0,0,0,0,0,0,0,0,0,1,0,0,0,0,0,0,0,1,0,0,0,0
810,2026-06-19,Beni,Malambo,Rughetsi,Homme,18 à 25 ans,Ménage retourné,6 à 12 mois,,Oui,Association,7,1,1,3,2,0,Oui,,0.6,,0.6,Oui,1,Faible,Vivriers diversifiés + élevage,E01,8.8,True,0,0,0,0,0,1,0,1,1,0,1,1,0,1,0,1,0,0,0,0,0,0,0,0,0,0,0,1,0,1,1,1,0,1,0,1,1,0,1,1,1,0,1,1,1,0,0,1,1,1,1,0,0,1,0,0,0,0,0,0,0,0,0,0,1,0,0,0,0,0,0,0,1,0,0,0,0
811,2026-06-19,Beni,Malambo,Rughetsi,Femme,18 à 25 ans,Ménage retourné,1 à 2 ans,,Oui,Association,8,1,,3,4,0,Oui,,0.3,,0.3,Oui,1,Faible,Vivriers diversifiés + élevage,E04,495.1,True,0,0,1,0,0,1,1,1,1,0,1,1,0,1,0,0,0,0,0,0,0,0,0,0,0,0,0,1,0,1,0,0,0,0,0,1,1,0,0,1,1,0,0,1,1,0,0,0,0,0,0,0,0,0,0,0,0,0,0,0,1,0,0,1,0,0,0,0,0,1,0,0,0,0,0,0,0
812,2026-06-19,Beni,Malambo,Rughetsi,Femme,Plus de 41 ans,Ménage retourné,plus de 2 ans,,Oui,Association,9,4,2,1,2,1,Oui,,0.3,,0.3,Oui,3,Modérée,Vivriers diversifiés + élevage,E03,1699.4,True,0,0,0,0,0,1,0,1,0,0,1,0,0,1,1,0,0,0,1,0,0,0,0,1,0,0,0,1,0,1,1,1,0,0,0,1,1,0,0,1,0,0,1,1,0,0,0,0,0,0,0,0,0,0,0,0,0,0,0,0,1,0,1,0,0,0,0,0,0,1,1,0,0,1,0,0,0
813,2026-06-19,Beni,Malambo,Kihome,Homme,Plus de 41 ans,Ménage retourné,plus de 2 ans,,Oui,Autres,8,4,2,1,1,0,Oui,,3.0,,3.0,Oui,0,Faible,Vivriers diversifiés + élevage,E11,693.7,True,0,0,0,0,0,0,0,1,1,0,1,1,0,1,1,1,0,0,0,0,0,0,1,0,0,0,0,1,1,1,1,1,1,0,0,1,1,0,0,1,1,1,1,1,1,1,1,0,0,0,0,0,0,0,0,0,0,0,0,0,0,1,1,0,0,0,0,0,0,0,0,0,0,0,0,0,0
814,2026-06-19,Beni,Malambo,Rughetsi,Femme,36 à 40 ans,Ménage retourné,1 à 2 ans,,Oui,Association,12,1,1,7,3,0,Oui,,0.3,,0.3,Oui,2,Faible,Vivriers diversifiés + élevage,E04,489.0,True,0,0,0,0,0,1,0,1,1,0,1,1,0,1,0,0,0,0,0,0,0,0,0,0,0,0,0,1,0,1,0,0,0,0,0,1,1,0,0,1,1,0,0,1,1,0,0,0,0,0,0,0,0,0,0,0,0,0,0,1,0,0,0,1,0,0,0,0,0,1,0,0,0,1,0,0,0
815,2026-06-19,Beni,Malambo,Rughetsi,Homme,18 à 25 ans,Ménage retourné,Moins de 6 mois,,Oui,Association,8,1,1,3,3,0,Non,Oui,,0.04,0.04,Oui,3,Modérée,Vivriers diversifiés + élevage,E01,8.7,True,0,0,0,0,0,1,0,1,1,0,1,1,0,1,0,1,0,0,0,0,0,0,0,0,0,0,0,1,0,1,1,0,0,0,0,1,1,0,1,1,1,0,1,1,1,0,0,1,1,1,1,0,1,1,0,0,0,0,0,0,0,0,0,0,1,0,0,0,0,0,0,1,1,0,0,1,0
816,2026-06-19,Beni,Malambo,Rughetsi,Homme,36 à 40 ans,Ménage retourné,1 à 2 ans,,Oui,Association,8,1,1,3,3,0,Oui,,0.4,,0.4,Non,0,Faible,Petits producteurs peu diversifiés,E04,481.7,True,0,0,0,0,0,1,0,1,1,0,1,1,0,1,0,0,0,0,0,0,0,0,0,0,0,0,0,0,0,0,0,0,0,0,0,1,1,0,0,1,1,0,0,1,1,0,0,0,0,0,0,0,0,0,0,0,0,0,0,1,0,0,0,1,0,0,0,0,0,0,0,0,0,0,0,0,0
817,2026-06-19,Beni,Malambo,Hurara,Femme,36 à 40 ans,Ménage retourné,6 à 12 mois,,Non,,9,2,2,3,2,0,Non,Oui,,1.0,1.0,Oui,5,Élevée,Petits producteurs peu diversifiés,E15,15.3,True,0,0,0,0,0,1,0,1,0,0,0,1,0,0,0,0,0,0,0,0,0,0,0,0,0,0,0,0,0,1,0,0,0,0,0,1,0,0,0,1,1,0,0,0,1,1,0,0,0,0,0,0,0,0,0,0,0,0,0,0,1,1,0,0,0,0,0,0,0,1,0,1,1,1,1,0,0
818,2026-06-19,Beni,Malambo,Rughetsi,Homme,18 à 25 ans,Ménage retourné,Moins de 6 mois,,Oui,Association,6,1,1,2,2,0,Non,Oui,,0.5,0.5,Oui,2,Faible,Vivriers diversifiés + élevage,E01,6.0,True,0,0,0,0,0,1,0,1,1,0,1,1,0,1,0,1,0,0,0,0,0,0,0,0,0,0,0,1,0,1,1,1,0,0,0,1,1,0,1,1,1,0,1,1,1,0,0,1,1,1,1,0,0,1,0,0,0,0,0,0,0,0,0,0,1,0,0,0,0,0,0,1,1,0,0,0,0
819,2026-06-19,Beni,Malambo,Rughetsi,Homme,18 à 25 ans,Ménage retourné,Moins de 6 mois,,Oui,Association,6,1,1,1,3,0,Oui,,0.6,,0.6,Oui,1,Faible,Vivriers diversifiés + élevage,E01,8.3,True,0,0,0,0,0,1,0,1,1,0,1,1,0,1,0,1,0,0,0,0,0,0,0,0,0,0,0,1,0,1,1,1,0,1,0,1,1,0,1,1,1,0,1,1,1,0,0,1,1,1,1,0,0,1,0,0,0,0,0,0,0,0,0,0,1,0,0,0,0,0,0,0,1,0,0,0,0
820,2026-06-19,Beni,Malambo,Rughetsi,Homme,Plus de 41 ans,Ménage retourné,1 à 2 ans,,Oui,Association,10,1,1,5,3,0,Oui,,0.5,,0.5,Oui,1,Faible,Riziculteurs diversifiés,E05,8.0,True,0,0,0,0,0,0,0,1,1,1,1,1,1,1,1,1,1,0,1,1,0,0,0,0,1,0,0,1,1,1,1,1,1,0,0,1,0,0,0,1,1,0,0,1,1,0,0,0,0,0,0,0,0,0,0,0,0,0,0,0,0,0,0,1,0,0,0,0,0,0,0,0,0,1,0,0,0
821,2026-06-19,Beni,Malambo,Rughetsi,Femme,Plus de 41 ans,Ménage retourné,1 à 2 ans,,Oui,Association,8,4,4,0,0,1,Non,Oui,,0.25,0.25,Oui,3,Modérée,Vivriers diversifiés + élevage,E03,1673.4,True,0,0,0,0,0,1,0,1,1,0,1,0,0,1,0,0,0,0,0,0,0,0,0,0,0,0,0,1,0,1,0,0,0,0,0,0,1,0,0,0,1,1,1,1,0,0,0,0,0,0,0,0,0,0,0,0,0,0,0,0,1,0,1,0,0,0,0,0,0,1,1,1,0,0,0,0,0
822,2026-06-19,Beni,Malambo,Rughetsi,Homme,18 à 25 ans,Ménage retourné,Moins de 6 mois,,Oui,Association,9,2,2,3,2,0,Oui,,0.04,,0.04,Oui,3,Modérée,Vivriers diversifiés + élevage,E01,9.0,True,0,0,0,0,0,0,0,1,1,0,1,1,0,1,0,1,0,0,0,0,0,0,0,0,0,0,0,1,0,1,1,1,1,0,0,1,1,0,1,1,1,0,1,1,1,0,0,1,1,1,1,0,0,1,0,0,0,0,0,0,0,0,0,0,1,0,0,0,0,0,0,0,1,1,0,1,0
823,2026-06-19,Beni,Malambo,Hurara,Femme,26 à 35 ans,Ménage retourné,1 à 2 ans,,Non,,3,1,1,1,0,0,Non,Oui,,0.45,0.45,Oui,3,Modérée,Petits producteurs peu diversifiés,E15,36.6,True,0,0,0,0,0,1,0,1,0,0,1,1,0,0,0,0,0,0,0,0,0,0,0,0,0,0,0,0,0,1,0,0,0,0,0,1,0,0,0,1,1,0,0,0,0,0,1,0,0,0,0,0,0,0,0,0,0,0,0,0,1,1,0,1,0,0,0,0,0,1,0,1,0,0,1,0,0
824,2026-06-19,Beni,Malambo,Rughetsi,Homme,26 à 35 ans,Ménage retourné,1 à 2 ans,,Oui,Association,4,1,1,2,0,0,Oui,,0.2,,0.2,Oui,1,Faible,Riziculteurs diversifiés,E05,9.8,True,0,0,0,0,0,0,0,1,1,1,0,1,1,1,0,1,0,0,0,0,0,0,0,0,0,0,0,1,1,1,1,1,0,0,0,1,0,0,0,1,1,0,0,1,1,0,0,0,0,0,0,0,0,0,0,0,0,0,0,0,0,0,0,1,0,0,0,0,0,0,0,0,0,0,0,1,0
825,2026-06-19,Beni,Malambo,Rughetsi,Femme,26 à 35 ans,Ménage retourné,1 à 2 ans,,Oui,Association,8,1,1,3,3,0,Oui,,0.4,,0.4,Oui,1,Faible,Vivriers diversifiés + élevage,E04,458.0,True,0,0,0,0,0,0,0,1,1,0,1,1,0,1,0,0,0,0,0,0,0,0,0,0,0,0,0,0,0,0,1,1,0,0,0,1,1,0,0,1,1,0,0,1,1,0,0,0,0,0,0,0,0,0,0,0,0,0,0,0,1,0,0,1,0,0,0,0,0,1,0,0,0,0,0,0,0
826,2026-06-19,Beni,Malambo,Hurara,Femme,26 à 35 ans,Ménage retourné,6 à 12 mois,,Non,,4,1,1,1,1,0,Oui,,0.6,,0.6,Non,3,Modérée,Petits producteurs peu diversifiés,E15,28.7,True,0,0,0,0,0,1,0,1,1,0,0,1,0,0,0,0,0,0,0,0,0,0,0,0,0,0,0,0,0,0,0,0,0,0,0,1,0,0,0,1,0,0,0,1,1,0,0,0,0,0,0,0,0,0,0,0,0,0,0,0,1,1,0,0,0,0,0,0,0,1,0,0,1,0,1,0,0
827,2026-06-19,Beni,Malambo,Rughetsi,Homme,18 à 25 ans,Ménage retourné,Moins de 6 mois,,Oui,Association,9,4,3,1,1,2,Oui,,0.5,,0.5,Oui,3,Modérée,Vivriers diversifiés + élevage,E01,7.8,True,0,0,1,0,0,1,1,1,1,0,0,1,0,1,0,1,0,0,0,0,0,0,0,0,0,0,0,1,0,1,1,1,1,0,0,1,1,0,1,1,1,0,1,1,1,0,0,0,1,1,0,0,0,1,0,0,0,0,0,0,0,0,0,0,1,0,0,0,0,0,1,0,1,1,0,0,0
828,2026-06-19,Beni,Malambo,Rughetsi,Femme,36 à 40 ans,Ménage retourné,1 à 2 ans,,Oui,Association,8,1,1,3,3,0,Oui,,0.3,,0.3,Oui,1,Faible,Vivriers diversifiés + élevage,E04,451.8,True,0,0,0,0,0,0,0,1,1,0,1,1,0,1,0,0,0,0,0,0,0,0,0,0,0,0,0,1,0,1,0,0,0,0,0,1,1,0,0,1,1,0,0,1,1,0,0,0,0,0,0,0,0,0,0,0,0,0,0,1,0,0,0,1,0,0,0,0,0,1,0,0,0,0,0,0,0
829,2026-06-19,Beni,Malambo,Rughetsi,Femme,18 à 25 ans,Ménage retourné,1 à 2 ans,,Oui,Association,4,1,1,0,2,0,Non,Oui,,0.15,0.15,Oui,3,Modérée,Vivriers diversifiés + élevage,E03,1661.3,True,0,0,0,0,0,1,0,1,1,0,0,1,0,1,0,0,0,0,0,0,0,0,0,0,0,0,0,1,0,1,0,0,0,0,0,1,0,0,0,1,0,0,1,1,1,0,0,0,0,0,0,0,0,0,0,0,0,0,0,0,0,1,0,1,0,1,0,0,0,1,0,1,0,0,0,1,0
830,2026-06-19,Beni,Malambo,Rughetsi,Femme,36 à 40 ans,Ménage retourné,1 à 2 ans,,Oui,Association,10,1,1,4,4,0,Oui,,0.5,,0.5,Oui,2,Faible,Riziculteurs diversifiés,E05,12.4,True,0,0,0,0,0,1,0,1,1,1,1,1,0,1,1,1,1,0,0,0,0,0,0,0,1,0,0,1,1,1,1,1,0,0,0,1,0,0,0,1,1,0,0,1,1,0,0,0,0,0,0,0,0,0,0,0,0,0,0,0,0,0,0,1,0,0,0,0,0,1,0,0,0,1,0,0,0
831,2026-06-19,Beni,Malambo,Hurara,Femme,26 à 35 ans,Ménage retourné,1 à 2 ans,,Non,,5,1,2,1,1,0,Oui,,0.55,,0.55,Non,2,Faible,Petits producteurs peu diversifiés,E15,20.9,True,0,0,0,0,0,1,0,1,1,0,0,1,0,0,0,0,0,0,0,0,0,0,0,0,0,0,0,0,0,0,0,0,0,0,0,1,1,0,0,1,1,0,0,0,1,1,0,0,0,0,0,0,0,0,0,0,0,0,0,0,1,0,0,0,0,0,0,0,0,1,0,0,0,0,1,0,0
832,2026-06-19,Beni,Malambo,Rughetsi,Homme,18 à 25 ans,Ménage retourné,Moins de 6 mois,,Oui,Association,6,1,1,2,2,0,Oui,,0.6,,0.6,,1,Faible,Vivriers diversifiés + élevage,E01,6.5,True,0,0,0,0,0,1,0,1,1,0,1,1,0,1,0,1,0,0,0,0,0,0,0,0,0,0,0,0,0,0,0,0,0,0,0,1,1,0,1,1,1,0,1,1,1,0,0,1,1,1,1,0,0,1,0,0,0,0,0,0,0,0,0,0,1,0,0,0,0,0,0,0,1,0,0,0,0
833,2026-06-19,Beni,Malambo,Rughetsi,Femme,18 à 25 ans,Ménage retourné,plus de 2 ans,,Oui,Association,3,1,1,1,0,0,Non,Oui,,0.2,0.2,Oui,3,Modérée,Vivriers diversifiés + élevage,E03,1654.1,True,0,0,0,0,0,0,0,1,1,0,0,1,0,1,0,0,0,0,0,0,0,0,0,0,0,0,0,1,0,1,0,0,0,0,0,1,0,0,0,1,0,0,1,1,0,0,0,0,0,0,0,0,0,0,0,0,0,0,0,0,0,1,0,1,0,1,0,0,0,1,0,1,0,0,0,1,0
834,2026-06-19,Beni,Malambo,Rughetsi,Homme,18 à 25 ans,Ménage retourné,Moins de 6 mois,,Non,,8,1,1,4,2,0,Oui,,0.7,,0.7,Oui,2,Faible,Riziculteurs diversifiés,E01,7.8,True,0,0,0,0,0,1,0,1,1,1,0,0,1,1,0,1,0,0,0,0,0,0,0,0,0,0,0,1,0,1,1,1,1,0,0,1,1,0,1,1,1,0,1,1,1,0,0,1,1,1,1,0,0,1,0,0,0,0,0,0,0,0,0,0,1,0,0,0,0,0,0,0,1,0,1,0,0
835,2026-06-19,Beni,Malambo,Rughetsi,Homme,Plus de 41 ans,Ménage retourné,1 à 2 ans,,Oui,Association,10,1,1,4,4,0,Oui,,1.0,,1.0,Oui,1,Faible,Riziculteurs diversifiés,E05,18.9,True,0,0,0,0,0,1,0,1,1,1,1,1,0,1,1,1,1,0,0,0,0,0,0,1,1,0,0,1,1,1,1,1,0,0,0,1,0,0,0,1,1,0,0,1,1,0,0,0,0,0,0,0,0,0,0,0,0,0,0,0,0,0,0,1,0,0,0,0,0,0,0,0,0,1,0,0,0
836,2026-06-19,Beni,Malambo,Hurara,Femme,26 à 35 ans,Ménage retourné,6 à 12 mois,,,,2,,,0,2,0,Oui,,0.45,,0.45,Non,2,Faible,Petits producteurs peu diversifiés,E15,11.2,True,0,0,1,0,0,0,1,1,0,0,0,1,0,0,0,0,0,0,0,0,0,0,0,0,0,0,0,0,0,0,0,0,0,0,0,1,1,0,0,1,1,0,0,1,1,0,0,0,0,0,0,0,0,0,0,0,0,0,0,0,1,0,0,1,0,0,0,0,0,1,0,0,1,0,0,0,0
837,2026-06-19,Beni,Malambo,Rughetsi,Femme,18 à 25 ans,Ménage retourné,1 à 2 ans,,Oui,Association,5,1,1,1,2,1,Oui,,0.2,,0.2,Non,3,Modérée,Petits producteurs peu diversifiés,E04,433.7,True,0,0,0,0,0,1,0,1,0,0,0,1,0,0,0,0,0,0,0,0,0,0,0,0,0,0,0,0,0,0,0,0,0,0,0,1,1,0,0,1,1,0,0,1,1,0,0,0,0,0,0,0,0,0,0,0,0,0,0,1,0,0,0,1,0,0,0,0,0,1,1,0,0,0,0,1,0
838,2026-06-19,Beni,Malambo,Rughetsi,Femme,26 à 35 ans,Ménage retourné,1 à 2 ans,,Oui,Association,13,4,3,3,3,1,Oui,,0.15,,0.15,Oui,4,Modérée,Vivriers diversifiés + élevage,E03,1687.7,True,0,0,0,0,0,0,0,1,1,0,1,0,0,1,0,1,0,0,0,0,0,0,0,0,0,0,0,1,0,1,0,0,0,0,0,1,0,0,0,1,0,0,0,1,1,0,0,0,0,0,0,0,0,0,0,0,0,0,0,0,1,0,0,0,0,1,0,0,0,1,1,0,0,1,0,1,0
839,2026-06-19,Beni,Malambo,Rughetsi,Homme,18 à 25 ans,Ménage retourné,Moins de 6 mois,,Oui,Association,8,1,1,4,2,0,Oui,,0.05,,0.05,Oui,2,Faible,Vivriers diversifiés + élevage,E01,10.0,True,0,0,0,0,0,1,0,1,1,0,1,1,0,1,0,1,0,0,0,0,0,0,0,0,0,0,0,1,1,0,1,1,1,0,0,1,1,0,1,1,1,0,1,1,1,0,1,1,1,1,1,0,0,1,0,0,0,0,0,0,0,0,0,0,1,0,0,0,0,0,0,0,1,0,0,1,0
840,2026-06-19,Beni,Malambo,Hurara,Homme,36 à 40 ans,Ménage retourné,6 à 12 mois,,Non,,6,1,3,2,0,0,Oui,,1.0,,1.0,Non,2,Faible,Petits producteurs peu diversifiés,E15,15.1,True,0,0,0,0,0,1,0,1,1,0,1,1,0,0,0,0,0,0,0,0,0,0,0,0,0,0,0,0,0,0,0,0,0,0,0,1,1,0,0,0,1,0,0,0,0,0,1,0,0,0,0,0,0,0,0,0,0,0,0,0,1,1,0,0,0,0,0,0,0,0,0,0,1,0,1,0,0
841,2026-06-19,Beni,Malambo,Rughetsi,Femme,18 à 25 ans,Ménage retourné,1 à 2 ans,,Oui,Association,3,1,1,1,0,0,Oui,,0.2,,0.2,Oui,2,Faible,Vivriers diversifiés + élevage,E04,424.6,True,0,0,0,0,0,1,0,1,1,0,1,1,0,1,0,0,0,0,0,0,0,0,0,0,0,0,0,1,0,1,0,0,0,0,0,1,1,0,0,1,1,0,0,1,1,0,0,0,0,0,0,0,0,0,0,0,0,0,0,0,1,0,0,1,0,0,0,0,0,1,0,0,0,0,0,1,0
842,2026-06-19,Beni,Malambo,Rughetsi,Homme,18 à 25 ans,Ménage retourné,Moins de 6 mois,,Oui,Association,6,1,1,2,2,0,Oui,,0.6,,0.6,Oui,1,Faible,Vivriers diversifiés + élevage,E01,7.6,True,0,0,0,0,0,1,0,1,1,0,1,1,0,1,0,1,0,0,0,0,0,0,0,0,0,0,0,1,0,1,1,1,1,0,0,1,1,0,1,1,1,0,1,1,1,0,0,1,1,1,1,0,0,1,0,0,0,0,0,0,0,0,0,0,1,0,0,0,0,0,0,0,1,0,0,0,0
843,2026-06-19,Beni,Malambo,Rughetsi,Femme,26 à 35 ans,Ménage retourné,plus de 2 ans,,Oui,Association,10,2,1,3,4,0,Non,Oui,,0.1,0.1,Non,4,Modérée,Petits producteurs peu diversifiés,E03,1676.3,True,0,0,0,0,0,0,0,1,0,0,1,0,0,0,0,0,0,0,0,0,0,0,0,0,0,0,0,0,0,0,0,0,0,0,0,1,0,0,0,0,0,0,1,1,0,0,0,0,0,0,0,0,0,0,0,0,0,0,0,0,1,0,1,0,0,0,0,0,0,1,0,1,0,1,0,1,0
844,2026-06-19,Beni,Malambo,Rughetsi,Femme,Plus de 41 ans,Ménage retourné,1 à 2 ans,,Oui,Association,10,1,1,4,4,0,Oui,,0.5,,0.5,Oui,2,Faible,Riziculteurs diversifiés,E05,8.2,True,0,0,0,0,0,1,0,1,1,1,1,1,1,1,1,1,1,0,1,1,0,0,0,0,1,0,0,1,1,1,1,1,1,0,0,1,0,0,0,1,1,0,0,1,1,0,0,0,0,0,0,0,0,0,0,0,0,0,0,0,0,0,0,1,0,0,0,0,0,1,0,0,0,1,0,0,0
845,2026-06-19,Beni,Malambo,Autres villages,Femme,26 à 35 ans,Ménage retourné,1 à 2 ans,,Oui,Autres,1,,,0,1,0,Oui,,0.6,,0.6,Oui,1,Faible,Petits producteurs peu diversifiés,E15,5.9,True,0,0,1,0,0,1,1,1,0,0,1,0,0,0,0,0,0,0,0,0,0,0,0,0,0,0,0,1,0,1,0,0,0,0,0,1,1,0,0,1,1,1,0,0,0,1,0,0,0,0,0,0,0,0,0,0,0,0,0,0,1,1,0,0,0,0,0,1,0,1,0,0,0,0,0,0,0
846,2026-06-19,Beni,Malambo,Rughetsi,Femme,26 à 35 ans,Ménage retourné,1 à 2 ans,,Oui,Association,7,1,1,4,1,0,Oui,,0.4,,0.4,Oui,1,Faible,Vivriers diversifiés + élevage,E04,418.2,True,0,0,0,0,0,1,0,1,1,0,1,1,0,1,0,0,0,0,0,0,0,0,0,0,0,0,0,1,0,0,0,0,0,0,0,1,1,0,0,1,1,0,0,1,1,0,0,0,0,0,0,0,0,0,0,0,0,0,0,1,0,0,0,1,0,0,0,0,0,1,0,0,0,0,0,0,0
847,2026-06-19,Beni,Malambo,Rughetsi,Homme,18 à 25 ans,Ménage retourné,Moins de 6 mois,,Oui,Association,9,3,2,1,3,0,Oui,,0.7,,0.7,Oui,2,Faible,Vivriers diversifiés + élevage,E01,7.0,True,0,0,0,0,0,1,0,1,1,0,0,0,0,1,0,1,0,0,0,0,0,0,0,0,0,0,0,1,0,1,1,0,0,0,0,1,1,0,0,1,1,0,1,1,1,0,0,1,1,1,1,0,0,1,0,0,0,0,0,0,0,0,0,0,1,0,0,0,0,0,0,0,1,1,0,0,0
848,2026-06-19,Beni,Malambo,Rughetsi,Femme,36 à 40 ans,Ménage retourné,1 à 2 ans,,Non,,6,1,1,2,2,0,Oui,,0.5,,0.5,Oui,2,Faible,Riziculteurs diversifiés,E05,8.7,True,0,0,0,0,0,1,0,1,0,1,0,1,0,0,1,0,1,0,0,0,0,0,0,0,1,0,0,1,1,1,1,1,0,0,0,1,0,0,0,1,1,0,0,1,1,0,0,0,0,0,0,0,0,0,0,0,0,0,0,0,0,0,0,1,0,0,0,0,0,1,0,0,0,0,1,0,0
849,2026-06-19,Beni,Malambo,Hurara,Homme,26 à 35 ans,Ménage retourné,1 à 2 ans,,Non,,6,3,2,1,0,0,Oui,,1.0,,1.0,Oui,1,Faible,Petits producteurs peu diversifiés,E15,10.5,True,0,0,0,0,0,1,0,1,1,0,0,1,0,0,0,0,0,0,0,0,0,0,0,0,0,0,0,0,0,1,0,0,0,0,0,1,1,0,0,1,1,0,0,0,0,1,0,0,0,0,0,0,0,0,0,0,0,0,0,0,1,0,0,0,0,0,0,0,0,0,0,0,0,0,1,0,0
850,2026-06-19,Beni,Malambo,Rughetsi,Homme,18 à 25 ans,Famille d'accueil,,1,Oui,Association,11,2,2,4,3,0,Oui,,0.6,,0.6,Oui,1,Faible,Vivriers diversifiés + élevage,E01,7.2,True,0,0,0,0,0,1,0,1,1,0,1,1,0,1,0,1,0,0,0,0,0,0,0,0,0,0,0,1,1,1,1,1,0,0,0,1,1,0,0,1,1,0,1,1,1,0,0,0,1,1,1,0,0,1,0,0,0,0,0,0,0,0,0,0,1,0,0,0,0,0,0,0,0,1,0,0,0
851,2026-06-19,Beni,Malambo,Rughetsi,Femme,26 à 35 ans,Ménage retourné,1 à 2 ans,,Oui,Association,8,1,1,3,3,0,Oui,,0.4,,0.4,Oui,1,Faible,Riziculteurs diversifiés,E04,407.2,True,0,0,0,0,0,1,0,1,1,1,1,1,0,1,0,0,0,0,0,0,0,0,0,0,0,0,0,1,0,0,0,0,0,0,0,1,1,0,0,1,1,0,0,1,1,0,0,0,0,0,0,0,0,0,0,0,0,0,0,1,0,0,0,1,0,0,0,0,0,1,0,0,0,0,0,0,0
852,2026-06-19,Beni,Malambo,Hurara,Femme,26 à 35 ans,Ménage retourné,1 à 2 ans,,Non,,3,1,1,0,1,0,Non,Oui,,0.3,0.3,Oui,3,Modérée,Petits producteurs peu diversifiés,E15,4.4,True,1,0,0,0,0,0,1,1,0,0,0,1,0,0,0,0,0,0,0,0,0,0,0,0,0,0,0,1,0,1,0,0,0,0,0,0,0,0,0,0,0,0,0,0,0,0,1,0,0,0,0,0,0,0,0,0,0,0,0,0,0,0,0,0,0,0,0,0,0,1,0,1,0,0,1,0,0
853,2026-06-19,Beni,Malambo,Rughetsi,Femme,26 à 35 ans,Ménage retourné,1 à 2 ans,,Non,,6,1,,2,3,0,Oui,,0.4,,0.4,Oui,2,Faible,Riziculteurs diversifiés,E05,8.0,True,0,0,1,0,0,1,1,1,1,1,0,1,0,1,0,1,0,0,0,0,0,0,0,0,0,0,0,1,1,1,1,1,0,0,0,1,0,0,0,1,1,0,0,1,1,0,0,0,0,0,0,0,0,0,0,0,0,0,0,0,0,0,0,1,0,0,0,0,0,1,0,0,0,0,1,0,0
854,2026-06-19,Beni,Malambo,Rughetsi,Homme,18 à 25 ans,Ménage retourné,Moins de 6 mois,,Oui,Association,8,2,2,3,1,0,Non,Oui,,0.03,0.03,Oui,3,Modérée,Vivriers diversifiés + élevage,E01,8.3,True,0,0,0,0,0,1,0,1,1,0,1,1,0,1,0,1,0,0,0,0,0,0,0,0,0,0,0,1,0,1,1,1,1,0,0,1,1,0,0,1,1,0,1,1,1,0,0,1,1,1,1,0,0,1,0,0,0,0,0,0,0,0,0,0,1,0,0,0,0,0,0,1,1,0,0,1,0
855,2026-06-19,Beni,Malambo,Rughetsi,Femme,18 à 25 ans,Ménage retourné,plus de 2 ans,,Oui,Association,8,2,2,2,2,0,Non,Oui,,0.1,0.1,Oui,3,Modérée,Vivriers diversifiés + élevage,E03,1658.5,True,0,0,0,0,0,0,0,1,1,0,1,1,0,1,1,0,0,0,0,1,0,0,0,0,0,0,0,1,0,1,0,0,0,0,0,1,0,0,1,1,0,0,0,1,0,0,0,0,0,0,0,0,0,0,0,0,0,0,0,0,1,0,0,1,0,0,1,0,0,1,0,1,0,0,0,1,0
856,2026-06-19,Beni,Malambo,Hurara,Femme,26 à 35 ans,Ménage retourné,1 à 2 ans,,Oui,Organisation Paysanne,5,1,1,1,2,0,Oui,,0.35,,0.35,Oui,1,Faible,Petits producteurs peu diversifiés,E08,5.4,True,0,0,0,0,0,0,0,1,1,0,0,0,0,0,1,0,0,0,1,1,0,0,1,0,1,0,0,0,0,1,1,1,0,0,0,1,0,0,0,1,0,0,1,1,0,1,1,1,0,0,0,0,0,0,0,0,0,0,0,0,0,0,1,0,0,0,0,0,0,1,0,0,0,0,0,0,0
857,2026-06-19,Beni,Malambo,Rughetsi,Homme,Plus de 41 ans,Ménage retourné,1 à 2 ans,,Non,,10,1,1,4,4,0,Oui,,1.0,,1.0,Oui,2,Faible,Riziculteurs diversifiés,E05,8.1,True,0,0,0,0,0,1,0,1,1,1,1,1,0,1,1,1,1,0,1,1,0,0,0,0,1,0,0,1,1,1,1,1,0,0,0,1,0,0,0,1,0,0,0,1,1,0,0,0,0,0,0,0,0,0,0,0,0,0,0,0,0,0,0,1,0,0,0,0,0,0,0,0,0,1,1,0,0
858,2026-06-19,Beni,Malambo,Rughetsi,Homme,18 à 25 ans,Ménage retourné,Moins de 6 mois,,Oui,Association,7,1,1,2,3,0,Oui,,0.4,,0.4,Oui,1,Faible,Vivriers diversifiés + élevage,E01,8.3,True,0,0,0,0,1,1,1,1,1,0,0,1,0,1,0,1,0,0,0,0,0,0,0,0,0,0,0,1,0,1,1,0,1,0,0,1,0,0,0,1,1,0,1,0,0,0,0,1,1,0,1,0,0,1,0,0,0,0,0,0,0,0,0,0,0,0,0,0,0,0,0,0,1,0,0,0,0
859,2026-06-19,Beni,Malambo,Rughetsi,Femme,26 à 35 ans,Ménage retourné,plus de 2 ans,,Non,,6,0,1,3,2,0,Oui,,0.25,,0.25,Oui,2,Faible,Petits producteurs peu diversifiés,E03,1650.8,True,0,0,0,0,0,0,0,1,0,0,1,0,0,0,0,0,0,0,0,0,0,0,0,0,0,0,0,1,0,1,0,0,0,0,0,1,0,0,0,1,0,0,0,1,0,0,0,0,0,0,0,0,0,0,0,0,0,0,0,0,0,0,0,0,0,1,0,0,0,1,0,0,0,0,1,0,0
860,2026-06-19,Beni,Malambo,Hurara,Femme,18 à 25 ans,Ménage retourné,1 à 2 ans,,Oui,Organisation Paysanne,4,1,1,2,0,0,Oui,,0.3,,0.3,Oui,1,Faible,Petits producteurs peu diversifiés,E08,3.6,True,1,0,0,0,0,1,1,1,1,0,1,0,0,0,1,0,0,0,0,0,0,0,1,0,0,0,0,0,0,1,0,0,0,0,0,1,0,0,0,0,0,0,0,1,1,1,1,1,0,0,0,0,0,0,0,0,0,0,0,0,0,0,1,0,0,0,0,0,0,1,0,0,0,0,0,0,0
861,2026-06-19,Beni,Malambo,Rughetsi,Femme,18 à 25 ans,Ménage retourné,1 à 2 ans,,Non,,6,1,1,3,1,0,Oui,,0.4,,0.4,Oui,2,Faible,Vivriers diversifiés + élevage,E04,388.8,True,0,0,0,0,0,1,0,1,1,0,0,1,0,1,0,0,0,0,0,0,0,0,0,0,0,0,0,1,1,1,0,0,0,0,0,1,1,0,0,1,1,0,0,1,1,0,0,0,0,0,0,0,0,0,0,0,0,0,0,1,0,0,0,0,0,0,0,0,0,1,0,0,0,0,1,0,0
862,2026-06-19,Beni,Lume,Mwangaza,Homme,26 à 35 ans,Ménage retourné,plus de 2 ans,,Non,,15,8,1,3,3,0,Oui,,0.25,,0.25,Oui,2,Faible,Petits producteurs peu diversifiés,E07,9.1,True,0,0,1,0,0,0,1,1,0,0,1,0,0,0,0,1,0,0,0,0,0,0,0,0,0,0,0,0,0,0,1,1,0,0,0,1,0,0,1,1,0,0,0,1,0,0,0,0,0,0,0,0,0,0,0,0,0,0,0,0,1,1,0,0,0,0,0,0,0,0,0,0,0,1,1,0,0
863,2026-06-19,Beni,Malambo,Rughetsi,Homme,36 à 40 ans,Ménage retourné,1 à 2 ans,,Non,,8,1,1,2,4,0,Oui,,0.4,,0.4,Oui,1,Faible,Riziculteurs diversifiés,E05,7.1,True,0,0,0,0,0,1,0,1,1,1,1,1,1,1,1,1,1,0,0,0,0,0,0,1,1,0,0,1,1,1,1,1,0,0,0,1,0,0,0,1,1,0,0,1,1,0,0,0,0,0,0,0,0,0,0,0,0,0,0,0,0,0,0,1,0,0,0,0,0,0,0,0,0,0,1,0,0
864,2026-06-19,Beni,Malambo,Hurara,Femme,26 à 35 ans,Ménage retourné,plus de 2 ans,,Oui,Organisation Paysanne,5,1,1,1,2,0,Oui,,0.36,,0.36,Oui,1,Faible,Petits producteurs peu diversifiés,E08,4.4,True,1,0,0,0,0,1,1,1,1,0,0,0,0,0,1,0,0,0,0,0,0,0,1,0,1,0,0,0,1,1,0,0,0,0,0,1,0,1,1,1,0,1,1,1,1,1,0,1,0,0,1,0,0,0,0,0,0,0,0,0,0,0,0,0,0,0,0,0,0,1,0,0,0,0,0,0,0
865,2026-06-19,Beni,Malambo,Rughetsi,Homme,18 à 25 ans,Ménage retourné,Moins de 6 mois,,Oui,Association,4,1,,1,2,0,Oui,,0.9,,0.9,Oui,1,Faible,Vivriers diversifiés + élevage,E01,8.6,True,0,0,1,0,0,1,1,1,1,0,1,1,0,1,0,1,0,0,0,0,0,0,0,0,0,0,0,1,0,1,1,0,0,0,0,1,1,0,0,1,1,1,1,1,1,0,0,1,1,1,1,0,0,1,0,0,0,0,0,0,0,0,0,0,1,0,0,0,0,0,0,0,1,0,0,0,0
866,2026-06-19,Beni,Malambo,Hurara,Femme,Plus de 41 ans,Ménage retourné,plus de 2 ans,,Oui,Organisation Paysanne,6,1,1,2,2,0,Oui,,1.0,,1.0,Oui,1,Faible,Petits producteurs peu diversifiés,E08,4.2,True,1,0,0,0,0,0,1,1,1,0,1,0,0,0,1,0,0,0,1,1,0,0,0,0,1,0,0,1,0,0,0,0,0,0,0,1,0,0,1,1,0,1,1,1,1,1,0,1,0,0,0,0,0,0,0,0,0,0,0,0,0,1,1,0,0,0,0,0,0,1,0,0,0,0,0,0,0
867,2026-06-19,Beni,Lume,Lume,Femme,26 à 35 ans,Ménage retourné,6 à 12 mois,,Non,,7,3,2,1,1,1,Non,Oui,,0.05,0.05,Non,6,Élevée,Petits producteurs peu diversifiés,E07,4537.7,True,0,0,0,0,0,0,0,1,0,0,1,0,0,0,0,0,0,0,0,0,0,0,0,0,0,0,0,0,0,0,0,0,0,0,0,1,0,0,0,1,1,0,0,1,0,0,0,0,0,0,0,0,0,0,0,0,0,0,0,0,1,1,0,0,0,0,0,0,0,1,1,1,1,0,1,1,0
868,2026-06-19,Beni,Malambo,Rughetsi,Femme,Plus de 41 ans,Ménage retourné,plus de 2 ans,,Oui,Association,8,1,1,3,3,1,Oui,,0.3,,0.3,Oui,2,Faible,Vivriers diversifiés + élevage,E03,1642.8,True,0,0,0,0,0,1,0,1,1,0,1,0,0,0,1,0,0,0,0,0,1,0,0,1,0,0,0,1,0,1,0,0,0,0,0,1,0,0,0,0,0,0,1,1,0,0,0,0,0,0,0,0,0,0,0,0,0,0,0,0,1,0,0,0,0,0,1,0,0,1,1,0,0,0,0,0,0
869,2026-06-19,Beni,Malambo,Rughetsi,Femme,26 à 35 ans,Ménage retourné,1 à 2 ans,,Oui,Association,4,1,1,1,1,0,Oui,,0.3,,0.3,Oui,1,Faible,Riziculteurs diversifiés,E05,25.8,True,0,0,0,0,0,0,0,1,1,1,0,1,0,0,0,0,0,0,0,0,0,0,0,0,0,0,0,1,1,1,1,1,0,0,0,1,0,0,0,1,1,0,0,1,1,0,0,0,0,0,0,0,0,0,0,0,0,0,0,0,0,0,0,1,0,0,0,0,0,1,0,0,0,0,0,0,0
870,2026-06-19,Beni,Malambo,Hurara,Homme,26 à 35 ans,Ménage retourné,6 à 12 mois,,,,5,1,1,2,1,0,Oui,,1.0,,1.0,Oui,1,Faible,Petits producteurs peu diversifiés,E15,68.8,True,0,0,0,0,0,1,0,1,1,0,0,1,0,0,0,0,0,0,0,0,0,0,0,0,0,0,0,0,0,1,0,0,0,0,0,0,0,0,0,0,0,0,0,1,0,0,0,0,0,0,0,0,0,0,0,0,0,0,0,0,1,0,0,0,0,0,0,0,0,0,0,0,1,0,0,0,0
871,2026-06-19,Beni,Malambo,Hurara,Homme,36 à 40 ans,Autre (ni retourné ni accueil),,,Non,,7,2,2,1,2,0,Oui,,1.0,,1.0,Non,1,Faible,Petits producteurs peu diversifiés,E08,7.2,True,0,0,0,0,0,1,0,1,1,0,1,0,0,0,0,0,0,0,0,0,0,0,0,0,0,0,0,0,0,0,0,0,0,0,0,1,0,1,1,1,0,0,0,1,1,1,0,1,0,0,0,0,0,0,0,0,0,0,0,0,0,0,1,0,0,0,0,0,0,0,0,0,0,0,1,0,0
872,2026-06-19,Beni,Malambo,Rughetsi,Homme,18 à 25 ans,Ménage retourné,Moins de 6 mois,,Oui,Association,4,1,1,1,1,0,Oui,,0.5,,0.5,Oui,1,Faible,Vivriers diversifiés + élevage,E01,9.5,True,0,0,0,0,0,1,0,1,1,0,1,1,0,1,0,1,0,0,0,0,0,0,0,0,0,0,0,1,0,1,1,1,0,0,0,1,1,0,1,1,1,0,1,1,1,0,0,1,0,0,1,0,1,1,0,0,0,0,0,0,0,0,0,0,1,0,0,0,0,0,0,0,1,0,0,0,0
873,2026-06-19,Beni,Malambo,Hurara,Homme,36 à 40 ans,Ménage retourné,1 à 2 ans,,Non,,12,4,2,4,2,0,Oui,,1.0,,1.0,Oui,2,Faible,Petits producteurs peu diversifiés,E15,63.5,True,0,0,0,0,0,1,0,1,1,0,0,1,0,0,0,0,0,0,0,0,0,0,0,0,0,0,0,0,0,1,0,0,0,0,0,0,0,0,0,0,0,0,0,0,0,0,1,0,0,0,0,0,0,0,0,0,0,0,0,0,1,0,0,0,0,0,0,0,0,0,0,0,0,1,1,0,0
874,2026-06-19,Beni,Malambo,Rughetsi,Femme,36 à 40 ans,Ménage retourné,1 à 2 ans,,Oui,Association,6,0,1,3,2,0,Oui,,0.4,,0.4,Oui,1,Faible,Vivriers diversifiés + élevage,E04,372.3,True,0,0,0,0,0,1,0,1,1,0,1,1,0,1,0,0,0,0,0,0,0,0,0,0,0,0,0,1,1,1,0,0,0,0,0,1,1,0,0,1,1,0,0,1,1,0,0,0,0,0,0,0,0,0,0,0,0,0,0,1,0,0,0,1,0,0,0,0,0,1,0,0,0,0,0,0,0
875,2026-06-19,Beni,Malambo,Hurara,Femme,36 à 40 ans,Ménage retourné,plus de 2 ans,,Non,,9,3,2,1,3,0,Oui,,2.0,,2.0,Oui,3,Modérée,Vivriers diversifiés + élevage,E08,4.5,True,1,0,0,0,0,1,1,1,1,0,0,0,0,0,1,0,0,0,0,0,0,0,1,0,0,0,0,0,0,1,1,1,0,0,0,1,0,0,1,1,0,0,0,1,0,1,1,0,1,0,1,0,0,0,0,0,0,0,0,0,0,0,1,0,0,0,0,0,0,1,0,0,0,1,1,0,0
876,2026-06-19,Beni,Lume,Mwangaza,Femme,26 à 35 ans,Ménage retourné,plus de 2 ans,,Oui,Association,8,2,3,0,3,0,Non,Oui,,0.2,0.2,Oui,3,Modérée,Petits producteurs peu diversifiés,E07,6.6,True,0,0,0,0,0,0,0,1,0,0,0,1,0,0,1,0,0,0,1,0,0,0,0,0,1,0,0,1,0,1,0,0,0,0,0,1,0,0,0,1,0,0,0,1,0,0,0,0,0,0,0,0,0,0,0,0,0,0,0,0,1,0,0,0,0,0,0,0,0,1,0,1,0,0,0,1,0
877,2026-06-19,Beni,Malambo,Rughetsi,Homme,18 à 25 ans,Ménage retourné,Moins de 6 mois,,Oui,Association,4,1,1,1,1,0,Non,Oui,,0.5,0.5,Oui,2,Faible,Vivriers diversifiés + élevage,E01,11.8,True,0,0,0,0,0,1,0,1,1,0,1,1,0,1,0,1,0,0,0,0,0,0,0,0,0,0,0,1,0,1,1,1,0,0,0,1,1,0,0,1,1,0,1,1,1,0,0,0,1,1,1,0,0,1,0,0,0,0,0,0,0,0,0,0,1,0,0,0,0,0,0,1,1,0,0,0,0
878,2026-06-19,Beni,Malambo,Hurara,Femme,26 à 35 ans,Ménage retourné,Moins de 6 mois,,Non,,4,0,1,2,1,0,Non,Oui,,0.4,0.4,Non,4,Modérée,Petits producteurs peu diversifiés,E08,5.7,True,0,0,0,0,0,0,0,1,1,0,0,0,0,0,0,0,0,0,0,0,0,0,0,0,0,0,0,0,0,0,0,0,0,0,0,1,0,0,1,1,0,0,1,1,1,1,1,1,0,0,0,0,0,0,0,0,0,0,0,0,0,0,1,0,0,1,0,0,0,1,0,1,1,0,1,0,0
879,2026-06-19,Beni,Malambo,Rughetsi,Homme,26 à 35 ans,Ménage retourné,1 à 2 ans,,Oui,Association,6,1,1,2,2,0,Oui,,0.3,,0.3,Oui,0,Faible,Petits producteurs peu diversifiés,E04,364.3,True,0,0,0,0,0,1,0,1,1,0,1,0,0,1,0,0,0,0,0,0,0,0,0,0,0,0,0,1,0,0,0,0,0,0,0,1,1,0,0,1,1,0,0,1,1,0,0,0,1,0,0,0,0,0,0,0,0,0,0,1,1,0,0,1,0,0,0,0,0,0,0,0,0,0,0,0,0
880,2026-06-19,Beni,Lume,Mwangaza,Homme,26 à 35 ans,Ménage retourné,plus de 2 ans,,Non,,5,1,1,1,2,0,Oui,,0.2,,0.2,Oui,2,Faible,Petits producteurs peu diversifiés,E07,1746.2,True,0,0,0,0,0,1,0,1,0,0,0,0,0,0,0,1,0,0,0,0,0,0,0,0,0,0,0,0,0,1,1,1,0,0,0,1,0,0,0,1,1,0,0,1,1,0,0,0,0,0,0,0,0,0,0,0,0,0,0,1,0,0,0,1,0,0,0,0,0,0,0,0,0,0,1,1,0
881,2026-06-19,Beni,Malambo,Kihome,Homme,26 à 35 ans,Ménage retourné,plus de 2 ans,,Oui,Autres,8,4,2,1,1,0,Oui,,2.0,,2.0,Oui,0,Faible,Vivriers diversifiés + élevage,E11,560.6,True,0,0,0,0,0,0,0,1,1,0,0,1,0,0,1,0,0,0,0,0,0,0,1,0,0,0,0,1,1,1,1,1,1,0,0,1,1,1,1,1,1,1,1,1,1,1,1,0,0,0,0,0,0,0,0,0,0,0,0,0,0,1,1,0,0,0,0,0,0,0,0,0,0,0,0,0,0
882,2026-06-19,Beni,Malambo,Hurara,Femme,26 à 35 ans,Ménage retourné,6 à 12 mois,,Non,,3,0,1,2,0,0,Oui,,,,,Non,4,Modérée,Petits producteurs peu diversifiés,E08,104.1,True,0,0,0,1,0,1,1,1,1,1,0,0,0,1,1,0,0,0,0,0,0,0,0,0,1,0,0,0,0,0,0,0,0,0,0,1,1,0,0,1,0,0,0,1,1,0,0,1,0,0,1,0,0,0,0,0,0,0,0,0,0,0,1,0,0,0,0,0,0,1,0,0,1,0,1,1,0
883,2026-06-19,Beni,Lume,Mwangaza,Homme,26 à 35 ans,Ménage retourné,plus de 2 ans,,Oui,Association,6,1,2,0,3,0,Oui,,0.3,,0.3,Non,0,Faible,Petits producteurs peu diversifiés,E07,12.8,True,0,0,0,0,0,0,0,1,0,0,1,0,0,0,0,1,0,0,0,0,0,0,0,0,0,0,0,0,0,0,0,0,0,0,0,1,0,0,0,1,1,0,0,1,0,0,0,0,0,0,0,0,0,0,0,0,0,0,0,1,0,0,0,1,0,0,0,0,0,0,0,0,0,0,0,0,0
884,2026-06-19,Beni,Malambo,Rughetsi,Homme,18 à 25 ans,Ménage retourné,Moins de 6 mois,,Oui,Association,3,1,1,1,0,0,Oui,,0.5,,0.5,Oui,1,Faible,Vivriers diversifiés + élevage,E01,7.9,True,0,0,0,0,0,1,0,1,1,0,1,1,0,1,0,1,0,0,0,0,0,0,0,0,0,0,0,1,0,1,1,1,1,0,0,1,0,0,0,1,1,0,1,1,1,0,0,1,1,1,1,0,0,1,0,0,0,0,0,0,0,0,0,0,1,0,0,0,0,0,0,0,1,0,0,0,0
885,2026-06-19,Beni,Malambo,Hurara,Homme,36 à 40 ans,Ménage retourné,1 à 2 ans,,,,3,1,1,1,0,0,Oui,,1.2,,1.2,Oui,0,Faible,Vivriers diversifiés + élevage,E15,44.2,True,0,0,0,0,0,1,0,1,1,0,1,1,0,0,0,0,0,0,0,0,0,0,0,0,0,0,0,0,0,1,0,0,0,0,0,0,0,0,0,0,0,0,0,0,1,1,0,0,0,0,0,0,0,0,0,0,0,0,0,0,1,0,0,0,0,0,0,0,0,0,0,0,0,0,0,0,0
886,2026-06-19,Beni,Malambo,Rughetsi,Homme,26 à 35 ans,Ménage retourné,1 à 2 ans,,Oui,Association,7,1,1,4,1,0,Oui,,0.8,,0.8,Oui,0,Faible,Riziculteurs diversifiés,E05,9.1,True,0,0,0,0,0,0,0,1,1,1,1,1,0,1,1,1,1,0,1,1,0,0,0,0,0,0,0,1,1,1,1,1,0,0,0,1,0,0,0,1,1,0,0,1,1,0,0,0,0,0,0,0,0,0,0,0,0,0,0,0,0,0,0,1,0,0,0,0,0,0,0,0,0,0,0,0,0
887,2026-06-19,Beni,Malambo,Rughetsi,Femme,36 à 40 ans,Ménage retourné,1 à 2 ans,,Oui,Association,10,1,1,4,4,0,Oui,,0.5,,0.5,Oui,2,Faible,Vivriers diversifiés + élevage,E04,352.3,True,0,0,0,0,0,0,0,1,1,0,1,1,0,1,0,0,0,0,0,0,0,0,0,0,0,0,0,1,1,1,1,1,0,0,0,1,1,0,0,1,1,0,0,1,1,0,0,0,0,0,0,0,0,0,0,0,0,0,0,0,1,0,0,1,0,0,0,0,0,1,0,0,0,1,0,0,0
888,2026-06-19,Beni,Malambo,Kihome,Femme,36 à 40 ans,Ménage retourné,plus de 2 ans,,Oui,Autres,6,1,1,4,,0,Oui,,0.5,,0.5,Oui,1,Faible,Vivriers diversifiés + élevage,E11,547.0,True,0,0,0,0,0,1,0,1,1,0,0,1,0,0,1,0,0,0,1,1,0,0,1,0,1,1,0,1,0,1,0,0,0,0,0,1,1,0,0,1,1,1,1,1,1,1,1,0,0,0,0,0,0,0,0,0,0,0,0,0,0,1,1,0,0,0,0,0,0,1,0,0,0,0,0,0,0
889,2026-06-19,Beni,Malambo,Rughetsi,Homme,18 à 25 ans,Ménage retourné,Moins de 6 mois,,Oui,Association,8,1,1,4,2,0,Non,Oui,,0.4,0.4,Oui,2,Faible,Vivriers diversifiés + élevage,E01,5.8,True,0,0,0,0,0,1,0,1,1,0,1,1,0,1,0,1,0,0,0,0,0,0,0,0,0,0,0,1,0,1,1,1,0,0,0,1,0,0,0,1,1,0,0,1,1,0,0,1,1,1,1,0,0,1,0,0,0,0,0,0,0,0,0,0,1,0,0,0,0,0,0,1,1,0,0,0,0
890,2026-06-19,Beni,Malambo,Rughetsi,Femme,18 à 25 ans,Ménage retourné,1 à 2 ans,,Non,,2,1,1,0,0,0,Oui,,0.3,,0.3,Oui,2,Faible,Vivriers diversifiés + élevage,E04,343.2,True,0,0,0,0,0,0,0,1,1,0,0,1,0,1,0,0,0,0,0,0,0,0,0,0,0,0,0,1,1,0,0,0,0,0,0,1,1,0,0,1,1,0,0,1,1,0,0,0,0,0,0,0,0,0,0,0,0,0,0,1,0,0,0,1,0,0,0,0,0,1,0,0,0,0,1,0,0
891,2026-06-19,Beni,Malambo,Rughetsi,Femme,26 à 35 ans,Ménage retourné,1 à 2 ans,,Non,,8,1,1,4,2,0,Oui,,1.0,,1.0,Oui,2,Faible,Riziculteurs diversifiés,E05,7.6,True,0,0,0,0,0,0,0,1,1,1,1,1,0,1,1,1,1,0,0,0,0,0,0,1,1,0,0,1,1,1,1,1,0,0,0,1,0,0,0,1,1,0,0,1,1,0,0,0,0,0,0,0,0,0,0,0,0,0,0,0,0,0,0,1,0,0,0,0,0,1,0,0,0,0,1,0,0
892,2026-06-19,Beni,Malambo,Rughetsi,Homme,26 à 35 ans,Ménage retourné,plus de 2 ans,,Oui,Association,10,2,2,4,2,0,Oui,,0.1,,0.1,Oui,2,Faible,Vivriers diversifiés + élevage,E03,1610.7,True,0,0,0,0,0,0,0,1,1,0,1,1,0,1,1,0,1,0,0,0,1,0,0,1,1,0,0,1,1,1,1,1,0,0,0,1,0,0,1,0,1,0,1,1,0,0,0,0,0,0,0,0,0,0,0,0,0,0,0,0,0,0,0,0,0,1,1,0,0,0,0,0,0,1,0,1,0
893,2026-06-19,Beni,Lume,Q. Ruwenzori,Femme,18 à 25 ans,Ménage retourné,plus de 2 ans,,Oui,Association,10,5,3,0,2,0,Oui,,0.15,,0.15,Oui,3,Modérée,Maraîchers pomme de terre,E07,1728.2,True,0,0,0,0,0,0,0,0,1,0,0,0,0,0,1,1,0,0,0,1,0,0,0,0,0,0,0,1,0,0,1,0,0,0,0,1,0,0,0,1,1,0,0,1,0,0,0,0,0,0,0,0,0,0,0,0,0,0,0,0,1,0,0,0,0,1,0,0,0,1,0,0,0,1,0,1,0
894,2026-06-19,Beni,Malambo,Hurara,Homme,Plus de 41 ans,Ménage retourné,1 à 2 ans,,,,6,4,0,2,0,0,Oui,,1.5,,1.5,,0,Faible,Petits producteurs peu diversifiés,E15,30.9,True,0,0,0,0,0,1,0,1,1,0,1,1,0,0,0,0,0,0,0,0,0,0,0,0,0,0,0,0,0,0,0,0,0,0,0,1,1,0,0,1,1,1,0,0,0,0,1,0,0,0,0,0,0,0,0,0,0,0,0,0,0,0,0,0,0,0,0,0,0,0,0,0,0,0,0,0,0
895,2026-06-19,Beni,Malambo,Rughetsi,Femme,18 à 25 ans,Ménage retourné,Moins de 6 mois,,Non,,8,3,4,1,0,0,Oui,,0.5,,0.5,Oui,3,Modérée,Riziculteurs diversifiés,E01,5.5,True,0,0,0,0,0,1,0,1,0,1,1,1,0,0,0,0,0,0,0,0,0,0,0,0,0,0,0,1,0,1,1,1,0,0,0,1,0,0,0,1,1,0,1,1,1,0,0,1,1,1,1,0,0,1,0,0,0,0,0,0,0,0,0,0,1,0,0,0,0,1,0,0,1,0,1,0,0
896,2026-06-19,Beni,Malambo,Rughetsi,Femme,18 à 25 ans,Ménage retourné,1 à 2 ans,,Oui,Association,3,1,1,1,0,0,Oui,,0.3,,0.3,Oui,1,Faible,Vivriers diversifiés + élevage,E04,335.8,True,0,0,0,0,0,1,0,1,1,0,1,0,0,1,0,0,0,0,0,0,0,0,0,0,0,0,0,1,1,0,0,0,0,0,0,1,1,0,0,1,1,0,0,1,1,0,0,0,0,0,0,0,0,0,0,0,0,0,0,0,1,0,0,1,0,0,0,0,0,1,0,0,0,0,0,0,0
897,2026-06-19,Beni,Malambo,Rughetsi,Femme,Plus de 41 ans,Ménage retourné,1 à 2 ans,,Oui,Association,4,1,1,1,1,0,Oui,,0.5,,0.5,Oui,1,Faible,Riziculteurs diversifiés,E05,18.7,True,0,0,0,0,0,1,0,1,1,1,1,1,1,1,1,1,1,1,0,0,0,0,0,1,1,0,0,1,1,1,1,1,0,0,0,1,0,0,0,1,1,0,0,1,1,0,0,0,0,0,0,0,0,0,0,0,0,0,0,0,0,0,0,1,0,0,0,0,0,1,0,0,0,0,0,0,0
898,2026-06-19,Beni,Malambo,Rughetsi,Homme,26 à 35 ans,Ménage retourné,Moins de 6 mois,,Oui,Association,10,3,3,3,1,0,Oui,,1.0,,1.0,Oui,2,Faible,Riziculteurs diversifiés,E01,6.8,True,0,0,0,0,0,1,0,1,0,1,1,0,0,1,0,1,0,0,0,0,0,0,0,0,0,0,0,1,0,1,0,0,0,0,0,1,1,0,1,1,1,0,1,1,1,0,0,1,1,1,1,0,0,1,0,0,0,0,0,0,0,0,0,0,1,0,0,0,0,0,0,0,1,1,0,0,0
899,2026-06-19,Beni,Malambo,Rughetsi,Femme,26 à 35 ans,Ménage retourné,1 à 2 ans,,Oui,Association,5,1,1,2,1,0,Oui,,0.25,,0.25,Oui,1,Faible,Vivriers diversifiés + élevage,E03,1603.3,True,0,0,0,0,0,0,0,1,0,0,1,1,0,1,0,0,0,0,0,0,0,0,0,0,0,0,0,1,1,1,1,1,0,0,0,1,0,0,0,0,1,0,0,1,0,0,0,0,0,0,0,0,0,0,0,0,0,0,0,0,0,0,1,0,0,0,0,0,0,1,0,0,0,0,0,0,0
900,2026-06-19,Beni,Malambo,Rughetsi,Homme,18 à 25 ans,Ménage retourné,Moins de 6 mois,,Oui,Association,7,1,1,3,2,0,Oui,,1.0,,1.0,Oui,1,Faible,Vivriers diversifiés + élevage,E01,7.6,True,0,0,0,0,0,1,0,1,1,0,0,0,0,1,0,1,0,0,0,0,0,0,0,0,0,0,0,1,0,1,1,1,1,1,0,1,0,0,0,1,1,0,1,1,1,0,0,1,1,1,1,0,0,1,0,0,0,0,0,0,0,0,0,0,1,0,0,0,0,0,0,0,1,0,0,0,0
901,2026-06-19,Beni,Malambo,Kihome,Femme,36 à 40 ans,Ménage retourné,plus de 2 ans,,Oui,Autres,7,1,2,2,2,0,Oui,,0.5,,0.5,Oui,1,Faible,Vivriers diversifiés + élevage,E11,526.9,True,0,0,0,0,0,1,0,1,1,0,1,1,0,0,1,0,0,0,0,0,0,1,1,0,0,0,0,1,0,1,0,0,0,0,0,1,1,0,0,1,1,1,1,1,1,1,1,0,0,0,0,0,0,0,0,0,0,0,0,0,0,1,1,0,0,0,0,0,0,1,0,0,0,0,0,0,0
902,2026-06-19,Beni,Malambo,Rughetsi,Femme,18 à 25 ans,Ménage retourné,1 à 2 ans,,Oui,Association,6,1,1,2,2,0,Oui,,0.3,,0.3,Oui,1,Faible,Vivriers diversifiés + élevage,E04,322.2,True,0,0,0,0,0,1,0,1,1,0,1,1,0,0,0,0,0,0,0,0,0,0,0,0,0,0,0,1,1,0,0,0,0,0,0,1,1,0,0,1,1,0,0,1,1,0,0,0,0,0,0,0,0,0,0,0,0,0,0,1,0,0,0,1,0,0,0,0,0,1,0,0,0,0,0,0,0
903,2026-06-19,Beni,Malambo,Rughetsi,Homme,26 à 35 ans,Ménage retourné,Moins de 6 mois,,Oui,Association,7,1,1,3,2,0,Oui,,0.04,,0.04,Oui,2,Faible,Vivriers diversifiés + élevage,E01,6.8,True,0,0,0,0,0,0,0,1,1,0,1,0,0,1,0,1,0,0,0,0,0,0,0,0,0,0,0,1,0,1,1,1,0,1,0,1,1,0,1,1,1,0,1,1,1,0,0,1,1,1,1,0,0,1,0,0,0,0,0,0,0,0,0,0,1,0,0,0,0,0,0,0,1,0,0,1,0
904,2026-06-19,Beni,Malambo,Rughetsi,Femme,Plus de 41 ans,Ménage retourné,1 à 2 ans,,Oui,Association,8,2,4,1,1,0,Oui,,1.0,,1.0,Oui,1,Faible,Vivriers diversifiés + élevage,E03,1592.9,True,0,0,0,0,0,0,0,1,0,0,1,1,0,1,1,0,0,0,1,1,0,0,0,0,0,0,0,1,0,1,1,1,0,0,0,1,0,0,1,1,0,1,1,1,0,0,0,0,0,0,0,0,0,0,0,0,0,0,0,0,0,0,0,0,0,1,0,0,0,1,0,0,0,0,0,0,0
905,2026-06-19,Beni,Malambo,Rughetsi,Homme,26 à 35 ans,Ménage retourné,1 à 2 ans,,Non,,5,1,1,2,1,0,Oui,,0.4,,0.4,Oui,1,Faible,Riziculteurs diversifiés,E05,6.7,True,0,0,0,0,0,0,0,1,1,1,1,1,0,1,1,1,1,0,0,0,0,0,0,1,1,0,0,1,1,1,1,1,0,0,0,1,0,0,0,1,1,0,0,1,1,0,0,0,0,0,0,0,0,0,0,0,0,0,0,0,0,0,0,1,0,0,0,0,0,0,0,0,0,0,1,0,0
906,2026-06-19,Beni,Malambo,Rughetsi,Homme,18 à 25 ans,Ménage retourné,Moins de 6 mois,,Non,,5,1,1,3,0,0,Non,Oui,,0.03,0.03,Oui,4,Modérée,Petits producteurs peu diversifiés,E01,8.5,True,0,0,0,0,0,1,0,1,1,0,1,0,0,0,0,1,0,0,0,0,0,0,0,0,0,0,0,1,0,1,1,0,0,0,0,1,1,0,1,1,1,0,1,1,1,0,0,1,1,1,1,0,0,1,0,0,0,0,0,0,0,0,0,0,1,0,0,0,0,0,0,1,1,0,1,1,0
907,2026-06-19,Beni,Lume,Q. Ruwenzori,Femme,18 à 25 ans,Ménage retourné,plus de 2 ans,,Oui,Association,10,1,2,3,4,1,Oui,,0.15,,0.15,Oui,4,Modérée,Petits producteurs peu diversifiés,E07,1697.5,True,0,0,0,0,0,0,0,1,0,0,1,0,0,0,1,0,0,0,0,0,0,0,1,0,0,0,0,0,0,1,1,1,0,0,0,1,0,0,0,1,1,0,0,1,0,0,0,0,0,0,0,0,0,0,0,0,0,0,0,0,1,1,0,0,0,0,0,0,0,1,1,0,0,1,0,1,0
908,2026-06-19,Beni,Malambo,Kihome,Femme,26 à 35 ans,Ménage retourné,plus de 2 ans,,Oui,Autres,8,2,2,3,1,0,Oui,,0.5,,0.5,Oui,1,Faible,Vivriers diversifiés + élevage,E11,511.6,True,0,0,0,0,0,0,0,1,1,0,1,1,0,1,1,0,0,0,1,0,0,1,1,0,0,0,0,1,1,1,1,1,0,0,0,0,0,0,0,1,1,1,1,1,1,1,1,0,0,0,0,0,0,0,0,0,0,0,0,0,0,1,1,0,0,0,0,0,0,1,0,0,0,0,0,0,0
909,2026-06-19,Beni,Malambo,Rughetsi,Homme,36 à 40 ans,Ménage retourné,1 à 2 ans,,Oui,Association,4,1,1,0,2,0,Oui,,0.2,,0.2,Oui,1,Faible,Riziculteurs diversifiés,E05,8.0,True,0,0,0,0,0,1,0,1,1,1,1,1,0,1,1,1,1,0,1,1,0,0,0,1,1,0,0,1,1,1,1,1,0,0,0,1,0,0,0,1,1,0,0,1,1,0,0,0,0,0,0,0,0,0,0,0,0,0,0,0,0,0,0,1,0,0,0,0,0,0,0,0,0,0,0,1,0
910,2026-06-19,Beni,Malambo,Rughetsi,Femme,18 à 25 ans,Ménage retourné,1 à 2 ans,,Oui,Association,4,1,1,1,1,0,Oui,,0.4,,0.4,Oui,1,Faible,Vivriers diversifiés + élevage,E04,307.5,True,0,0,0,0,0,1,0,1,1,0,1,1,0,1,0,0,0,0,0,0,0,0,0,0,0,0,0,0,0,0,1,1,0,1,0,1,1,0,0,1,1,0,0,1,1,0,0,0,0,0,0,0,0,0,0,0,0,0,0,1,1,0,0,1,0,0,0,0,0,1,0,0,0,0,0,0,0
911,2026-06-19,Beni,Malambo,Rughetsi,Femme,26 à 35 ans,Ménage retourné,plus de 2 ans,,Oui,Association,8,1,1,3,3,0,Non,Oui,,0.3,0.3,Oui,2,Faible,Vivriers diversifiés + élevage,E03,1583.8,True,0,0,0,0,0,1,0,1,1,0,1,1,0,0,0,0,0,0,0,0,0,0,0,0,0,0,0,1,0,1,1,1,0,0,0,1,0,0,1,1,0,0,1,1,0,0,0,0,0,0,0,0,0,0,0,0,0,0,0,0,0,0,0,1,0,0,0,0,0,1,0,1,0,0,0,0,0
912,2026-06-19,Beni,Malambo,Rughetsi,Homme,18 à 25 ans,Ménage retourné,Moins de 6 mois,,Non,,6,1,1,2,2,0,Oui,,5.0,,5.0,Oui,2,Faible,Petits producteurs peu diversifiés,E01,9.1,True,0,0,0,0,0,1,0,1,0,0,1,0,0,0,0,1,0,0,0,0,0,0,0,0,0,0,0,1,0,0,1,0,0,0,0,1,1,0,1,1,1,0,1,1,1,0,0,0,1,1,1,0,0,1,0,0,0,0,0,0,0,0,0,0,0,0,0,0,0,0,0,0,1,0,1,0,0
913,2026-06-19,Beni,Malambo,Rughetsi,Homme,36 à 40 ans,Ménage retourné,1 à 2 ans,,Non,,4,1,1,1,1,0,Oui,,0.2,,0.2,Oui,2,Faible,Riziculteurs diversifiés,E05,5.0,True,0,0,0,0,0,0,0,1,1,1,1,0,0,1,1,1,1,0,0,0,0,0,0,1,1,0,0,1,1,1,1,1,0,0,0,1,0,0,0,1,1,0,0,1,1,0,0,0,0,0,0,0,0,0,0,0,0,0,0,0,0,0,0,1,0,0,0,0,0,0,0,0,0,0,1,1,0
914,2026-06-19,Beni,Malambo,Kihome,Femme,26 à 35 ans,Ménage retourné,plus de 2 ans,,Oui,Autres,4,1,1,2,0,0,Oui,,0.5,,0.5,Oui,1,Faible,Vivriers diversifiés + élevage,E11,500.5,True,0,0,1,0,0,1,1,1,1,0,1,0,0,1,1,0,1,0,0,1,0,1,1,0,0,1,0,1,1,1,1,1,0,0,0,1,1,0,0,1,1,1,1,1,1,1,1,0,0,0,0,0,0,0,0,0,0,0,0,0,0,1,1,0,0,0,0,0,0,1,0,0,0,0,0,0,0
915,2026-06-19,Beni,Malambo,Rughetsi,Femme,Plus de 41 ans,Ménage retourné,1 à 2 ans,,Oui,Association,8,1,1,3,3,0,Oui,,0.4,,0.4,Oui,1,Faible,Riziculteurs diversifiés,E05,5.8,True,0,0,0,0,0,1,0,1,1,1,1,1,0,1,1,1,1,0,0,0,0,0,0,1,1,0,0,1,1,1,1,1,0,0,0,1,0,0,0,1,1,0,0,1,1,0,0,0,0,0,0,0,0,0,0,0,0,0,0,0,0,0,0,1,0,0,0,0,0,1,0,0,0,0,0,0,0
916,2026-06-19,Beni,Malambo,Rughetsi,Homme,18 à 25 ans,Ménage retourné,6 à 12 mois,,Non,,5,1,1,2,1,0,Oui,,0.3,,0.3,Oui,2,Faible,Vivriers diversifiés + élevage,E01,5.7,True,0,0,0,0,0,0,0,1,0,0,1,0,0,1,0,1,0,0,0,0,0,0,0,0,0,0,0,1,0,1,1,1,0,0,0,1,0,0,0,1,1,0,1,1,1,0,0,1,1,1,1,0,0,1,0,0,0,0,0,0,0,0,0,0,1,0,0,0,0,0,0,0,1,0,1,0,0
917,2026-06-19,Beni,Malambo,Hurara,Femme,36 à 40 ans,Ménage retourné,1 à 2 ans,,Non,,5,1,1,3,0,0,Oui,,0.9,,0.9,,2,Faible,Petits producteurs peu diversifiés,E15,53.7,True,0,0,0,0,0,1,0,1,1,0,1,0,0,0,0,0,0,0,0,0,0,0,0,0,0,0,0,0,0,0,0,0,0,0,0,1,1,0,0,1,1,0,0,0,0,0,1,0,0,0,0,0,0,0,0,0,0,0,0,0,0,0,0,0,0,0,0,0,0,1,0,0,0,0,1,0,0
918,2026-06-19,Beni,Malambo,Rughetsi,Femme,18 à 25 ans,Ménage retourné,1 à 2 ans,,Oui,Association,4,1,1,2,0,0,Oui,,0.2,,0.2,Non,2,Faible,Petits producteurs peu diversifiés,E04,295.0,True,0,0,0,0,0,1,0,1,1,0,1,1,0,1,0,0,0,0,0,0,0,0,0,0,0,0,0,0,0,0,0,0,0,0,0,1,1,0,0,1,1,0,0,1,1,0,0,0,0,0,0,0,0,0,0,0,0,0,0,0,0,0,0,1,0,0,0,0,0,1,0,0,0,0,0,1,0
919,2026-06-19,Beni,Malambo,Rughetsi,Femme,26 à 35 ans,Ménage retourné,1 à 2 ans,,Oui,Association,6,1,1,3,1,0,Oui,,0.5,,0.5,Oui,1,Faible,Vivriers diversifiés + élevage,E03,1575.9,True,0,0,0,0,0,0,0,1,1,0,0,1,0,0,0,0,0,0,0,0,0,0,0,0,0,0,0,1,1,1,0,0,0,0,0,1,0,0,1,1,0,0,1,1,0,0,0,0,0,0,0,0,0,0,0,0,0,0,0,0,1,0,1,0,0,1,0,0,0,1,0,0,0,0,0,0,0
920,2026-06-19,Beni,Malambo,Rughetsi,Femme,26 à 35 ans,Ménage retourné,1 à 2 ans,,Non,,10,1,1,7,1,0,Oui,,0.4,,0.4,Oui,3,Modérée,Riziculteurs diversifiés,E05,22.5,True,0,0,0,0,0,1,0,1,1,1,1,1,0,1,1,1,1,0,0,0,0,0,0,1,1,0,0,1,1,1,1,1,0,0,0,1,0,0,0,1,1,0,0,1,1,0,0,0,0,0,0,0,0,0,0,0,0,0,0,0,0,0,0,1,0,0,0,0,0,1,0,0,0,1,1,0,0
921,2026-06-19,Beni,Malambo,Rughetsi,Homme,18 à 25 ans,Ménage retourné,Moins de 6 mois,,Oui,Association,8,3,3,1,1,0,Oui,,1.0,,1.0,Oui,1,Faible,Vivriers diversifiés + élevage,E01,8.5,True,0,0,0,0,0,0,0,1,0,0,0,1,0,1,0,0,0,0,0,0,0,0,0,0,0,0,0,1,0,1,1,1,1,0,0,1,1,0,1,1,1,0,1,1,1,0,0,1,1,1,1,0,0,1,0,0,0,0,0,0,0,0,0,0,1,0,0,0,0,0,0,0,1,0,0,0,0
922,2026-06-19,Beni,Malambo,Rughetsi,Femme,26 à 35 ans,Ménage retourné,plus de 2 ans,,Oui,Association,6,1,1,2,2,0,Oui,,0.25,,0.25,Non,1,Faible,Petits producteurs peu diversifiés,E03,1782.6,True,0,0,0,0,0,0,0,1,1,0,0,1,0,0,1,0,0,0,1,1,0,0,0,0,0,0,0,0,0,0,0,0,0,0,0,1,0,0,0,0,1,0,0,1,0,0,0,0,0,0,0,0,0,0,0,0,0,0,0,0,0,1,0,0,0,0,1,0,0,1,0,0,0,0,0,0,0
923,2026-06-19,Beni,Malambo,Rughetsi,Femme,18 à 25 ans,Ménage retourné,1 à 2 ans,,Oui,Association,6,1,1,2,2,0,Oui,,0.3,,0.3,Oui,1,Faible,Vivriers diversifiés + élevage,E04,283.6,True,0,0,0,0,0,1,0,1,1,0,1,1,0,1,0,0,0,0,0,0,0,0,0,0,0,0,0,1,0,1,0,0,0,0,0,1,1,0,0,1,1,0,0,1,1,0,0,0,0,0,0,0,0,0,0,0,0,0,0,0,1,0,0,1,0,0,0,0,0,1,0,0,0,0,0,0,0
924,2026-06-19,Beni,Malambo,Rughetsi,Homme,18 à 25 ans,Ménage retourné,Moins de 6 mois,,Non,,5,1,1,2,1,0,Oui,,0.03,,0.03,Oui,3,Modérée,Vivriers diversifiés + élevage,E01,5.8,True,0,0,0,0,0,1,0,1,1,0,1,0,0,1,0,1,0,0,0,0,0,0,0,0,0,0,0,1,0,1,1,0,1,0,0,1,0,0,0,1,1,0,1,1,1,0,0,1,1,1,1,0,0,1,0,0,0,0,0,0,0,0,0,0,0,0,0,0,0,0,0,0,1,0,1,1,0
925,2026-06-19,Beni,Malambo,Kihome,Femme,36 à 40 ans,Ménage retourné,plus de 2 ans,,Oui,Autres,8,2,3,2,1,0,Oui,,0.5,,0.5,Oui,1,Faible,Vivriers diversifiés + élevage,E11,478.0,False,0,1,0,0,0,1,1,1,1,0,1,1,0,0,1,0,1,0,0,1,0,0,1,0,0,0,0,1,0,1,1,1,0,0,0,1,1,0,0,1,1,1,1,1,1,1,1,0,0,0,0,0,0,0,0,0,0,0,0,0,0,1,1,0,0,0,0,0,0,1,0,0,0,0,0,0,0
926,2026-06-19,Beni,Malambo,Rughetsi,Femme,26 à 35 ans,Ménage retourné,1 à 2 ans,,Oui,Association,8,1,1,3,3,0,Oui,,0.2,,0.2,Oui,2,Faible,Vivriers diversifiés + élevage,E04,274.0,True,0,0,0,0,0,1,0,1,1,0,1,1,0,1,0,0,0,0,0,0,0,0,0,0,0,0,0,1,0,1,1,1,0,0,0,1,1,0,0,1,1,0,0,1,1,0,0,0,0,0,0,0,0,0,0,0,0,0,0,0,1,0,0,1,0,0,0,0,0,1,0,0,0,0,0,1,0
927,2026-06-19,Beni,Malambo,Rughetsi,Homme,18 à 25 ans,Ménage retourné,Moins de 6 mois,,Oui,Association,5,1,1,1,2,0,Oui,,0.4,,0.4,Oui,1,Faible,Vivriers diversifiés + élevage,E01,5.7,True,0,0,0,0,0,0,0,1,1,0,1,1,0,0,0,1,0,0,0,0,0,0,0,0,0,0,0,1,0,1,0,0,0,0,0,1,0,0,0,1,1,0,1,1,1,0,0,1,1,1,1,0,0,1,0,0,0,0,0,0,0,0,0,0,1,0,0,0,0,0,0,0,1,0,0,0,0
928,2026-06-19,Beni,Malambo,Rughetsi,Femme,26 à 35 ans,Ménage retourné,plus de 2 ans,,Oui,Association,6,1,1,3,1,0,Oui,,0.5,,0.5,Oui,1,Faible,Vivriers diversifiés + élevage,E03,1770.4,True,0,0,0,0,0,1,0,1,1,0,1,1,0,0,0,0,0,0,0,0,0,0,0,0,0,0,0,1,0,1,0,0,0,0,0,1,0,0,1,0,0,0,1,1,0,0,0,0,0,0,0,0,0,0,0,0,0,0,0,0,1,0,1,0,0,1,0,0,0,1,0,0,0,0,0,0,0
929,2026-06-19,Beni,Malambo,Hurara,Homme,36 à 40 ans,Ménage retourné,6 à 12 mois,,Non,,5,2,,,3,0,Oui,,0.7,,0.7,,2,Faible,Petits producteurs peu diversifiés,E15,28.8,True,0,0,1,0,0,0,1,1,1,0,0,1,0,0,0,0,0,0,0,0,0,0,0,0,0,0,0,0,0,0,0,0,0,0,0,1,0,0,0,1,0,1,0,0,0,0,1,0,0,0,0,0,0,0,0,0,0,0,0,1,0,1,0,1,0,0,1,0,0,0,0,0,1,0,1,0,0
930,2026-06-19,Beni,Malambo,Kihome,Femme,36 à 40 ans,Ménage retourné,plus de 2 ans,,Oui,Association,10,3,3,3,1,0,Oui,,1.5,,1.5,Oui,2,Faible,Vivriers diversifiés + élevage,E11,468.2,True,0,0,1,0,0,1,1,1,1,0,1,1,0,1,1,0,1,1,1,1,0,0,1,0,1,0,0,1,1,1,1,1,0,0,0,1,1,0,1,1,1,1,1,1,1,1,1,0,0,0,0,0,0,0,0,0,0,0,0,0,0,1,1,0,0,0,0,0,0,1,0,0,0,1,0,0,0
931,2026-06-19,Beni,Malambo,Rughetsi,Homme,26 à 35 ans,Ménage retourné,1 à 2 ans,,Oui,Association,7,1,1,2,3,0,Oui,,0.5,,0.5,Oui,0,Faible,Riziculteurs diversifiés,E05,15.9,True,0,0,0,0,0,1,0,1,1,1,1,1,0,1,1,1,1,1,1,1,0,0,0,1,1,0,0,1,1,1,1,1,0,0,0,1,0,0,0,1,0,0,0,1,1,0,0,0,0,0,0,0,0,0,0,0,0,0,0,0,0,0,0,1,0,0,0,0,0,0,0,0,0,0,0,0,0
932,2026-06-19,Beni,Malambo,Rughetsi,Homme,26 à 35 ans,Ménage retourné,1 à 2 ans,,Oui,Association,6,1,1,2,2,0,Oui,,0.4,,0.4,Non,0,Faible,Petits producteurs peu diversifiés,E04,266.3,True,0,0,0,0,0,0,0,1,1,0,0,1,0,1,0,0,0,0,0,0,0,0,0,0,0,0,0,0,0,0,0,0,0,0,0,1,1,0,0,1,1,0,0,1,1,0,0,0,0,0,0,0,0,0,0,0,0,0,0,1,0,0,0,1,0,0,0,0,0,0,0,0,0,0,0,0,0
933,2026-06-19,Beni,Malambo,Rughetsi,Homme,18 à 25 ans,Ménage retourné,Moins de 6 mois,,Oui,Association,4,1,1,2,0,0,Oui,,0.6,,0.6,Oui,1,Faible,Vivriers diversifiés + élevage,E01,7.7,True,0,0,0,0,0,0,0,1,1,0,1,1,0,0,0,1,0,0,0,0,0,0,0,0,0,0,0,1,0,1,1,0,1,0,0,1,0,0,0,1,1,0,1,1,1,0,0,0,1,1,1,0,0,1,0,0,0,0,0,0,0,0,0,0,1,0,0,0,0,0,0,0,1,0,0,0,0
934,2026-06-19,Beni,Malambo,Rughetsi,Homme,18 à 25 ans,Ménage retourné,plus de 2 ans,,Oui,Association,3,1,1,1,0,0,Oui,,1.0,,1.0,Oui,0,Faible,Vivriers diversifiés + élevage,E03,1762.9,True,0,0,0,0,0,1,0,1,0,0,1,1,0,0,1,1,0,0,1,1,1,0,0,1,0,0,0,1,0,1,1,0,1,1,0,1,0,0,0,1,0,0,1,1,0,0,0,0,0,0,0,0,0,0,0,0,0,0,0,0,0,0,0,0,0,1,0,0,0,0,0,0,0,0,0,0,0
935,2026-06-19,Beni,Malambo,Rughetsi,Femme,Plus de 41 ans,Ménage retourné,1 à 2 ans,,Oui,Association,10,1,1,4,4,0,Oui,,0.5,,0.5,Non,2,Faible,Petits producteurs peu diversifiés,E04,260.1,True,0,0,0,0,0,1,0,1,1,0,1,1,0,1,0,0,0,0,0,0,0,0,0,0,0,0,0,0,0,0,0,0,0,0,0,1,1,0,0,1,1,0,0,1,1,0,0,0,0,0,0,0,0,0,0,0,0,0,0,1,0,0,0,1,0,0,0,0,0,1,0,0,0,1,0,0,0
936,2026-06-19,Beni,Malambo,Rughetsi,Homme,18 à 25 ans,Ménage retourné,Moins de 6 mois,,Non,,4,1,1,1,1,0,Oui,,0.6,,0.6,Oui,2,Faible,Vivriers diversifiés + élevage,E01,5.6,True,0,0,0,0,0,1,0,1,1,0,0,1,0,0,0,1,0,0,0,0,0,0,0,0,0,0,0,1,0,1,1,1,0,0,0,1,1,0,0,1,1,0,1,1,1,0,1,1,1,1,1,0,0,1,0,0,0,0,0,0,0,0,0,0,1,0,0,0,0,0,0,0,1,0,1,0,0
937,2026-06-19,Beni,Malambo,Hurara,Homme,36 à 40 ans,Ménage retourné,1 à 2 ans,,Non,,6,1,2,1,2,0,Oui,,0.8,,0.8,,1,Faible,Petits producteurs peu diversifiés,E15,15.2,True,0,0,0,0,0,0,0,1,1,0,0,1,0,0,0,0,0,0,0,0,0,0,0,0,0,0,0,0,0,0,0,0,0,0,0,1,1,0,0,1,1,0,0,0,0,0,1,0,0,0,0,0,0,0,0,0,0,0,0,1,0,0,0,0,0,0,0,0,0,0,0,0,0,0,1,0,0
938,2026-06-19,Beni,Malambo,Kihome,Femme,26 à 35 ans,Ménage retourné,plus de 2 ans,,Oui,Autres,3,1,1,1,0,0,Oui,,0.4,,0.4,Oui,1,Faible,Vivriers diversifiés + élevage,E11,456.7,True,0,0,0,0,0,0,0,1,1,0,1,1,0,0,1,1,1,1,1,0,0,0,1,0,1,1,0,1,1,1,1,0,1,0,0,1,1,0,0,1,1,1,1,1,1,1,1,0,0,0,0,0,0,0,0,0,0,0,0,0,0,1,1,0,0,0,0,0,0,1,0,0,0,0,0,0,0
939,2026-06-19,Beni,Malambo,Rughetsi,Homme,Plus de 41 ans,Ménage retourné,plus de 2 ans,,Oui,Association,10,3,2,5,0,0,Oui,,1.0,,1.0,Oui,1,Faible,Vivriers diversifiés + élevage,E03,1756.6,True,0,0,0,0,0,0,0,1,0,0,1,0,0,0,1,0,1,0,0,0,1,0,0,1,1,0,0,1,1,1,1,1,0,0,0,1,1,0,0,1,1,0,0,1,0,0,0,0,0,0,0,0,0,0,0,0,0,0,0,0,0,0,0,0,0,0,0,0,0,0,0,0,0,1,0,0,0
940,2026-06-19,Beni,Malambo,Rughetsi,Homme,26 à 35 ans,Ménage retourné,1 à 2 ans,,Oui,Association,6,1,,3,2,0,Oui,,0.5,,0.5,Non,0,Faible,Petits producteurs peu diversifiés,E04,254.0,True,0,0,0,0,0,1,0,1,1,0,1,1,0,1,0,0,0,0,0,0,0,0,0,0,0,0,0,0,0,0,0,0,0,0,0,1,0,0,0,1,1,0,0,1,1,0,0,0,0,0,0,0,0,0,0,0,0,0,0,1,0,0,0,1,0,0,0,0,0,0,0,0,0,0,0,0,0
941,2026-06-19,Beni,Malambo,Hurara,Femme,36 à 40 ans,Ménage retourné,Moins de 6 mois,,Non,,5,1,2,2,0,0,Non,Oui,,0.4,0.4,Non,4,Modérée,Petits producteurs peu diversifiés,E08,30.9,True,0,0,1,0,0,1,1,1,1,0,0,0,0,0,0,0,0,0,0,0,0,0,0,0,0,0,0,0,0,0,0,0,0,0,0,1,0,0,1,1,0,0,1,1,1,1,0,1,0,0,0,0,0,0,0,0,0,0,0,0,0,0,1,0,0,0,0,0,0,1,0,1,1,0,1,0,0
942,2026-06-19,Beni,Malambo,Rughetsi,Homme,18 à 25 ans,Ménage retourné,6 à 12 mois,,Oui,Association,8,1,1,4,2,0,Non,Oui,,0.7,0.7,Oui,2,Faible,Riziculteurs diversifiés,E01,15.6,True,0,0,0,0,0,1,0,1,1,1,1,0,1,1,0,1,0,0,0,0,0,0,0,0,0,0,0,1,0,1,1,1,0,0,0,1,0,0,1,1,1,0,1,1,1,0,0,1,1,0,1,0,1,1,0,0,0,0,0,0,0,0,0,0,1,0,0,0,0,0,0,1,1,0,0,0,0
943,2026-06-19,Beni,Malambo,Rughetsi,Homme,26 à 35 ans,Ménage retourné,1 à 2 ans,,Oui,Association,7,1,1,2,3,0,Oui,,0.5,,0.5,Oui,0,Faible,Riziculteurs diversifiés,E05,6.3,True,0,0,0,0,0,1,0,1,1,1,0,1,1,1,1,1,1,0,1,1,0,0,0,1,1,0,0,1,1,1,1,1,0,0,0,1,0,0,0,1,0,0,0,1,1,0,0,0,0,0,0,0,0,0,0,0,0,0,0,0,0,0,0,1,0,0,0,0,0,0,0,0,0,0,0,0,0
944,2026-06-19,Beni,Malambo,Hurara,Homme,26 à 35 ans,Ménage retourné,1 à 2 ans,,Non,,8,2,3,1,2,0,Oui,,1.3,,1.3,,1,Faible,Petits producteurs peu diversifiés,E15,8.2,True,0,0,0,0,0,0,0,1,0,0,1,1,0,0,0,0,0,0,0,0,0,0,0,0,0,0,0,0,0,0,0,0,0,0,0,1,1,0,0,1,1,1,0,0,0,0,1,0,0,0,0,0,0,0,0,0,0,0,0,0,0,0,0,0,0,0,0,0,0,0,0,0,0,0,1,0,0
945,2026-06-19,Beni,Malambo,Rughetsi,Femme,26 à 35 ans,Ménage retourné,plus de 2 ans,,Oui,Association,8,1,1,4,2,0,Oui,,0.5,,0.5,Oui,1,Faible,Vivriers diversifiés + élevage,E03,329.2,True,0,0,0,0,0,0,0,1,1,0,1,1,0,0,1,0,1,0,0,0,1,0,0,1,0,0,0,1,0,1,1,1,0,0,0,1,0,0,0,1,0,0,0,1,0,0,0,0,0,0,0,0,0,0,0,0,0,0,0,0,0,0,1,0,0,1,0,0,0,1,0,0,0,0,0,0,0
946,2026-06-19,Beni,Malambo,Rughetsi,Femme,18 à 25 ans,Ménage retourné,1 à 2 ans,,Oui,Association,5,1,1,2,1,0,Oui,,0.3,,0.3,Oui,1,Faible,Vivriers diversifiés + élevage,E04,247.2,True,0,0,0,0,0,0,0,1,1,0,0,1,0,1,0,0,0,0,0,0,0,0,0,0,0,0,0,1,0,0,0,0,0,0,0,1,1,0,0,1,1,0,0,1,1,0,0,0,0,0,0,0,0,0,0,0,0,0,0,1,0,0,0,1,0,0,0,0,0,1,0,0,0,0,0,0,0
947,2026-06-19,Beni,Malambo,Rughetsi,Homme,Plus de 41 ans,Ménage retourné,1 à 2 ans,,Oui,Association,7,1,1,2,3,0,Oui,,1.0,,1.0,Oui,0,Faible,Riziculteurs diversifiés,E05,6.0,True,0,0,0,0,0,0,0,1,1,1,1,1,0,1,1,1,1,0,0,0,0,0,0,1,1,0,0,1,1,1,1,1,0,0,0,1,1,0,0,1,0,0,0,1,1,0,0,0,0,0,0,0,0,0,0,0,0,0,0,0,0,0,0,1,0,0,0,0,0,0,0,0,0,0,0,0,0
948,2026-06-19,Beni,Malambo,Kihome,Homme,26 à 35 ans,Ménage retourné,plus de 2 ans,,Oui,Association,4,1,1,2,0,0,Oui,,2.0,,2.0,Oui,0,Faible,Riziculteurs diversifiés,E11,443.5,True,0,0,0,0,0,1,0,1,1,1,1,0,0,0,1,0,1,0,0,0,1,0,1,0,0,1,0,1,0,1,1,1,0,0,0,1,1,0,0,1,1,1,1,1,1,1,1,0,0,0,0,0,0,0,0,0,0,0,0,0,0,1,1,0,0,0,0,0,0,0,0,0,0,0,0,0,0
949,2026-06-19,Beni,Malambo,Hurara,Femme,26 à 35 ans,Ménage retourné,1 à 2 ans,,,,3,1,2,,,0,Oui,,0.9,,0.9,Oui,1,Faible,Petits producteurs peu diversifiés,E15,53.4,True,0,0,0,0,0,0,0,1,1,0,1,0,0,0,0,0,0,0,0,0,0,0,0,0,0,0,0,0,0,1,0,0,0,0,0,0,0,0,0,1,1,1,0,1,1,0,0,0,0,0,0,0,0,0,0,0,0,0,0,0,1,0,0,0,0,0,0,0,0,1,0,0,0,0,0,0,0
950,2026-06-19,Beni,Malambo,Rughetsi,Homme,18 à 25 ans,Ménage retourné,1 à 2 ans,,Oui,Association,2,1,1,0,0,0,Oui,,0.3,,0.3,Oui,0,Faible,Riziculteurs diversifiés,E05,6.7,True,0,0,0,0,0,0,0,1,1,1,1,1,1,1,0,1,0,0,0,0,0,0,0,0,0,0,0,1,1,1,1,1,0,0,0,1,0,0,0,1,1,0,0,1,1,0,0,0,0,0,0,0,0,0,0,0,0,0,0,0,0,0,0,1,0,0,0,0,0,0,0,0,0,0,0,0,0
951,2026-06-19,Beni,Malambo,Rughetsi,Femme,Plus de 41 ans,Ménage retourné,plus de 2 ans,,Oui,Association,11,5,3,3,0,0,Oui,,1.0,,1.0,Oui,2,Faible,Vivriers diversifiés + élevage,E03,283.2,True,0,0,0,0,0,0,0,1,1,0,1,0,0,1,1,0,1,1,0,0,1,0,0,1,1,0,0,1,0,1,1,1,0,0,0,1,0,0,0,1,0,0,1,1,0,0,0,0,0,0,0,0,0,0,0,0,0,0,0,0,1,0,0,0,0,0,0,0,0,1,0,0,0,1,0,0,0
952,2026-06-19,Beni,Malambo,Rughetsi,Homme,18 à 25 ans,Famille d'accueil,,2,Oui,Association,12,2,2,4,4,0,Oui,,0.3,,0.3,Oui,2,Faible,Vivriers diversifiés + élevage,E01,10.3,True,0,0,0,0,0,1,0,1,1,0,1,1,0,0,0,1,0,0,0,0,0,0,0,0,0,0,0,1,1,0,1,1,0,0,0,1,0,1,1,1,1,1,1,1,1,0,0,0,1,1,1,0,0,1,0,0,0,0,0,0,0,0,0,0,0,0,0,0,0,0,0,0,0,1,0,0,1
953,2026-06-19,Beni,Malambo,Hurara,Homme,26 à 35 ans,Ménage retourné,6 à 12 mois,,Non,,2,1,1,,,0,Oui,,0.5,,0.5,,2,Faible,Petits producteurs peu diversifiés,E15,48.4,True,0,0,0,0,0,0,0,1,0,0,1,1,0,0,0,0,0,0,0,0,0,0,0,0,0,0,0,0,0,0,0,0,0,0,0,1,0,1,0,0,0,0,0,0,0,0,0,0,0,0,0,0,0,0,0,0,0,0,0,0,0,0,0,0,0,0,0,0,0,0,0,0,1,0,1,0,0
954,2026-06-19,Beni,Malambo,Rughetsi,Femme,26 à 35 ans,Ménage retourné,1 à 2 ans,,Non,,3,1,1,1,0,0,Oui,,0.2,,0.2,Oui,3,Modérée,Riziculteurs diversifiés,E05,4.4,True,1,0,0,0,0,1,1,1,1,1,1,1,0,1,0,1,0,0,0,0,0,0,0,0,0,0,0,1,1,1,1,1,0,0,0,1,0,0,0,1,1,0,0,1,1,0,0,0,0,0,0,0,0,0,0,0,0,0,0,0,0,0,0,1,0,0,0,0,0,1,0,0,0,0,1,1,0
955,2026-06-19,Beni,Malambo,Rughetsi,Homme,26 à 35 ans,Ménage retourné,1 à 2 ans,,Oui,Association,6,1,1,2,2,0,Oui,,0.4,,0.4,Oui,0,Faible,Vivriers diversifiés + élevage,E04,230.2,True,0,0,0,0,0,0,0,1,1,0,0,1,0,1,1,0,1,0,0,0,0,0,0,0,0,0,0,1,0,1,0,0,0,0,0,1,1,0,0,1,1,0,0,1,1,0,0,0,0,0,0,0,0,0,0,0,0,0,0,1,0,0,0,1,0,0,0,0,0,0,0,0,0,0,0,0,0
956,2026-06-19,Beni,Malambo,Rughetsi,Femme,26 à 35 ans,Ménage retourné,1 à 2 ans,,Oui,Association,6,1,1,1,3,0,Oui,,0.4,,0.4,Oui,1,Faible,Riziculteurs diversifiés,E05,6.8,True,0,0,0,0,0,0,0,1,1,1,1,1,0,1,1,1,1,0,0,0,0,0,0,1,1,0,0,1,1,1,1,1,0,0,0,1,0,0,0,1,0,0,0,1,1,0,0,0,0,0,0,0,0,0,0,0,0,0,0,0,0,0,0,1,0,0,0,0,0,1,0,0,0,0,0,0,0
957,2026-06-19,Beni,Malambo,Hurara,Femme,26 à 35 ans,Ménage retourné,1 à 2 ans,,Non,,4,1,1,1,1,0,Oui,,0.4,,0.4,Non,2,Faible,Petits producteurs peu diversifiés,E15,38.5,True,0,0,0,0,0,1,0,1,1,0,1,1,0,0,0,0,0,0,0,0,0,0,0,0,0,0,0,0,0,0,0,0,0,0,0,0,0,0,0,0,0,0,0,0,0,0,1,0,0,0,0,0,0,0,0,0,0,0,0,0,0,0,0,0,0,0,0,0,0,1,0,0,0,0,1,0,0
958,2026-06-19,Beni,Malambo,Rughetsi,Homme,26 à 35 ans,Ménage retourné,Moins de 6 mois,,Oui,Association,6,1,1,2,2,0,Oui,,0.5,,0.5,Oui,1,Faible,Vivriers diversifiés + élevage,E01,9.4,True,0,0,0,0,0,1,0,1,1,0,1,0,0,0,0,1,0,0,0,0,0,0,0,0,0,0,0,1,0,1,1,0,0,0,0,1,0,0,0,1,1,0,1,1,1,0,0,1,1,1,1,0,0,1,0,0,0,0,0,0,0,0,0,0,1,0,0,0,0,0,0,0,1,0,0,0,0
959,2026-06-19,Beni,Malambo,Kihome,Femme,36 à 40 ans,Ménage retourné,plus de 2 ans,,Oui,Association,5,1,1,1,2,0,Oui,,0.5,,0.5,Oui,1,Faible,Vivriers diversifiés + élevage,E11,426.0,True,0,0,0,0,0,1,0,1,1,0,0,1,0,1,1,0,0,0,0,0,0,1,1,0,0,0,0,1,0,1,1,1,0,0,0,1,1,0,0,1,1,1,1,1,1,1,1,0,0,0,0,0,0,0,0,0,0,0,0,0,0,1,1,0,0,0,0,0,0,1,0,0,0,0,0,0,0
960,2026-06-19,Beni,Malambo,Rughetsi,Femme,26 à 35 ans,Ménage retourné,1 à 2 ans,,Oui,Association,6,1,1,2,2,0,Oui,,0.3,,0.3,Non,1,Faible,Petits producteurs peu diversifiés,E04,223.0,True,0,0,0,0,0,0,0,1,1,0,0,1,0,0,0,0,0,0,0,0,0,0,0,0,0,0,0,0,0,0,0,0,0,0,0,1,0,0,0,1,1,0,0,1,1,0,0,0,0,0,0,0,0,0,0,0,0,0,0,1,0,0,0,1,0,0,0,0,0,1,0,0,0,0,0,0,0
961,2026-06-19,Beni,Malambo,Rughetsi,Homme,36 à 40 ans,Ménage retourné,plus de 2 ans,,Oui,Association,14,1,2,9,2,0,Oui,,2.0,,2.0,Oui,1,Faible,Vivriers diversifiés + élevage,E03,260.5,True,0,0,0,0,0,1,0,1,1,0,1,1,0,0,1,0,0,0,1,0,1,0,0,1,0,0,0,1,0,1,1,1,1,0,0,1,1,0,0,1,0,0,1,1,0,0,0,0,0,0,0,0,0,0,0,0,0,0,0,0,1,0,0,1,0,0,0,0,0,0,0,0,0,1,0,0,0
962,2026-06-19,Beni,Malambo,Hurara,Femme,26 à 35 ans,Ménage retourné,Moins de 6 mois,,Non,,4,1,1,0,2,0,Non,Oui,,0.2,0.2,Oui,5,Élevée,Petits producteurs peu diversifiés,E08,3.4,True,1,0,0,0,0,0,1,1,1,0,0,0,0,1,0,0,0,0,0,0,0,0,0,0,0,0,0,1,0,0,0,0,0,0,0,1,0,0,0,1,0,0,0,1,1,0,0,0,0,0,1,0,0,0,0,0,0,0,0,0,0,0,1,0,0,0,0,0,0,1,0,1,1,0,1,1,0
963,2026-06-19,Beni,Malambo,Rughetsi,Femme,26 à 35 ans,Ménage retourné,1 à 2 ans,,Non,,7,1,1,2,3,0,Oui,,0.3,,0.3,Oui,2,Faible,Riziculteurs diversifiés,E05,6.4,True,0,0,0,0,0,1,0,1,1,1,1,1,0,1,1,1,1,0,0,0,0,0,0,1,1,0,0,1,1,1,1,1,0,0,0,1,0,0,0,1,1,0,0,1,1,0,0,0,0,0,0,0,0,0,0,0,0,0,0,0,0,0,0,1,0,0,0,0,0,1,0,0,0,0,1,0,0
964,2026-06-19,Beni,Malambo,Hurara,Femme,26 à 35 ans,Ménage retourné,Moins de 6 mois,,Non,,3,0,1,1,1,0,Non,Non,,,,Oui,5,Élevée,Petits producteurs peu diversifiés,E08,3.4,True,1,0,0,0,0,0,1,0,0,0,0,0,0,0,0,0,0,0,0,0,0,0,0,0,0,0,0,0,0,1,0,0,0,0,0,1,0,0,0,1,0,0,0,1,1,1,1,1,0,0,0,0,0,0,0,0,0,0,0,0,0,0,1,0,0,1,0,0,0,1,0,1,1,0,1,1,0
965,2026-06-19,Beni,Malambo,Hurara,Femme,18 à 25 ans,Ménage retourné,6 à 12 mois,,,,3,1,1,1,0,0,Oui,,0.3,,0.3,Oui,2,Faible,Petits producteurs peu diversifiés,E15,29.6,True,0,0,0,0,0,0,0,1,0,0,1,0,0,0,0,0,0,0,0,0,0,0,0,0,0,0,0,1,0,1,0,0,0,0,0,1,1,0,0,1,1,0,0,0,0,0,0,0,0,0,0,0,0,0,0,0,0,0,0,0,0,0,0,0,0,0,0,0,0,1,0,0,1,0,0,0,0
966,2026-06-19,Beni,Malambo,Rughetsi,Homme,18 à 25 ans,Ménage retourné,6 à 12 mois,,Oui,Association,8,1,1,1,5,0,Oui,,0.5,,0.5,Oui,1,Faible,Vivriers diversifiés + élevage,E01,12.4,True,0,0,0,0,0,1,0,1,1,0,0,0,0,1,0,1,0,0,0,0,0,0,0,0,0,0,0,1,0,1,1,0,0,0,0,1,1,0,1,1,1,0,1,1,1,0,0,1,1,0,1,0,0,1,0,0,0,0,0,0,0,0,0,0,1,0,0,0,0,0,0,0,1,0,0,0,0
967,2026-06-19,Beni,Malambo,Hurara,Homme,Plus de 41 ans,Ménage retourné,6 à 12 mois,,Non,,1,1,0,0,0,0,Non,Non,,,,Oui,4,Modérée,Petits producteurs peu diversifiés,E08,3.6,True,1,0,0,0,0,1,1,0,0,0,0,0,0,0,0,0,0,0,0,0,0,0,0,0,0,0,0,0,0,1,0,0,0,0,0,1,1,0,0,1,0,0,1,1,1,1,1,1,0,0,0,0,0,0,0,0,0,0,0,0,0,0,1,0,0,0,0,0,0,0,0,1,1,0,1,1,0
968,2026-06-19,Beni,Malambo,Kihome,Femme,18 à 25 ans,Ménage retourné,plus de 2 ans,,Oui,Association,5,2,2,1,,0,Oui,,0.5,,0.5,Oui,1,Faible,Vivriers diversifiés + élevage,E11,414.7,True,0,0,1,0,0,1,1,1,1,0,1,1,0,0,1,0,0,0,1,1,0,0,1,0,0,0,0,0,0,1,1,1,0,0,0,1,1,0,0,1,1,1,1,1,1,1,1,0,0,0,0,0,0,0,0,0,0,0,0,0,0,1,1,0,0,0,0,0,0,1,0,0,0,0,0,0,0
969,2026-06-19,Beni,Malambo,Rughetsi,Femme,36 à 40 ans,Ménage retourné,1 à 2 ans,,Oui,Association,8,0,1,2,5,0,Oui,,0.3,,0.3,Oui,1,Faible,Riziculteurs diversifiés,E05,8.0,True,0,0,0,0,0,1,0,1,1,1,1,1,0,1,1,1,1,0,1,0,0,0,0,1,1,0,0,1,1,1,1,1,0,0,0,1,0,0,0,1,0,0,0,1,1,0,0,0,0,0,0,0,0,0,0,0,0,0,0,0,0,0,0,1,0,0,0,0,0,1,0,0,0,0,0,0,0
970,2026-06-19,Beni,Malambo,Rughetsi,Homme,26 à 35 ans,Ménage retourné,1 à 2 ans,,Oui,Coopérative,6,1,1,0,4,0,Oui,,0.4,,0.4,Oui,0,Faible,Vivriers diversifiés + élevage,E04,215.1,True,0,0,0,0,0,1,0,1,1,0,0,1,0,1,0,0,0,0,0,0,0,0,0,0,0,0,0,1,0,0,0,0,0,0,0,1,1,0,0,1,1,0,0,1,1,0,0,0,0,0,0,0,0,0,0,0,0,0,0,1,0,0,0,1,0,0,0,0,0,0,0,0,0,0,0,0,0
971,2026-06-19,Beni,Malambo,Hurara,Femme,26 à 35 ans,Ménage retourné,Moins de 6 mois,,Non,,7,1,1,2,3,0,Oui,,0.3,,0.3,Non,3,Modérée,Petits producteurs peu diversifiés,E08,3.9,True,1,0,0,0,0,1,1,1,1,0,0,1,0,1,0,0,0,0,0,0,0,0,0,0,0,0,0,0,0,0,0,0,0,0,0,1,0,0,0,1,0,0,1,1,1,1,0,1,0,0,0,0,0,0,0,0,0,0,0,0,0,0,1,0,0,0,0,0,0,1,0,0,1,0,1,0,0
972,2026-06-19,Beni,Malambo,Rughetsi,Homme,Plus de 41 ans,Ménage retourné,plus de 2 ans,,Oui,Association,9,2,2,1,4,0,Oui,,2.0,,2.0,Oui,1,Faible,Vivriers diversifiés + élevage,E03,247.8,True,0,0,0,0,0,1,0,1,0,0,1,0,1,0,1,0,1,0,0,0,1,0,0,1,1,0,0,1,1,1,1,1,0,0,1,1,0,0,0,1,1,0,0,1,0,0,0,0,0,0,0,0,0,0,0,0,0,0,0,0,0,0,0,0,0,1,0,0,0,0,0,0,0,1,0,0,0
973,2026-06-19,Beni,Malambo,Hurara,Homme,Plus de 41 ans,Ménage retourné,Moins de 6 mois,,Non,,13,5,2,3,3,0,Oui,,1.0,,1.0,Oui,3,Modérée,Vivriers diversifiés + élevage,E08,4.3,True,1,0,0,0,0,1,1,1,1,0,1,0,0,1,1,0,0,0,1,1,0,0,0,0,0,0,0,1,1,0,1,1,0,0,0,1,0,1,1,1,0,1,1,1,0,1,1,1,0,0,0,0,0,0,0,0,0,0,0,0,0,0,1,0,0,0,0,0,0,0,0,0,1,1,1,0,0
974,2026-06-19,Beni,Malambo,Rughetsi,Femme,18 à 25 ans,Ménage retourné,1 à 2 ans,,Oui,Association,4,1,1,1,1,0,Oui,,0.2,,0.2,Oui,2,Faible,Riziculteurs diversifiés,E05,7.3,True,0,0,0,0,0,1,0,1,1,1,1,0,0,1,1,1,1,0,0,0,0,0,0,1,1,0,0,1,1,1,1,1,0,0,0,1,0,0,0,1,0,0,0,1,1,0,0,0,0,0,0,0,0,0,0,0,0,0,0,0,0,0,0,1,0,0,0,0,0,1,0,0,0,0,0,1,0
975,2026-06-19,Beni,Malambo,Rughetsi,Femme,26 à 35 ans,Ménage retourné,1 à 2 ans,,Non,,8,1,1,2,4,0,Oui,,0.4,,0.4,Non,2,Faible,Petits producteurs peu diversifiés,E04,1640.5,True,0,0,0,0,0,1,0,1,1,0,0,1,0,1,0,0,0,0,0,0,0,0,0,0,0,0,0,0,0,0,0,0,0,0,0,1,0,0,0,1,1,0,0,1,1,0,0,0,0,0,0,0,0,0,0,0,0,0,0,1,0,0,0,1,0,0,0,0,0,1,0,0,0,0,1,0,0
976,2026-06-19,Beni,Malambo,Hurara,Femme,26 à 35 ans,Ménage retourné,1 à 2 ans,,Non,,4,1,1,0,2,0,Oui,,0.4,,0.4,Oui,2,Faible,Vivriers diversifiés + élevage,E15,16.7,True,0,0,0,0,0,0,0,1,1,0,0,1,0,0,0,0,0,0,0,0,0,0,0,0,0,0,0,1,0,1,0,0,0,0,0,1,1,0,0,1,1,1,0,0,0,0,1,0,0,0,0,0,0,0,0,0,0,0,0,0,0,0,0,0,0,0,0,0,0,1,0,0,0,0,1,0,0
977,2026-06-19,Beni,Malambo,Kihome,Femme,18 à 25 ans,Ménage retourné,plus de 2 ans,,Oui,Association,4,1,1,1,1,0,Oui,,0.5,,0.5,Oui,1,Faible,Vivriers diversifiés + élevage,,404.5,True,0,0,0,0,0,1,0,1,1,0,1,1,0,1,1,0,0,0,1,1,0,0,1,1,0,0,0,1,0,1,0,0,0,0,0,1,1,0,0,1,1,1,1,1,1,1,1,0,0,0,0,0,0,0,0,0,0,0,0,0,0,1,1,0,0,0,0,0,0,1,0,0,0,0,0,0,0
978,2026-06-19,Beni,Malambo,Rughetsi,Homme,18 à 25 ans,Ménage retourné,Moins de 6 mois,,Oui,Association,3,1,1,1,0,0,Oui,,0.05,,0.05,Oui,2,Faible,Vivriers diversifiés + élevage,E01,7.0,True,0,0,0,0,0,1,0,1,1,0,1,1,0,1,0,1,0,0,0,0,0,0,0,0,0,0,0,1,0,0,0,0,0,0,0,1,0,0,0,1,1,0,1,1,1,0,0,0,1,1,1,0,0,1,0,0,0,0,0,0,0,0,0,0,0,0,0,0,0,0,0,0,1,0,0,1,0
979,2026-06-19,Beni,Malambo,Hurara,Homme,36 à 40 ans,Ménage retourné,6 à 12 mois,,Non,,6,2,1,1,2,0,Oui,,1.0,,1.0,Oui,2,Faible,Vivriers diversifiés + élevage,E08,4.2,True,1,0,0,0,0,0,1,1,1,0,0,1,0,0,1,0,0,0,0,0,0,0,0,1,1,0,0,1,0,1,1,1,0,0,0,1,1,1,0,1,0,1,1,1,1,1,1,1,0,0,1,0,0,0,0,0,0,0,0,0,0,1,1,0,0,0,0,0,0,0,0,0,1,0,1,0,0
980,2026-06-19,Beni,Malambo,Hurara,Femme,26 à 35 ans,Ménage retourné,1 à 2 ans,,,,3,,,,,0,Oui,,0.45,,0.45,Oui,1,Faible,Petits producteurs peu diversifiés,E15,11.9,True,0,0,0,0,0,0,0,1,1,0,1,1,0,0,0,0,0,0,0,0,0,0,0,0,0,0,0,0,0,1,0,0,0,0,0,1,1,0,0,1,1,1,0,0,1,1,0,0,0,0,0,0,0,0,0,0,0,0,0,0,0,0,0,0,0,0,0,0,0,1,0,0,0,0,0,0,0
981,2026-06-19,Beni,Malambo,Rughetsi,Femme,Plus de 41 ans,Ménage retourné,1 à 2 ans,,Oui,Association,8,1,1,2,4,0,Oui,,0.5,,0.5,Oui,1,Faible,Riziculteurs diversifiés,E05,6.2,True,0,0,0,0,0,1,0,1,1,1,1,1,0,1,1,1,1,0,1,1,0,0,0,1,1,0,0,1,1,1,1,1,0,0,0,1,0,0,0,1,0,0,0,1,1,0,0,0,0,0,0,0,0,0,0,0,0,0,0,0,0,0,0,1,0,0,0,0,0,1,0,0,0,0,0,0,0
982,2026-06-19,Beni,Malambo,Hurara,Homme,Plus de 41 ans,Ménage retourné,1 à 2 ans,,Non,,4,2,0,2,0,0,Oui,,0.36,,0.36,Oui,1,Faible,Vivriers diversifiés + élevage,E08,10.0,True,0,0,0,0,0,1,0,1,1,0,1,0,0,1,1,0,0,0,0,0,0,0,1,1,0,0,0,1,0,1,0,0,0,0,0,1,0,1,1,1,0,1,1,1,1,1,1,0,0,0,1,0,0,0,0,0,0,0,0,0,0,0,1,0,0,0,0,0,0,0,0,0,0,0,1,0,0
983,2026-06-19,Beni,Malambo,Rughetsi,Homme,18 à 25 ans,Ménage retourné,Moins de 6 mois,,Oui,Association,5,1,1,2,1,0,Oui,,0.5,,0.5,Oui,1,Faible,Vivriers diversifiés + élevage,E01,5.9,True,0,0,0,0,0,1,0,1,1,0,1,1,0,1,0,1,0,0,0,0,0,0,0,0,0,0,0,1,0,0,1,0,1,0,0,1,0,0,0,1,1,0,1,1,1,0,0,1,1,1,1,0,0,1,0,0,0,0,0,0,0,0,0,0,1,0,0,0,0,0,0,0,1,0,0,0,0
984,2026-06-19,Beni,Malambo,Hurara,Homme,36 à 40 ans,Ménage retourné,1 à 2 ans,,Non,,5,2,2,1,0,0,Oui,,0.6,,0.6,Oui,1,Faible,Vivriers diversifiés + élevage,E15,6.1,True,0,0,0,0,0,0,0,1,1,0,1,1,0,0,0,0,0,0,0,0,0,0,0,0,0,0,0,1,0,1,0,0,0,0,0,0,0,0,0,1,1,0,0,1,1,1,0,0,0,0,0,0,0,0,0,0,0,0,0,0,0,0,0,0,0,0,0,0,0,0,0,0,0,0,1,0,0
985,2026-06-19,Beni,Malambo,Rughetsi,Femme,26 à 35 ans,Ménage retourné,1 à 2 ans,,Oui,Association,7,1,1,2,3,0,Oui,,0.1,,0.1,Oui,2,Faible,Riziculteurs diversifiés,E05,7.9,True,0,0,0,0,0,0,0,1,1,1,1,1,0,1,0,1,0,0,0,0,0,0,0,0,0,0,0,1,1,1,1,1,0,0,0,1,0,0,0,1,0,0,0,1,1,0,0,0,0,0,0,0,0,0,0,0,0,0,0,0,0,0,0,1,0,0,0,0,0,1,0,0,0,0,0,1,0
986,2026-06-19,Beni,Malambo,Kihome,Homme,26 à 35 ans,Ménage retourné,plus de 2 ans,,Oui,Autres,7,1,2,3,1,0,Oui,,0.35,,0.35,Oui,0,Faible,Riziculteurs diversifiés,E11,391.3,True,0,0,0,0,0,0,0,1,1,1,1,1,0,1,1,0,1,1,1,1,0,0,1,0,1,0,0,1,1,1,1,1,1,0,0,1,1,0,0,1,1,1,1,1,1,1,1,0,0,0,0,0,0,0,0,0,0,0,0,0,0,1,1,0,0,0,0,0,0,0,0,0,0,0,0,0,0
987,2026-06-19,Beni,Malambo,Rughetsi,Homme,18 à 25 ans,Ménage retourné,Moins de 6 mois,,Oui,Association,10,1,1,3,5,0,Oui,,0.5,,0.5,Oui,2,Faible,Vivriers diversifiés + élevage,E01,9.3,True,0,0,0,0,0,0,0,1,1,0,0,1,0,0,0,1,0,0,0,0,0,0,0,0,0,0,0,1,0,1,1,0,0,0,0,1,0,0,0,1,1,0,1,1,1,0,0,1,1,1,1,0,0,1,0,0,0,0,0,0,0,0,0,0,1,0,0,0,0,0,0,0,1,1,0,0,0
988,2026-06-19,Beni,Malambo,Hurara,Homme,26 à 35 ans,Ménage retourné,6 à 12 mois,,Non,,5,1,2,1,1,0,Oui,,0.4,,0.4,Oui,2,Faible,Riziculteurs diversifiés,E08,4.9,True,1,0,0,0,0,1,1,1,1,1,0,1,0,0,0,0,0,0,0,0,0,0,0,0,0,0,0,0,0,0,1,1,0,0,0,1,0,1,1,1,0,1,1,1,1,1,1,1,0,0,1,0,0,0,0,0,0,0,0,0,0,0,1,0,0,0,0,0,0,0,0,0,1,0,1,0,0
989,2026-06-19,Beni,Malambo,Rughetsi,Homme,26 à 35 ans,Ménage retourné,plus de 2 ans,,Oui,Association,9,1,1,2,5,0,Oui,,0.5,,0.5,Oui,1,Faible,Vivriers diversifiés + élevage,E03,220.2,True,0,0,0,0,0,1,0,1,0,0,1,1,0,0,1,0,1,0,1,0,0,0,0,0,0,0,0,1,0,1,1,1,0,0,0,1,1,0,0,0,1,0,0,1,1,0,0,0,0,0,0,0,0,0,0,0,0,0,0,0,0,0,0,0,0,0,1,0,0,0,0,0,0,1,0,0,0
990,2026-06-19,Beni,Malambo,Rughetsi,Femme,18 à 25 ans,Ménage retourné,1 à 2 ans,,Oui,Association,6,1,1,3,1,0,Oui,,0.0,,0.0,Non,2,Faible,Petits producteurs peu diversifiés,E04,1621.1,True,0,0,0,0,0,1,0,1,1,0,1,1,0,1,0,0,0,0,0,0,0,0,0,0,0,0,0,0,0,0,0,0,0,0,0,1,1,0,0,1,1,0,0,1,1,0,0,0,0,0,0,0,0,0,0,0,0,0,0,1,0,0,0,1,0,0,0,0,0,1,0,0,0,0,0,1,0
991,2026-06-19,Beni,Malambo,Rughetsi,Homme,Plus de 41 ans,Ménage retourné,1 à 2 ans,,Oui,Association,7,1,1,2,3,0,Oui,,0.2,,0.2,Oui,1,Faible,Riziculteurs diversifiés,E05,6.1,True,0,0,0,0,0,1,0,1,1,1,1,1,0,1,1,1,1,0,0,0,0,0,0,1,1,0,0,1,1,1,1,1,0,0,0,1,0,0,0,1,0,0,0,1,1,0,0,0,0,0,0,0,0,0,0,0,0,0,0,0,0,0,0,1,0,0,0,0,0,0,0,0,0,0,0,1,0
992,2026-06-19,Beni,Malambo,Hurara,Homme,36 à 40 ans,Ménage retourné,1 à 2 ans,,Non,,5,1,1,1,2,0,Oui,,1.0,,1.0,Oui,1,Faible,Vivriers diversifiés + élevage,E08,4.1,True,1,0,0,0,0,0,1,1,1,0,0,1,0,0,1,0,0,0,0,0,0,0,1,1,1,0,0,1,0,1,1,1,0,0,0,1,0,1,1,1,0,1,1,1,0,1,1,1,0,0,0,1,0,0,0,0,0,0,0,0,0,0,1,0,0,0,0,0,0,0,0,0,0,0,1,0,0
993,2026-06-19,Beni,Malambo,Rughetsi,Homme,18 à 25 ans,Ménage retourné,6 à 12 mois,,Oui,Association,9,1,1,3,4,0,Oui,,0.5,,0.5,Oui,2,Faible,Vivriers diversifiés + élevage,E01,19.5,True,0,0,0,0,0,1,0,1,1,0,1,1,0,0,0,1,0,0,0,0,0,0,0,0,0,0,0,1,0,0,0,0,0,0,0,1,0,0,0,1,1,0,1,1,1,0,0,1,1,1,1,0,0,1,0,0,0,0,0,0,0,0,0,0,1,0,0,0,0,0,0,0,1,1,0,0,0
994,2026-06-19,Beni,Malambo,Kihome,Femme,18 à 25 ans,Ménage retourné,plus de 2 ans,,Oui,Association,3,1,1,1,0,0,Oui,,0.2,,0.2,Oui,2,Faible,Vivriers diversifiés + élevage,E11,381.0,True,0,0,0,0,0,1,0,1,1,0,1,0,0,0,0,0,0,0,0,0,0,0,0,0,0,0,0,1,0,1,1,1,0,0,0,1,1,0,0,1,1,1,1,1,1,1,1,0,0,0,0,0,0,0,0,0,0,0,0,0,0,1,1,0,0,0,0,0,0,1,0,0,0,0,0,1,0
995,2026-06-19,Beni,Malambo,Hurara,Femme,26 à 35 ans,Ménage retourné,1 à 2 ans,,Non,,6,1,2,1,2,0,Oui,,0.6,,0.6,,2,Faible,Petits producteurs peu diversifiés,E15,137.1,True,0,0,0,0,0,0,0,1,1,0,1,0,0,0,0,0,0,0,0,0,0,0,0,0,0,0,0,0,0,0,0,0,0,0,0,1,1,0,0,1,1,0,0,0,0,0,0,0,0,0,0,0,0,0,0,0,0,0,0,0,0,0,0,0,0,0,0,0,0,1,0,0,0,0,1,0,0
996,2026-06-19,Beni,Malambo,Hurara,Femme,26 à 35 ans,Ménage retourné,6 à 12 mois,,Non,,5,3,1,1,0,0,Oui,,0.15,,0.15,Oui,4,Modérée,Vivriers diversifiés + élevage,E08,4.8,True,1,0,0,0,0,0,1,1,1,0,0,1,0,1,0,0,0,0,0,0,0,0,0,0,0,0,0,0,0,1,1,0,1,1,0,1,0,1,1,1,0,1,1,1,0,1,1,0,0,0,1,0,0,1,0,0,0,0,0,0,0,0,1,0,0,0,0,0,0,1,0,0,1,0,1,1,0
997,2026-06-19,Beni,Malambo,Rughetsi,Homme,Plus de 41 ans,Ménage retourné,1 à 2 ans,,Oui,Association,9,1,1,4,3,0,Oui,,0.4,,0.4,Oui,1,Faible,Riziculteurs diversifiés,E05,5.8,True,0,0,0,0,0,0,0,1,1,1,1,1,0,1,1,1,1,0,1,1,0,0,1,1,1,0,0,1,1,1,1,1,0,0,0,1,0,0,0,1,1,0,0,1,1,0,0,0,0,0,0,0,0,0,0,0,0,0,0,0,0,0,0,1,0,0,0,0,0,0,0,0,0,1,0,0,0
998,2026-06-19,Beni,Malambo,Hurara,Homme,36 à 40 ans,Ménage retourné,1 à 2 ans,,Non,,6,1,1,0,4,0,Oui,,0.9,,0.9,Oui,1,Faible,Riziculteurs diversifiés,E08,3.6,True,1,0,0,0,0,0,1,1,1,1,0,0,0,1,0,0,0,0,0,0,0,0,0,0,0,0,0,1,0,1,1,1,0,0,0,1,0,1,1,1,0,1,1,1,1,1,1,0,0,0,1,1,0,0,0,0,0,0,0,0,0,1,1,0,0,0,0,0,0,0,0,0,0,0,1,0,0
999,2026-06-19,Beni,Malambo,Rughetsi,Femme,Plus de 41 ans,Ménage retourné,1 à 2 ans,,Oui,Association,4,1,0,1,2,0,Oui,,0.3,,0.3,Oui,1,Faible,Riziculteurs diversifiés,E05,7.1,True,0,0,0,0,0,1,0,1,1,1,1,1,0,1,1,1,1,0,1,0,0,1,1,1,1,0,0,1,1,1,1,1,0,0,0,1,0,0,0,1,1,0,0,1,1,0,0,0,0,0,0,0,0,0,0,0,0,0,0,0,0,0,0,1,0,0,0,0,0,1,0,0,0,0,0,0,0
1000,2026-06-19,Beni,Malambo,Hurara,Homme,36 à 40 ans,Ménage retourné,1 à 2 ans,,Non,,3,1,1,1,0,0,Oui,,0.5,,0.5,Oui,1,Faible,Vivriers diversifiés + élevage,E08,5.0,True,0,0,0,0,0,1,0,1,1,0,1,0,0,1,1,0,0,0,0,0,0,0,0,1,1,0,0,1,0,0,1,0,1,0,0,1,0,1,1,1,0,1,1,1,1,1,1,1,0,0,0,0,0,0,0,0,0,0,0,0,0,0,1,0,0,0,0,0,0,0,0,0,0,0,1,0,0
1001,2026-06-19,Beni,Malambo,Autres villages,Femme,Plus de 41 ans,Ménage retourné,plus de 2 ans,,Non,,8,0,1,2,5,0,Oui,,0.2,,0.2,Oui,3,Modérée,Petits producteurs peu diversifiés,E11,368.9,True,0,0,0,0,0,0,0,1,1,0,1,0,0,0,0,0,0,0,0,0,0,0,0,0,0,0,0,0,0,1,0,0,0,0,0,1,1,0,1,1,1,1,1,1,1,1,1,0,0,0,0,0,0,0,0,0,0,0,0,0,0,1,1,0,0,0,0,0,0,1,0,0,0,0,1,1,0
1002,2026-06-19,Beni,Malambo,Rughetsi,Femme,Plus de 41 ans,Ménage retourné,1 à 2 ans,,Oui,Association,6,0,1,5,0,0,Oui,,0.2,,0.2,Non,2,Faible,Petits producteurs peu diversifiés,E04,1603.5,True,0,0,0,0,0,1,0,1,0,0,1,0,0,0,0,1,0,0,0,0,0,0,0,0,0,0,0,0,0,0,0,0,0,0,0,0,0,0,1,1,0,0,0,1,1,0,0,0,0,0,0,0,0,0,0,0,0,0,0,1,0,0,0,1,0,0,0,0,0,1,0,0,0,0,0,1,0
1003,2026-06-19,Beni,Malambo,Rughetsi,Femme,26 à 35 ans,Ménage retourné,1 à 2 ans,,Oui,Association,6,1,1,2,2,0,Oui,,0.2,,0.2,Oui,2,Faible,Riziculteurs diversifiés,E05,5.1,True,0,0,0,0,0,1,0,1,1,1,1,0,0,1,1,1,1,0,0,0,0,0,0,1,1,0,0,1,1,1,1,1,0,0,0,1,0,0,0,1,1,0,0,1,1,0,0,0,0,0,0,0,0,0,0,0,0,0,0,0,0,0,0,1,0,0,0,0,0,1,0,0,0,0,0,1,0
1004,2026-06-19,Beni,Malambo,Hurara,Homme,26 à 35 ans,Ménage retourné,plus de 2 ans,,Non,,4,1,1,2,0,0,Oui,,0.3,,0.3,Oui,1,Faible,Vivriers diversifiés + élevage,E08,6.0,True,0,0,0,0,0,0,0,1,1,0,0,0,0,1,0,0,0,0,0,0,0,0,0,0,0,0,0,1,0,1,0,0,0,0,0,1,0,1,1,1,0,1,1,1,0,1,1,0,1,0,1,0,0,0,0,0,0,0,0,0,0,0,1,0,0,0,0,0,0,0,0,0,0,0,1,0,0
1005,2026-06-19,Beni,Malambo,Rughetsi,Homme,18 à 25 ans,Ménage retourné,Moins de 6 mois,,Oui,Association,7,1,1,5,0,0,Oui,,0.5,,0.5,Oui,1,Faible,Vivriers diversifiés + élevage,E01,6.5,True,0,0,0,0,0,0,0,1,1,0,0,1,0,0,0,1,0,0,0,0,0,0,0,0,0,0,0,1,1,0,0,0,0,0,0,1,0,0,0,1,1,0,1,1,1,0,0,1,1,0,1,0,1,1,0,0,0,0,0,0,0,0,0,0,1,0,0,0,0,0,0,0,1,0,0,0,0
1006,2026-06-19,Beni,Malambo,Rughetsi,Femme,26 à 35 ans,Ménage retourné,1 à 2 ans,,Oui,Association,5,1,1,1,2,0,Oui,,0.2,,0.2,Oui,2,Faible,Riziculteurs diversifiés,E05,4.6,True,1,0,0,0,0,0,1,1,1,1,1,1,0,1,1,1,1,0,0,0,0,0,0,1,1,0,0,1,1,1,1,1,0,0,0,1,0,0,0,1,1,0,0,1,1,0,0,0,0,0,0,0,0,0,0,0,0,0,0,0,0,0,0,1,0,0,0,0,0,1,0,0,0,0,0,1,0
1007,2026-06-19,Beni,Malambo,Rughetsi,Femme,18 à 25 ans,Ménage retourné,1 à 2 ans,,Oui,Association,4,1,1,1,1,0,Oui,,0.2,,0.2,Oui,2,Faible,Riziculteurs diversifiés,E05,4.5,True,1,0,0,0,0,1,1,1,1,1,1,1,0,1,0,1,0,0,0,0,0,0,0,0,0,0,0,1,1,1,1,1,0,0,0,1,0,0,0,1,1,0,0,1,1,0,0,0,0,0,0,0,0,0,0,0,0,0,0,0,0,0,0,1,0,0,0,0,0,1,0,0,0,0,0,1,0
1008,2026-06-19,Beni,Malambo,Rughetsi,Femme,18 à 25 ans,Ménage retourné,1 à 2 ans,,Oui,Association,6,1,1,1,3,0,Oui,,0.2,,0.2,Oui,2,Faible,Riziculteurs diversifiés,E05,6.1,True,0,0,1,0,0,1,1,1,1,1,1,0,0,1,0,1,0,0,0,0,0,0,0,0,0,0,0,1,1,1,1,1,0,0,0,1,0,0,0,1,0,0,0,1,1,0,0,0,0,0,0,0,0,0,0,0,0,0,0,0,0,0,0,1,0,0,0,0,0,1,0,0,0,0,0,1,0
1009,2026-06-19,Beni,Malambo,Autres villages,Femme,Plus de 41 ans,Ménage retourné,plus de 2 ans,,Non,,8,2,5,1,0,0,Oui,,0.25,,0.25,Oui,2,Faible,Vivriers diversifiés + élevage,E11,347.8,True,0,0,0,0,0,1,0,1,1,0,0,1,0,0,0,0,0,0,0,0,0,0,0,0,0,0,0,1,0,1,1,1,0,0,0,1,1,0,0,1,1,1,1,1,1,1,1,0,0,0,0,0,0,0,0,0,0,0,0,0,0,1,1,0,0,0,0,0,0,1,0,0,0,0,1,0,0
1010,2026-06-19,Beni,Malambo,Rughetsi,Homme,26 à 35 ans,Ménage retourné,1 à 2 ans,,Oui,Association,3,1,1,1,0,0,Oui,,0.5,,0.5,Oui,0,Faible,Riziculteurs diversifiés,E05,5.6,True,0,0,0,0,0,0,0,1,1,1,1,1,0,1,1,1,1,0,0,0,0,0,0,1,1,0,0,1,1,1,1,1,0,0,0,1,0,0,0,1,1,0,0,1,1,0,0,0,0,0,0,0,0,0,0,0,0,0,0,0,0,0,0,1,0,0,0,0,0,0,0,0,0,0,0,0,0
1011,2026-06-19,Beni,Malambo,Rughetsi,Femme,36 à 40 ans,Ménage retourné,1 à 2 ans,,Oui,Association,10,1,1,3,5,0,Oui,,1.0,,1.0,Oui,2,Faible,Riziculteurs diversifiés,E05,6.3,True,0,0,0,0,0,1,0,1,1,1,1,1,1,1,1,1,1,0,0,0,0,0,0,1,1,0,0,1,1,1,1,1,0,0,0,1,0,0,0,1,1,0,0,1,1,0,0,0,0,0,0,0,0,0,0,0,0,0,0,0,0,0,0,1,0,0,0,0,0,1,0,0,0,1,0,0,0
1012,2026-06-19,Beni,Malambo,Autres villages,Homme,26 à 35 ans,Ménage retourné,plus de 2 ans,,Non,,4,1,1,2,0,0,Oui,,0.25,,0.25,Oui,1,Faible,Vivriers diversifiés + élevage,E11,337.3,True,0,0,0,0,0,0,0,1,1,0,0,0,0,0,1,0,0,0,1,1,0,1,0,0,0,1,0,1,0,1,1,1,0,0,0,1,1,0,0,1,1,1,1,1,1,1,1,0,0,0,0,0,0,0,0,0,0,0,0,0,0,1,1,0,0,0,0,0,0,0,0,0,0,0,1,0,0
1013,2026-06-19,Beni,Malambo,Rughetsi,Homme,Plus de 41 ans,Ménage retourné,1 à 2 ans,,Oui,Association,8,1,1,3,3,0,Oui,,0.4,,0.4,Oui,0,Faible,Riziculteurs diversifiés,E05,951.9,True,0,0,0,0,0,1,0,1,1,1,1,1,0,1,1,1,1,0,0,0,0,0,0,1,1,0,0,1,1,1,1,1,1,0,0,1,0,0,0,1,1,0,0,1,1,0,0,0,0,0,0,0,0,0,0,0,0,0,0,0,0,0,0,1,0,0,0,0,0,0,0,0,0,0,0,0,0
1014,2026-06-19,Beni,Malambo,Autres villages,Homme,Plus de 41 ans,Ménage retourné,plus de 2 ans,,Non,,11,6,4,1,0,0,Oui,,1.0,,1.0,Oui,2,Faible,Vivriers diversifiés + élevage,E11,328.7,True,0,0,0,0,0,1,0,1,1,0,1,1,0,0,1,0,0,0,1,1,0,0,1,0,1,0,0,1,0,1,1,1,0,0,0,1,1,0,0,1,1,0,0,1,1,1,1,0,0,0,0,0,0,0,0,0,0,0,0,0,0,1,1,0,0,0,0,0,0,0,0,0,0,1,1,0,0
1015,2026-06-19,Beni,Malambo,Kibanda,Homme,Plus de 41 ans,Ménage retourné,1 à 2 ans,,Oui,Organisation Paysanne,5,1,1,1,2,0,Oui,,1.0,,1.0,Oui,0,Faible,Petits producteurs peu diversifiés,E12,316.4,False,0,1,0,0,0,1,1,1,0,0,0,1,0,0,1,0,1,0,0,0,1,0,0,0,0,0,0,0,0,1,0,0,0,0,0,1,0,0,0,1,1,0,1,1,1,0,0,0,1,0,1,0,0,0,0,0,0,0,0,0,0,1,0,0,0,0,0,0,0,0,0,0,0,0,0,0,0
1016,2026-06-19,Beni,Malambo,Autres villages,Homme,26 à 35 ans,Ménage retourné,plus de 2 ans,,Oui,Autres,6,2,1,2,1,0,Oui,,1.0,,1.0,Oui,0,Faible,Riziculteurs diversifiés,E11,320.8,True,0,0,0,0,0,0,0,1,1,1,1,1,0,0,1,1,1,1,0,0,0,0,1,0,1,1,0,1,1,1,1,1,0,0,0,1,1,0,0,1,1,1,1,1,1,1,1,0,0,0,0,0,0,0,0,0,0,0,0,0,0,1,1,0,0,0,0,0,0,0,0,0,0,0,0,0,0
1017,2026-06-19,Beni,Malambo,Rughetsi,Femme,18 à 25 ans,Ménage retourné,1 à 2 ans,,Oui,Association,5,1,1,2,1,0,Oui,,0.2,,0.2,Oui,2,Faible,Vivriers diversifiés + élevage,E04,1554.8,True,0,0,0,0,0,0,0,1,0,0,1,1,0,1,0,0,0,0,0,0,0,0,0,0,0,0,0,1,0,1,0,0,0,0,0,1,1,0,0,1,0,0,0,1,1,0,0,0,0,0,0,0,0,1,0,0,0,0,0,1,0,0,0,1,0,0,0,0,0,1,0,0,0,0,0,1,0
1018,2026-06-19,Beni,Malambo,Rughetsi,Homme,Plus de 41 ans,Ménage retourné,plus de 2 ans,,Oui,Association,8,1,1,3,3,0,Oui,,0.5,,0.5,Oui,0,Faible,Vivriers diversifiés + élevage,E03,140.4,True,0,0,0,0,0,1,0,1,1,0,1,1,0,1,0,0,0,0,0,0,0,0,0,0,0,0,0,1,1,1,1,1,0,0,0,1,1,0,0,0,1,0,0,1,1,0,0,0,0,0,0,0,0,0,0,0,0,0,0,0,0,0,1,0,0,1,0,0,0,0,0,0,0,0,0,0,0
1019,2026-06-19,Beni,Malambo,Kibanda,Homme,Plus de 41 ans,Ménage retourné,plus de 2 ans,,Oui,Organisation Paysanne,5,1,1,1,2,0,Oui,,2.0,,2.0,Oui,0,Faible,Vivriers diversifiés + élevage,E12,309.6,False,0,1,0,0,0,1,1,1,1,0,1,1,0,0,1,0,0,0,0,0,1,0,0,0,0,0,0,0,0,1,0,0,0,0,0,1,0,0,0,1,1,0,1,1,1,0,0,0,1,0,1,0,0,0,0,0,0,0,0,0,0,1,0,0,0,0,0,0,0,0,0,0,0,0,0,0,0
1020,2026-06-19,Beni,Malambo,Kibanda,Homme,26 à 35 ans,Ménage retourné,plus de 2 ans,,Oui,Organisation Paysanne,5,1,1,0,3,0,Non,Oui,,0.2,0.2,Non,2,Faible,Petits producteurs peu diversifiés,E12,304.4,False,0,1,0,0,0,1,1,1,0,0,0,1,0,0,1,0,1,0,0,0,0,0,0,0,0,0,0,0,0,0,0,0,0,0,0,1,0,0,0,1,1,0,1,1,1,0,0,0,1,0,1,0,0,0,0,0,0,0,0,0,0,1,0,0,0,0,0,0,0,0,0,1,0,0,0,1,0
1021,2026-06-19,Beni,Malambo,Autres villages,Homme,Plus de 41 ans,Ménage retourné,plus de 2 ans,,Non,,10,2,2,3,3,0,Oui,,0.25,,0.25,Oui,2,Faible,Vivriers diversifiés + élevage,E11,305.9,True,0,0,0,0,0,1,0,1,1,0,1,1,0,1,1,0,0,0,0,0,0,1,1,0,1,0,0,1,0,1,1,1,0,0,0,1,1,0,0,1,1,1,1,1,1,1,1,0,0,0,0,0,0,0,0,0,0,0,0,0,0,1,1,0,0,0,0,0,0,0,0,0,0,1,1,0,0
1022,2026-06-19,Beni,Malambo,Kibanda,Homme,Plus de 41 ans,Ménage retourné,6 à 12 mois,,Oui,Organisation Paysanne,7,1,1,1,4,0,Non,Oui,,0.15,0.15,Non,3,Modérée,Petits producteurs peu diversifiés,E12,299.5,False,0,1,0,0,0,1,1,1,1,0,0,1,0,0,1,0,0,0,0,0,1,0,0,0,0,0,0,0,0,0,0,0,0,0,0,1,0,0,0,1,1,0,1,1,1,0,0,0,1,0,1,0,0,0,0,0,0,0,0,0,0,1,0,0,0,0,0,0,0,0,0,1,1,0,0,1,0
1023,2026-06-19,Beni,Malambo,Kibanda,Femme,26 à 35 ans,Ménage retourné,1 à 2 ans,,Oui,Organisation Paysanne,3,1,1,0,1,0,Non,Oui,,0.14,0.14,Non,3,Modérée,Petits producteurs peu diversifiés,E12,294.9,False,0,1,0,0,0,1,1,1,1,0,0,1,0,0,1,0,1,0,0,0,1,0,0,0,0,0,0,0,0,0,0,0,0,0,0,1,0,0,0,1,1,0,1,1,1,0,0,0,1,0,1,0,0,0,0,0,0,0,0,0,0,1,0,0,0,0,0,0,0,1,0,1,0,0,0,1,0
1024,2026-06-19,Beni,Malambo,Kibanda,Homme,36 à 40 ans,Ménage retourné,1 à 2 ans,,Oui,Organisation Paysanne,5,1,1,1,2,0,Non,Oui,,0.5,0.5,Non,1,Faible,Petits producteurs peu diversifiés,E12,289.1,False,0,1,0,0,0,1,1,1,1,0,0,1,0,0,1,0,1,0,0,0,0,0,0,0,0,0,0,0,0,0,0,0,0,0,0,1,0,0,0,1,1,0,1,1,1,0,0,0,1,0,1,0,0,0,0,0,0,0,0,0,0,1,0,0,0,0,0,0,0,0,0,1,0,0,0,0,0
1025,2026-06-19,Beni,Malambo,Kibanda,Femme,Plus de 41 ans,Ménage retourné,1 à 2 ans,,Oui,Organisation Paysanne,3,1,1,0,1,0,Non,Oui,,0.16,0.16,Non,3,Modérée,Petits producteurs peu diversifiés,E12,283.4,False,0,1,0,0,0,0,1,1,0,0,0,1,0,0,1,0,1,0,0,0,0,0,0,0,0,0,0,0,0,0,0,0,0,0,0,1,0,0,0,1,1,0,1,1,1,0,0,0,1,0,1,0,0,0,0,0,0,0,0,0,0,1,0,0,0,0,0,0,0,1,0,1,0,0,0,1,0
1026,2026-06-19,Beni,Malambo,Kibanda,Femme,26 à 35 ans,Ménage retourné,1 à 2 ans,,Oui,Organisation Paysanne,3,1,1,0,1,0,Non,Oui,,0.15,0.15,Non,3,Modérée,Petits producteurs peu diversifiés,E12,278.7,True,0,0,0,0,0,1,0,1,1,0,0,1,0,0,1,0,1,0,0,0,0,0,0,0,0,0,0,0,0,0,0,0,0,0,0,1,0,0,0,1,1,0,1,1,1,0,0,0,1,0,1,0,0,0,0,0,0,0,0,0,0,1,0,0,0,0,0,0,0,1,0,1,0,0,0,1,0
1027,2026-06-19,Beni,Malambo,Kibanda,Femme,36 à 40 ans,Ménage retourné,1 à 2 ans,,Oui,Organisation Paysanne,5,1,1,1,2,0,Non,Oui,,0.2,0.2,Non,3,Modérée,Petits producteurs peu diversifiés,E12,273.1,False,0,1,0,0,0,1,1,1,1,0,0,1,0,0,1,0,1,0,0,0,0,0,0,0,0,0,0,0,0,0,0,0,0,0,0,1,0,0,0,1,1,0,1,1,1,0,0,0,1,0,1,0,0,0,0,0,0,0,0,0,0,1,0,0,0,0,0,0,0,1,0,1,0,0,0,1,0
1028,2026-06-19,Beni,Malambo,Kibanda,Femme,26 à 35 ans,Ménage retourné,plus de 2 ans,,Oui,Organisation Paysanne,5,1,1,1,2,0,Non,Oui,,0.15,0.15,Non,3,Modérée,Petits producteurs peu diversifiés,E12,268.8,False,0,1,0,0,0,1,1,1,1,0,0,1,0,0,1,0,1,0,0,0,0,0,0,0,0,0,0,0,0,0,0,0,0,0,0,1,0,0,0,1,1,0,1,1,1,0,0,0,1,0,1,0,0,0,0,0,0,0,0,0,0,1,0,0,0,0,0,0,0,1,0,1,0,0,0,1,0
1029,2026-06-19,Beni,Malambo,Kibanda,Femme,Plus de 41 ans,Ménage retourné,1 à 2 ans,,Oui,Organisation Paysanne,6,1,1,2,2,0,Non,Oui,,0.2,0.2,Non,3,Modérée,Petits producteurs peu diversifiés,E12,263.7,False,0,1,0,0,0,1,1,1,1,0,0,1,0,1,1,0,1,0,0,0,0,0,0,0,0,0,0,0,0,0,0,0,0,0,0,1,0,0,0,1,1,0,1,1,1,0,0,0,1,0,1,0,0,0,0,0,0,0,0,0,0,1,0,0,0,0,0,0,0,1,0,1,0,0,0,1,0
1030,2026-06-19,Beni,Malambo,Kibanda,Femme,18 à 25 ans,Ménage retourné,1 à 2 ans,,Oui,Organisation Paysanne,6,1,2,1,2,0,Non,Oui,,0.15,0.15,Non,3,Modérée,Petits producteurs peu diversifiés,E12,258.4,False,0,1,0,0,0,1,1,1,1,0,0,1,0,0,1,0,0,0,1,0,1,0,0,0,0,0,0,0,0,0,0,0,0,0,0,1,0,0,0,1,1,0,1,1,1,0,0,0,1,0,1,0,0,0,0,0,0,0,0,0,0,1,0,0,0,0,0,0,0,1,0,1,0,0,0,1,0
1031,2026-06-19,Beni,Malambo,Autres villages,Femme,Plus de 41 ans,Ménage retourné,plus de 2 ans,,Oui,Autres,6,0,3,3,0,0,Oui,,1.0,,1.0,Oui,1,Faible,Riziculteurs diversifiés,E11,259.0,True,0,0,0,0,0,0,0,1,1,1,1,1,0,0,1,1,1,1,0,0,1,0,0,0,0,0,0,1,1,1,1,1,0,0,0,1,1,0,1,1,1,1,1,1,1,1,1,0,0,0,0,0,0,0,0,0,0,0,0,0,0,0,0,0,0,0,0,0,0,1,0,0,0,0,0,0,0
1032,2026-06-19,Beni,Malambo,Kibanda,Femme,Plus de 41 ans,Ménage retourné,1 à 2 ans,,Non,,6,1,1,2,2,1,Non,Oui,,0.15,0.15,Non,5,Élevée,Petits producteurs peu diversifiés,E12,252.9,False,0,1,0,0,0,1,1,1,1,0,0,1,0,1,1,0,1,0,0,0,0,0,0,0,0,0,0,0,0,0,0,0,0,0,0,1,0,0,0,1,1,0,1,1,1,0,0,0,1,0,1,0,0,0,0,0,0,0,0,0,0,1,0,0,0,0,0,0,0,1,1,1,0,0,1,1,0
1033,2026-06-19,Beni,Malambo,Hurara,Femme,26 à 35 ans,Ménage retourné,6 à 12 mois,,Non,,4,1,2,1,0,0,Oui,,0.5,,0.5,Oui,3,Modérée,Vivriers diversifiés + élevage,E15,9.5,True,0,0,0,0,0,0,0,1,1,0,1,1,0,0,0,0,0,0,0,0,0,0,0,0,0,0,0,1,0,1,0,0,0,0,0,0,0,0,0,0,0,1,0,0,0,0,1,0,0,0,0,0,0,0,0,0,0,0,0,0,0,0,0,0,0,0,0,0,0,1,0,0,1,0,1,0,0
1034,2026-06-19,Beni,Malambo,Kibanda,Homme,36 à 40 ans,Ménage retourné,1 à 2 ans,,Oui,Organisation Paysanne,3,1,1,0,1,0,Non,Oui,,0.15,0.15,Non,2,Faible,Petits producteurs peu diversifiés,E12,247.5,False,0,1,0,0,0,1,1,1,1,0,0,0,0,0,1,0,1,0,0,0,1,0,0,1,0,0,0,0,0,0,0,0,0,0,0,1,0,0,0,1,1,0,1,1,1,0,0,0,1,0,0,0,0,0,0,0,0,0,0,0,0,1,0,0,0,0,0,0,0,0,0,1,0,0,0,1,0
1035,2026-06-19,Beni,Malambo,Hurara,Femme,36 à 40 ans,Ménage retourné,1 à 2 ans,,Non,,6,1,3,2,0,0,Non,Oui,,1.0,1.0,Oui,3,Modérée,Petits producteurs peu diversifiés,E15,4.4,True,1,0,0,0,0,1,1,1,0,0,1,1,0,0,0,0,0,0,0,0,0,0,0,0,0,0,0,0,0,0,1,1,0,0,0,1,1,0,0,1,1,1,0,0,0,0,0,0,0,0,0,0,0,0,0,0,0,0,0,0,0,0,0,0,0,0,0,0,0,1,0,1,0,0,1,0,0
1036,2026-06-19,Beni,Malambo,Hurara,Femme,36 à 40 ans,Ménage retourné,6 à 12 mois,,Non,,6,1,2,,3,0,Non,Oui,,0.5,0.5,Oui,4,Modérée,Vivriers diversifiés + élevage,E15,1547.2,True,0,0,0,0,0,1,0,1,1,0,1,1,0,0,0,0,0,0,0,0,0,0,0,0,0,0,0,1,0,1,0,0,0,0,0,1,1,0,0,1,1,1,0,1,1,0,1,0,0,0,0,0,0,0,0,0,0,0,0,0,1,0,0,0,0,0,0,0,0,1,0,1,1,0,1,0,0
1037,2026-06-19,Beni,Malambo,Kibanda,Homme,Plus de 41 ans,Ménage retourné,plus de 2 ans,,Oui,Organisation Paysanne,7,1,1,2,3,0,Non,Oui,,0.28,0.28,Non,1,Faible,Petits producteurs peu diversifiés,E12,229.4,False,0,1,0,0,0,1,1,1,0,0,0,1,0,0,1,0,1,0,1,0,0,0,0,1,1,0,0,0,0,0,0,0,0,0,0,1,0,0,0,1,1,0,1,1,1,0,0,0,1,0,1,0,0,0,0,0,0,0,0,0,0,1,0,0,0,0,0,0,0,0,0,1,0,0,0,0,0
1038,2026-06-19,Beni,Malambo,Kibanda,Homme,Plus de 41 ans,Ménage retourné,1 à 2 ans,,Oui,Organisation Paysanne,11,1,1,4,5,0,Non,Oui,,0.12,0.12,Non,3,Modérée,Petits producteurs peu diversifiés,E12,178.6,False,0,1,0,0,0,1,1,1,1,0,0,1,0,0,1,0,1,0,1,0,1,0,0,0,0,0,0,0,0,0,0,0,0,0,0,1,0,0,0,1,1,0,1,1,1,0,0,0,1,0,1,0,0,0,0,0,0,0,0,0,0,1,0,0,0,0,0,0,0,0,0,1,0,1,0,1,0
1039,2026-06-19,Beni,Malambo,Kibanda,Homme,Plus de 41 ans,Ménage retourné,1 à 2 ans,,Oui,Organisation Paysanne,6,1,1,1,3,0,Non,Oui,,0.3,0.3,Non,1,Faible,Petits producteurs peu diversifiés,E12,172.7,False,0,1,0,0,0,1,1,1,1,0,0,1,0,0,1,0,0,0,0,0,1,0,0,0,0,0,0,0,0,0,0,0,0,0,0,1,0,0,0,1,1,0,1,1,1,0,0,0,1,0,1,0,0,0,0,0,0,0,0,0,0,1,0,0,0,0,0,0,0,0,0,1,0,0,0,0,0
1040,2026-06-19,Beni,Malambo,Kibanda,Homme,36 à 40 ans,Ménage retourné,1 à 2 ans,,Oui,Organisation Paysanne,5,1,1,2,1,0,Non,Oui,,0.6,0.6,Non,1,Faible,Maraîchers pomme de terre,E12,167.8,False,0,1,0,0,0,1,1,1,1,0,0,0,1,0,1,0,1,0,0,0,0,0,0,0,0,0,0,0,0,0,0,0,0,0,0,1,0,0,0,1,1,0,1,1,1,0,0,0,1,0,1,0,0,0,0,0,0,0,0,0,0,1,0,0,0,0,0,0,0,0,0,1,0,0,0,0,0
1041,2026-06-19,Beni,Malambo,Kibanda,Homme,36 à 40 ans,Ménage retourné,1 à 2 ans,,Oui,Organisation Paysanne,5,1,1,0,3,0,Non,Oui,,0.9,0.9,Non,1,Faible,Petits producteurs peu diversifiés,E12,163.7,False,0,1,1,0,0,1,2,1,0,0,1,1,0,0,1,0,1,0,0,0,0,0,0,0,0,0,0,0,0,0,0,0,0,0,0,1,0,0,0,1,1,0,1,1,1,0,0,0,1,0,1,0,0,0,0,0,0,0,0,0,0,1,0,0,0,0,0,0,0,0,0,1,0,0,0,0,0
1042,2026-06-19,Beni,Malambo,Autres villages,Homme,Plus de 41 ans,Ménage retourné,plus de 2 ans,,Non,,9,3,2,3,1,0,Oui,,0.25,,0.25,Oui,2,Faible,Vivriers diversifiés + élevage,E11,924.7,True,0,0,0,0,0,0,0,1,1,0,1,1,0,1,1,0,0,0,0,0,0,1,1,0,1,0,0,1,0,1,1,1,0,0,0,1,1,0,0,1,1,1,1,1,1,1,1,0,0,0,0,0,0,0,0,0,0,0,0,0,0,0,1,0,0,0,0,0,0,0,0,0,0,1,1,0,0
1043,2026-06-19,Beni,Lume,Q. Ruwenzori,Femme,18 à 25 ans,Ménage retourné,plus de 2 ans,,Non,,6,1,2,2,1,0,Non,Oui,,0.1,0.1,Oui,4,Modérée,Petits producteurs peu diversifiés,E07,10.5,True,0,0,0,0,0,1,0,1,0,0,1,0,0,0,0,0,0,0,0,0,0,0,0,0,0,0,0,1,0,0,0,0,0,0,0,1,1,0,0,1,1,0,0,1,1,0,0,0,0,0,0,0,0,0,0,0,0,0,0,1,0,1,0,0,0,0,0,0,0,1,0,1,0,0,1,1,0
1044,2026-06-19,Beni,Malambo,Kibanda,Homme,26 à 35 ans,Ménage retourné,1 à 2 ans,,Oui,Organisation Paysanne,4,1,1,1,1,0,Non,Oui,,0.5,0.5,Non,1,Faible,Petits producteurs peu diversifiés,E12,76.0,False,0,1,1,0,0,1,2,1,1,0,0,1,0,0,1,0,0,0,0,0,1,0,0,0,0,0,0,0,0,0,0,0,0,0,0,1,0,0,0,1,1,0,1,1,1,0,0,0,1,0,1,0,0,0,0,0,0,0,0,0,0,1,0,0,0,0,0,0,0,0,0,1,0,0,0,0,0
1045,2026-06-19,Beni,Malambo,Hurara,Homme,26 à 35 ans,Ménage retourné,plus de 2 ans,,Non,,6,1,1,2,2,0,Oui,,0.35,,0.35,Oui,1,Faible,Vivriers diversifiés + élevage,E08,5.8,True,0,0,0,0,0,0,0,1,1,0,0,1,0,0,1,0,0,0,0,0,0,0,1,0,0,0,0,1,1,1,1,1,0,0,0,1,1,1,1,1,0,1,1,1,1,1,1,1,0,0,1,0,0,0,0,0,0,0,0,0,0,0,1,0,0,0,0,0,0,0,0,0,0,0,1,0,0
1046,2026-06-19,Beni,Malambo,Kibanda,Homme,36 à 40 ans,Ménage retourné,1 à 2 ans,,Oui,Organisation Paysanne,3,1,1,0,1,0,Non,Oui,,0.1,0.1,Non,2,Faible,Petits producteurs peu diversifiés,E12,33.9,False,0,1,0,0,0,1,1,1,0,0,0,1,0,0,1,0,1,0,1,0,0,0,0,0,0,0,0,0,0,0,0,0,0,0,0,1,0,0,0,1,1,0,0,1,1,0,0,0,1,0,1,0,0,0,0,0,0,0,0,0,0,1,0,0,0,0,0,0,0,0,0,1,0,0,0,1,0
1047,2026-06-19,Beni,Malambo,Hurara,Femme,26 à 35 ans,Ménage retourné,plus de 2 ans,,Non,,5,1,1,2,1,0,Oui,,0.4,,0.4,Oui,2,Faible,Vivriers diversifiés + élevage,E08,3.6,True,1,0,0,0,0,0,1,1,1,0,0,0,0,0,0,0,0,0,0,0,0,0,0,0,0,0,0,1,1,1,1,1,1,0,0,1,1,1,0,1,0,1,1,1,1,1,1,0,1,0,1,0,0,0,0,0,0,0,0,0,0,0,1,0,0,0,0,0,0,1,0,0,0,0,1,0,0
1048,2026-06-19,Beni,Malambo,Kibanda,Femme,Plus de 41 ans,Ménage retourné,1 à 2 ans,,Oui,Organisation Paysanne,5,0,1,1,3,0,Non,Oui,,0.2,0.2,Non,3,Modérée,Petits producteurs peu diversifiés,E12,27.8,False,0,1,0,0,0,1,1,1,1,0,0,1,0,0,1,0,0,0,1,0,0,0,0,1,1,0,0,0,0,0,0,0,0,0,0,1,0,0,0,1,1,0,1,1,1,0,0,0,1,0,1,0,0,0,0,0,0,0,0,0,0,1,0,0,0,0,0,0,0,1,0,1,0,0,0,1,0
1049,2026-06-19,Beni,Malambo,Hurara,Femme,18 à 25 ans,Ménage retourné,plus de 2 ans,,Non,,4,1,1,2,0,0,Oui,,0.36,,0.36,Oui,2,Faible,Vivriers diversifiés + élevage,E08,3.5,True,1,0,0,0,0,1,1,1,1,0,0,1,0,0,0,0,0,0,0,0,0,0,0,0,0,0,0,1,0,1,1,1,1,0,0,1,1,1,1,1,1,1,1,1,1,1,1,0,1,0,1,0,0,0,0,0,0,0,0,0,0,0,1,0,0,0,0,0,0,1,0,0,0,0,1,0,0
1050,2026-06-19,Beni,Malambo,Kibanda,Homme,26 à 35 ans,Ménage retourné,plus de 2 ans,,Oui,Organisation Paysanne,7,1,1,2,3,0,Non,Oui,,0.15,0.15,Non,2,Faible,Petits producteurs peu diversifiés,E12,22.1,False,0,1,0,0,0,0,1,1,1,0,0,1,0,0,1,0,0,0,1,0,0,0,0,0,0,0,0,0,0,0,0,0,0,0,0,1,0,0,0,1,1,0,1,1,1,0,0,0,1,0,1,0,0,0,0,0,0,0,0,0,0,1,0,0,0,0,0,0,0,0,0,1,0,0,0,1,0
1051,2026-06-19,Beni,Malambo,Hurara,Femme,26 à 35 ans,Ménage retourné,plus de 2 ans,,Non,,7,1,1,2,3,0,Oui,,1.0,,1.0,Oui,2,Faible,Vivriers diversifiés + élevage,E08,4.2,True,1,0,0,0,0,1,1,1,1,0,0,0,0,0,1,0,0,0,0,0,0,0,1,0,0,0,0,1,1,1,1,1,0,0,0,1,1,1,1,1,0,1,1,1,1,1,1,1,0,0,0,0,0,0,0,0,0,0,0,0,0,0,1,0,0,0,0,0,0,1,0,0,0,0,1,0,0
1052,2026-06-19,Beni,Malambo,Kibanda,Homme,Plus de 41 ans,Ménage retourné,1 à 2 ans,,Oui,Organisation Paysanne,6,1,1,2,2,0,Non,Oui,,0.2,0.2,Non,2,Faible,Petits producteurs peu diversifiés,E12,17.2,False,0,1,0,0,0,1,1,1,1,0,0,1,0,1,1,0,1,0,0,0,1,0,0,0,0,0,0,0,0,0,0,0,0,0,0,1,0,0,0,1,1,0,1,1,1,0,0,0,1,0,0,0,0,0,0,0,0,0,0,0,0,1,0,0,0,0,0,0,0,0,0,1,0,0,0,1,0
1053,2026-06-19,Beni,Malambo,Hurara,Homme,Plus de 41 ans,Ménage retourné,plus de 2 ans,,Non,,8,2,1,2,3,0,Oui,,1.0,,1.0,Oui,1,Faible,Vivriers diversifiés + élevage,E08,3.5,True,1,0,0,0,0,0,1,1,1,0,0,1,0,0,1,0,0,0,0,0,0,0,1,0,0,0,0,1,1,1,1,1,0,0,0,1,1,1,1,1,0,1,1,1,1,1,1,1,0,0,0,0,0,0,0,0,0,0,0,0,0,0,1,0,0,0,0,0,0,0,0,0,0,0,1,0,0
1054,2026-06-19,Beni,Malambo,Hurara,Homme,36 à 40 ans,Ménage retourné,plus de 2 ans,,Non,,6,1,1,4,0,0,Oui,,1.0,,1.0,Oui,1,Faible,Vivriers diversifiés + élevage,E08,3.5,True,1,0,0,0,0,1,1,1,1,0,1,1,0,0,0,0,0,0,0,0,0,0,0,0,0,0,0,1,1,1,1,1,0,1,0,1,1,1,1,1,0,1,1,1,1,1,1,0,0,0,1,0,0,1,0,0,0,0,0,0,0,0,1,0,0,0,0,0,0,0,0,0,0,0,1,0,0
1055,2026-06-19,Beni,Malambo,Kibanda,Femme,36 à 40 ans,Ménage retourné,6 à 12 mois,,Oui,Organisation Paysanne,6,0,1,2,3,0,Non,Oui,,0.2,0.2,Non,4,Modérée,Petits producteurs peu diversifiés,E12,10.5,False,0,1,0,0,0,1,1,1,1,0,0,0,0,0,1,0,1,0,1,0,0,0,0,0,0,0,0,0,0,0,0,0,0,0,0,1,0,0,0,1,1,0,1,1,1,0,0,0,1,0,1,0,0,0,0,0,0,0,0,0,0,1,0,0,0,0,0,0,0,1,0,1,1,0,0,1,0
1056,2026-06-20,Beni,Malambo,Hurara,Femme,26 à 35 ans,Ménage retourné,1 à 2 ans,,Non,,5,1,1,2,1,0,Oui,,0.5,,0.5,Oui,2,Faible,Vivriers diversifiés + élevage,E08,5.0,True,0,0,0,0,0,0,0,1,1,0,1,1,0,1,0,0,0,0,0,0,0,0,0,0,0,0,0,1,1,1,1,1,1,0,0,1,1,1,1,1,0,1,1,1,0,1,1,1,0,0,0,0,0,0,0,0,0,0,0,0,0,0,1,0,0,0,0,0,0,1,0,0,0,0,1,0,0
1057,2026-06-20,Beni,Malambo,Hurara,Femme,26 à 35 ans,Ménage retourné,plus de 2 ans,,Non,,6,1,2,1,2,0,Oui,,0.4,,0.4,Oui,2,Faible,Vivriers diversifiés + élevage,E08,4.7,True,1,0,0,0,0,0,1,1,1,0,1,1,0,0,1,0,0,0,0,0,0,0,1,0,0,0,0,1,1,1,1,1,1,1,0,1,1,1,1,1,0,1,1,1,1,1,1,1,0,0,0,0,0,0,0,0,0,0,0,0,0,0,0,0,0,1,0,0,0,1,0,0,0,0,1,0,0
1058,2026-06-20,Beni,Malambo,Hurara,Femme,26 à 35 ans,Ménage retourné,plus de 2 ans,,Non,,8,1,2,2,3,0,Oui,,0.36,,0.36,Oui,2,Faible,Vivriers diversifiés + élevage,E08,4.9,True,1,0,1,0,0,0,2,1,1,0,1,1,0,1,0,0,0,0,0,0,0,0,0,0,0,0,0,1,1,1,1,1,1,0,0,1,1,1,1,1,1,1,1,1,1,1,1,1,1,0,1,0,0,0,0,0,0,0,0,0,0,0,0,0,0,0,0,0,0,1,0,0,0,0,1,0,0
1059,2026-06-20,Beni,Malambo,Hurara,Femme,36 à 40 ans,Ménage retourné,1 à 2 ans,,Non,,9,2,3,1,3,0,Oui,,1.0,,1.0,Oui,3,Modérée,Vivriers diversifiés + élevage,E08,4.3,True,1,0,0,0,0,1,1,1,1,0,1,1,0,1,1,0,0,0,0,0,0,0,1,0,0,0,0,1,1,1,0,0,0,0,0,1,1,1,1,1,0,1,1,1,1,1,0,1,0,0,0,0,0,0,0,0,0,0,0,0,0,0,1,0,0,0,0,0,0,1,0,0,0,1,1,0,0
1060,2026-06-20,Beni,Malambo,Hurara,Femme,26 à 35 ans,Ménage retourné,6 à 12 mois,,Non,,5,1,2,1,1,0,Oui,,0.4,,0.4,Oui,3,Modérée,Vivriers diversifiés + élevage,E08,3.7,True,1,0,0,0,0,0,1,1,1,0,0,1,0,0,1,0,0,0,0,0,0,0,1,0,0,0,0,1,1,1,0,0,0,0,0,1,0,1,1,1,0,1,1,1,1,1,0,1,0,0,0,0,0,0,0,0,0,0,0,0,0,0,1,0,0,0,0,0,0,1,0,0,1,0,1,0,0
1061,2026-06-20,Beni,Malambo,Hurara,Femme,26 à 35 ans,Ménage retourné,plus de 2 ans,,Non,,6,1,2,1,2,0,Oui,,1.0,,1.0,Oui,2,Faible,Vivriers diversifiés + élevage,E08,4.1,True,1,0,0,0,0,1,1,1,1,0,1,1,0,1,1,0,0,0,0,0,0,0,1,0,0,0,0,1,1,1,1,1,0,1,0,1,1,1,1,1,0,1,1,1,1,1,0,1,0,0,0,0,0,0,0,0,0,0,0,0,0,1,1,0,0,0,0,0,0,1,0,0,0,0,1,0,0
1062,2026-06-20,Beni,Malambo,Hurara,Femme,26 à 35 ans,Ménage retourné,1 à 2 ans,,Non,,5,1,1,0,3,0,Oui,,0.6,,0.6,Oui,2,Faible,Vivriers diversifiés + élevage,E08,3.9,True,1,0,0,0,0,1,1,1,1,0,0,1,0,1,0,0,0,0,0,0,0,0,0,0,0,0,0,1,1,1,1,1,0,1,0,1,1,1,1,1,0,1,1,1,1,0,1,1,0,0,0,0,0,0,0,0,0,0,0,0,0,0,1,0,0,0,0,0,0,1,0,0,0,0,1,0,0
1063,2026-06-20,Beni,Malambo,Hurara,Femme,26 à 35 ans,Ménage retourné,plus de 2 ans,,Non,,6,1,1,1,3,0,Oui,,1.0,,1.0,Oui,2,Faible,Vivriers diversifiés + élevage,E08,3.6,True,1,0,0,0,0,1,1,1,1,0,0,1,0,1,1,0,0,0,0,0,0,0,1,0,1,1,0,1,1,1,1,1,0,1,0,1,1,1,1,1,0,1,1,1,1,1,0,1,0,0,0,0,0,0,0,0,0,0,0,0,0,0,1,0,0,0,0,0,0,1,0,0,0,0,1,0,0
1064,2026-06-20,Beni,Malambo,Hurara,Homme,36 à 40 ans,Ménage retourné,plus de 2 ans,,Non,,7,2,2,1,2,0,Oui,,0.36,,0.36,Oui,1,Faible,Vivriers diversifiés + élevage,E08,4.1,True,1,0,0,0,0,1,1,1,1,0,1,1,0,1,1,0,0,0,0,0,0,0,1,1,0,0,0,1,1,1,0,0,0,0,0,1,0,1,1,1,0,1,1,1,1,1,0,1,0,0,0,0,0,0,0,0,0,0,0,0,0,0,1,0,0,0,0,0,0,0,0,0,0,0,1,0,0
1065,2026-06-20,Beni,Malambo,Hurara,Femme,26 à 35 ans,Ménage retourné,plus de 2 ans,,Non,,7,1,2,2,2,0,Oui,,0.4,,0.4,Oui,2,Faible,Vivriers diversifiés + élevage,E08,3.7,True,1,0,0,0,0,1,1,1,1,0,1,1,0,1,1,0,0,0,0,0,0,0,1,0,0,0,0,1,1,1,0,0,0,0,0,1,1,1,0,1,0,1,1,1,1,1,1,1,0,0,0,0,0,0,0,0,0,0,0,0,0,0,1,0,0,0,0,0,0,1,0,0,0,0,1,0,0
1066,2026-06-20,Beni,Malambo,Hurara,Femme,26 à 35 ans,Ménage retourné,plus de 2 ans,,Non,,6,1,1,2,2,0,Oui,,1.0,,1.0,Oui,2,Faible,Vivriers diversifiés + élevage,E08,3.3,True,1,0,0,0,0,1,1,1,1,0,1,1,0,1,1,0,0,0,0,0,0,0,1,0,0,0,0,1,1,1,0,0,0,0,0,1,1,1,1,1,1,1,1,1,1,1,1,1,0,0,0,0,0,0,0,0,0,0,0,0,0,0,1,0,0,0,0,0,0,1,0,0,0,0,1,0,0
1067,2026-06-20,Beni,Malambo,Hurara,Femme,36 à 40 ans,Ménage retourné,plus de 2 ans,,Non,,9,3,2,2,2,0,Oui,,1.0,,1.0,Oui,3,Modérée,Vivriers diversifiés + élevage,E08,4.1,True,1,0,0,0,0,1,1,1,1,0,1,1,0,1,1,0,0,0,0,0,0,0,1,1,1,0,0,1,1,1,0,0,0,0,0,1,1,1,1,1,1,1,1,1,1,1,0,1,0,0,0,0,0,0,0,0,0,0,0,0,0,0,1,0,0,0,0,0,0,1,0,0,0,1,1,0,0
1068,2026-06-20,Beni,Malambo,Hurara,Femme,36 à 40 ans,Ménage retourné,plus de 2 ans,,Non,,6,1,2,1,2,0,Oui,,0.36,,0.36,Oui,2,Faible,Vivriers diversifiés + élevage,E08,3.4,True,1,0,1,0,0,1,2,1,1,0,1,1,0,1,1,0,0,0,0,0,0,0,1,0,0,0,0,1,1,1,0,0,0,0,0,1,1,1,1,1,0,1,1,1,1,1,0,1,0,0,0,0,0,0,0,0,0,0,0,0,0,0,1,0,0,0,0,0,0,1,0,0,0,0,1,0,0
1069,2026-06-20,Beni,Malambo,Hurara,Femme,18 à 25 ans,Ménage retourné,plus de 2 ans,,Non,,5,1,1,1,2,0,Oui,,0.4,,0.4,Oui,2,Faible,Vivriers diversifiés + élevage,E08,3.4,True,1,0,0,0,0,1,1,1,1,0,1,1,0,1,1,0,0,0,0,0,0,0,1,0,0,0,0,1,1,1,0,0,0,0,0,1,1,1,1,1,0,1,1,1,1,1,0,1,0,0,0,0,0,0,0,0,0,0,0,0,0,0,1,0,0,0,0,0,0,1,0,0,0,0,1,0,0
1070,2026-06-20,Beni,Malambo,Hurara,Femme,26 à 35 ans,Ménage retourné,plus de 2 ans,,Non,,9,2,2,2,3,0,Oui,,1.0,,1.0,Oui,3,Modérée,Vivriers diversifiés + élevage,E08,3.1,True,1,0,0,0,0,1,1,1,1,0,1,1,0,1,1,0,0,0,0,0,0,0,1,0,0,0,0,1,1,1,1,1,1,0,0,1,1,1,1,1,1,1,1,1,1,1,1,1,0,0,0,0,0,0,0,0,0,0,0,0,0,0,1,0,0,0,0,0,0,1,0,0,0,1,1,0,0
1071,2026-06-20,Beni,Lume,Mwangaza,Femme,Plus de 41 ans,Ménage retourné,plus de 2 ans,,Oui,Association,6,1,2,2,1,0,Non,Oui,,0.15,0.15,Oui,3,Modérée,Petits producteurs peu diversifiés,E07,677.6,True,0,0,0,0,0,0,0,1,0,0,0,0,0,0,0,0,0,0,0,0,0,0,0,0,0,0,0,1,0,0,0,0,0,0,0,1,0,0,0,1,1,0,0,1,0,0,0,0,0,0,0,0,0,0,0,0,0,0,0,0,1,0,0,0,0,0,0,0,0,1,0,1,0,0,0,1,0
1072,2026-06-20,Beni,Malambo,Kihome,Homme,36 à 40 ans,Ménage retourné,1 à 2 ans,,Non,,7,1,1,3,2,0,Non,Oui,,0.1,0.1,Oui,3,Modérée,Maraîchers pomme de terre,E11,243.7,True,0,0,0,0,0,0,0,0,0,0,0,0,0,0,1,0,0,0,0,0,0,0,0,1,0,0,0,1,0,0,0,0,0,0,0,1,0,0,1,1,1,1,1,1,1,1,1,0,0,0,0,0,0,0,0,0,0,0,0,0,0,1,1,0,0,0,0,0,0,0,0,1,0,0,1,1,0
1073,2026-06-20,Beni,Lume,Mwangaza,Femme,36 à 40 ans,Ménage retourné,1 à 2 ans,,Oui,Association,11,3,3,2,3,0,Non,Oui,,0.25,0.25,Non,3,Modérée,Petits producteurs peu diversifiés,E14,16.3,True,0,0,0,0,0,0,0,1,0,0,0,1,0,1,0,0,0,0,0,0,0,0,0,0,0,0,0,0,0,0,0,0,0,0,0,1,0,0,1,1,0,0,1,1,1,0,0,1,0,0,0,0,0,0,0,0,0,0,0,0,0,1,0,0,0,0,0,0,0,1,0,1,0,1,0,0,0
1074,2026-06-20,Beni,Lume,Wiremba,Femme,26 à 35 ans,Ménage retourné,plus de 2 ans,,Oui,Association,10,3,4,1,2,0,Oui,,0.1,,0.1,Oui,3,Modérée,Petits producteurs peu diversifiés,E07,632.6,True,0,0,0,0,0,0,0,1,0,0,1,0,0,1,0,0,0,0,0,0,0,0,0,0,0,0,0,1,0,0,0,0,0,0,0,1,0,0,1,1,1,0,0,1,0,0,0,0,0,0,0,0,0,0,0,0,0,0,0,1,1,1,0,0,0,0,0,0,0,1,0,0,0,1,0,1,0
1075,2026-06-20,Beni,Lume,Lume,Homme,26 à 35 ans,Ménage retourné,plus de 2 ans,,Non,,3,1,1,1,0,0,Oui,,0.3,,0.3,Oui,1,Faible,Petits producteurs peu diversifiés,E07,626.2,True,0,0,0,0,0,0,0,1,0,0,1,0,0,0,0,0,0,0,0,0,0,0,0,0,0,0,0,1,0,1,0,0,0,0,0,1,0,0,0,1,0,0,0,1,0,0,0,0,0,0,0,0,0,0,0,0,0,0,0,1,0,0,0,0,0,0,0,0,0,0,0,0,0,0,1,0,0
1076,2026-06-20,Beni,Lume,Wiremba,Femme,36 à 40 ans,Ménage retourné,plus de 2 ans,,Oui,Association,6,0,1,4,1,0,Non,Oui,,0.1,0.1,Non,3,Modérée,Petits producteurs peu diversifiés,E07,616.3,True,0,0,0,0,0,1,0,1,0,0,0,0,0,0,0,0,0,0,0,0,0,0,0,0,0,0,0,0,0,0,0,0,0,0,0,1,0,0,0,1,1,0,0,1,1,0,0,0,0,0,0,0,0,0,0,0,0,0,0,1,1,0,0,0,0,1,0,0,0,1,0,1,0,0,0,1,0
1077,2026-06-20,Beni,Lume,Q. Ruwenzori,Homme,Plus de 41 ans,Ménage retourné,plus de 2 ans,,Oui,Association,8,2,2,1,3,0,Oui,,0.2,,0.2,Oui,1,Faible,Petits producteurs peu diversifiés,E07,605.7,True,0,0,0,0,0,0,0,1,0,0,1,0,0,0,0,0,0,0,0,0,0,0,0,0,0,0,0,0,0,1,1,1,0,0,0,1,1,0,0,1,0,0,0,1,1,0,0,0,0,0,0,0,0,0,0,0,0,0,0,1,1,1,0,0,0,0,0,0,0,0,0,0,0,0,0,1,0
1078,2026-06-20,Beni,Lume,Lume,Femme,26 à 35 ans,Ménage retourné,1 à 2 ans,,Non,,6,1,1,1,3,1,Non,Oui,,0.3,0.3,Non,4,Modérée,Petits producteurs peu diversifiés,E14,10.0,True,0,0,0,0,0,1,0,1,0,0,1,0,0,0,0,0,0,0,0,0,0,0,0,0,0,0,0,0,0,0,0,0,0,0,0,1,0,0,0,1,0,0,0,1,1,0,0,0,1,0,0,0,0,0,0,0,0,0,0,0,0,1,0,0,0,0,0,0,0,1,1,1,0,0,1,0,0
1079,2026-06-20,Beni,Lume,Q. Ruwenzori,Homme,Plus de 41 ans,Ménage retourné,plus de 2 ans,,Oui,Association,9,2,3,1,3,1,Oui,,0.2,,0.2,Oui,3,Modérée,Petits producteurs peu diversifiés,E07,7.5,True,0,0,0,0,0,0,0,1,0,0,1,0,0,0,0,1,0,0,0,0,0,0,0,0,0,0,0,0,0,1,0,0,0,0,0,1,0,0,0,1,1,0,0,1,0,0,0,0,0,0,0,0,0,0,0,0,0,0,0,1,0,0,0,1,0,0,0,0,0,0,1,0,0,1,0,1,0
1080,2026-06-20,Beni,Lume,Q. Ruwenzori,Femme,Plus de 41 ans,Ménage retourné,plus de 2 ans,,Oui,Association,7,1,3,2,1,0,Oui,,0.4,,0.4,Oui,1,Faible,Vivriers diversifiés + élevage,E07,6.5,True,0,0,1,0,0,0,1,1,0,0,1,0,0,0,0,1,0,0,0,0,0,0,0,0,0,0,0,1,0,1,1,1,0,0,0,1,1,0,0,1,1,0,0,1,0,0,0,0,0,0,0,0,0,0,0,0,0,0,0,1,0,0,0,1,0,0,1,0,0,1,0,0,0,0,0,0,0
1081,2026-06-20,Beni,Malambo,Rughetsi,Homme,26 à 35 ans,Ménage retourné,Moins de 6 mois,,Oui,Association,6,1,1,2,2,1,Non,Oui,,0.5,0.5,Oui,3,Modérée,Petits producteurs peu diversifiés,E01,6.3,True,0,0,1,0,0,1,1,1,1,0,0,0,0,0,0,1,0,0,0,0,0,0,0,0,0,0,0,1,0,1,0,0,0,0,0,1,0,0,0,1,1,0,1,1,1,0,0,1,1,1,1,0,0,1,0,0,0,0,0,0,0,0,0,0,1,0,0,0,0,0,1,1,1,0,0,0,0
1082,2026-06-20,Beni,Malambo,Rughetsi,Homme,26 à 35 ans,Ménage retourné,1 à 2 ans,,Oui,Association,8,1,1,3,3,0,Oui,,0.2,,0.2,Oui,1,Faible,Riziculteurs diversifiés,E05,6.2,True,0,0,0,0,0,1,0,1,1,1,0,1,0,1,0,1,0,0,0,0,0,0,0,0,0,0,0,1,1,1,1,1,0,0,0,1,0,0,0,1,1,0,0,1,1,0,0,0,0,0,0,0,0,0,0,0,0,0,0,0,0,0,0,1,0,0,0,0,0,0,0,0,0,0,0,1,0
1083,2026-06-20,Beni,Malambo,Rughetsi,Femme,36 à 40 ans,Ménage retourné,1 à 2 ans,,Oui,Association,12,1,1,4,6,0,Oui,,0.2,,0.2,Oui,3,Modérée,Petits producteurs peu diversifiés,E04,614.4,True,0,0,0,0,0,0,0,1,0,0,1,0,0,0,0,0,0,0,0,0,0,0,0,0,0,0,0,1,0,0,0,0,0,0,0,1,1,0,0,1,1,0,0,1,1,0,0,0,0,0,0,0,0,0,0,0,0,0,0,1,0,0,0,1,0,0,0,0,0,1,0,0,0,1,0,1,0
1084,2026-06-20,Beni,Lume,Q. Ruwenzori,Femme,Plus de 41 ans,Ménage retourné,plus de 2 ans,,Oui,Association,10,3,1,3,3,0,Oui,,0.3,,0.3,Oui,2,Faible,Petits producteurs peu diversifiés,E07,10.4,True,0,0,0,0,0,0,0,1,0,0,1,1,0,0,0,1,0,0,0,0,0,0,0,0,0,0,0,0,0,0,1,1,0,0,0,1,0,0,1,1,1,0,0,1,1,0,0,0,0,0,0,0,0,0,0,0,0,0,0,1,1,0,0,0,0,0,0,0,0,1,0,0,0,1,0,0,0
1085,2026-06-20,Beni,Malambo,Rughetsi,Homme,36 à 40 ans,Ménage retourné,1 à 2 ans,,Oui,Association,8,1,1,3,3,0,Oui,,0.4,,0.4,Oui,0,Faible,Riziculteurs diversifiés,E05,10.2,True,0,0,0,0,0,1,0,1,1,1,0,1,0,1,0,1,0,0,0,0,0,0,0,0,0,0,0,1,1,1,1,1,0,0,0,1,1,0,0,1,1,0,0,1,1,0,0,0,0,0,0,0,0,0,0,0,0,0,0,0,0,0,0,1,0,0,0,0,0,0,0,0,0,0,0,0,0
1086,2026-06-20,Beni,Malambo,Rughetsi,Homme,18 à 25 ans,Ménage retourné,Moins de 6 mois,,Oui,Association,5,1,1,1,2,1,Non,Oui,,0.03,0.03,Oui,4,Modérée,Petits producteurs peu diversifiés,E01,5.4,True,0,0,1,0,0,0,1,1,0,0,1,0,0,0,0,1,0,0,0,0,0,0,0,0,0,0,0,1,0,1,0,0,0,0,0,1,0,0,0,1,1,0,1,1,1,0,0,1,1,1,1,0,0,1,0,0,0,0,0,0,0,0,0,0,1,0,0,0,0,0,1,1,1,0,0,1,0
1087,2026-06-20,Beni,Lume,Wiremba,Homme,18 à 25 ans,Ménage retourné,1 à 2 ans,,Oui,Association,8,3,2,0,3,0,Non,Oui,,0.1,0.1,Oui,2,Faible,Petits producteurs peu diversifiés,E07,6.0,True,0,0,0,0,0,0,0,1,0,0,1,0,0,0,0,0,0,0,0,0,0,0,0,0,0,0,0,1,0,0,0,0,0,0,0,1,0,0,1,1,1,0,0,1,0,0,0,0,0,0,0,0,0,0,0,0,0,0,0,0,1,0,0,0,0,0,0,0,0,0,0,1,0,0,0,1,0
1088,2026-06-20,Beni,Malambo,Rughetsi,Femme,18 à 25 ans,Ménage retourné,6 à 12 mois,,Oui,Association,8,2,2,1,3,1,Non,Oui,,0.5,0.5,Oui,4,Modérée,Petits producteurs peu diversifiés,E01,6.2,True,0,0,1,0,0,1,1,1,0,0,1,0,0,0,0,1,0,0,0,0,0,0,0,0,0,0,0,1,0,0,0,0,0,0,0,1,0,0,0,1,1,0,1,1,1,0,0,1,1,1,1,0,0,1,0,0,0,0,0,0,0,0,0,0,0,0,0,0,0,1,1,1,1,0,0,0,0
1089,2026-06-20,Beni,Malambo,Rughetsi,Femme,18 à 25 ans,Ménage retourné,1 à 2 ans,,Oui,Association,8,1,1,3,3,0,Oui,,0.3,,0.3,Oui,1,Faible,Riziculteurs diversifiés,E05,6.3,True,0,0,0,0,0,1,0,1,1,1,0,1,0,1,0,1,0,0,0,0,0,0,0,0,0,0,0,1,1,1,1,1,0,0,0,1,0,0,0,1,1,0,0,1,1,0,0,0,0,0,0,0,0,0,0,0,0,0,0,0,0,0,0,1,0,0,0,0,0,1,0,0,0,0,0,0,0
1090,2026-06-20,Beni,Malambo,Rughetsi,Homme,36 à 40 ans,Ménage retourné,1 à 2 ans,,Oui,Association,8,1,1,3,3,0,Oui,,0.3,,0.3,Non,0,Faible,Petits producteurs peu diversifiés,E04,597.0,True,0,0,0,0,0,0,0,1,1,0,1,1,0,0,0,0,0,0,0,0,0,0,0,0,0,0,0,0,0,0,0,0,0,0,0,1,1,0,0,1,1,0,0,1,1,0,0,0,0,0,0,0,0,0,0,0,0,0,0,0,1,0,0,1,0,0,0,0,0,0,0,0,0,0,0,0,0
1091,2026-06-20,Beni,Malambo,Rughetsi,Homme,18 à 25 ans,Ménage retourné,Moins de 6 mois,,Oui,Association,6,1,1,1,3,0,Oui,,0.5,,0.5,Oui,1,Faible,Petits producteurs peu diversifiés,E01,10.9,True,0,0,0,0,0,1,0,1,1,0,1,0,0,1,0,1,0,0,0,0,0,0,0,0,0,0,0,0,1,0,1,0,0,0,0,1,0,0,0,0,0,0,0,1,1,0,0,1,1,0,1,0,0,1,1,0,0,0,0,0,0,0,0,0,1,0,0,0,0,0,0,0,1,0,0,0,0
1092,2026-06-20,Beni,Bolema,Autres villages,Homme,26 à 35 ans,Ménage retourné,1 à 2 ans,,Non,,5,1,1,1,2,0,Non,Oui,,0.2,0.2,Oui,3,Modérée,Petits producteurs peu diversifiés,E14,7.4,True,0,0,0,0,0,0,0,1,0,0,1,0,0,0,0,0,0,0,0,0,0,0,0,0,0,0,0,1,0,1,0,0,0,0,0,1,0,0,0,1,0,0,0,1,1,0,0,0,0,0,0,1,0,0,0,0,0,0,0,0,0,1,0,0,0,0,0,0,0,0,0,1,0,0,1,1,0
1093,2026-06-20,Beni,Malambo,Rughetsi,Homme,18 à 25 ans,Ménage retourné,1 à 2 ans,,Oui,Association,8,1,1,3,3,0,Oui,,0.4,,0.4,Oui,0,Faible,Riziculteurs diversifiés,E05,7.9,True,0,0,0,0,0,1,0,1,1,1,1,1,0,1,0,1,0,0,0,0,0,0,0,0,0,0,0,1,1,1,1,1,0,0,0,1,0,0,0,1,1,0,0,1,1,0,0,0,0,0,0,0,0,0,0,0,0,0,0,0,0,0,0,1,0,0,0,0,0,0,0,0,0,0,0,0,0
1094,2026-06-20,Beni,Malambo,Rughetsi,Homme,Plus de 41 ans,Ménage retourné,1 à 2 ans,,Oui,Association,10,1,1,2,6,0,Oui,,0.3,,0.3,Oui,1,Faible,Riziculteurs diversifiés,E04,590.3,True,0,0,0,0,0,0,0,1,1,1,0,1,0,1,0,0,0,0,0,0,0,0,0,0,0,0,0,1,0,1,0,0,0,0,0,1,1,0,0,1,0,0,1,1,1,0,0,0,0,0,0,0,0,0,0,0,0,0,0,0,1,0,0,1,0,0,0,0,0,0,0,0,0,1,0,0,0
1095,2026-06-20,Beni,Malambo,Rughetsi,Homme,18 à 25 ans,Ménage retourné,plus de 2 ans,,Oui,Association,7,3,2,1,1,0,Oui,,1.0,,1.0,Oui,0,Faible,Vivriers diversifiés + élevage,E03,654.2,True,0,0,0,0,0,0,0,1,1,0,1,0,0,1,1,0,1,0,0,1,1,0,0,0,1,0,0,1,0,1,1,1,0,0,0,1,0,0,0,1,1,0,0,1,0,0,0,0,0,0,0,0,0,0,0,0,0,0,0,0,1,0,0,0,0,1,0,0,0,0,0,0,0,0,0,0,0
1096,2026-06-20,Beni,Malambo,Rughetsi,Homme,36 à 40 ans,Ménage retourné,1 à 2 ans,,Oui,Association,8,1,1,2,4,0,Oui,,0.7,,0.7,Oui,0,Faible,Riziculteurs diversifiés,E05,7.8,True,0,0,0,0,0,0,0,1,1,1,0,1,0,1,0,1,0,0,0,0,0,0,0,0,0,0,0,1,1,1,1,1,0,0,0,1,0,0,0,1,1,0,0,1,1,0,0,0,0,0,0,0,0,0,0,0,0,0,0,0,0,0,0,1,0,0,0,0,0,0,0,0,0,0,0,0,0
1097,2026-06-20,Beni,Lume,Mwangaza,Femme,36 à 40 ans,Ménage retourné,plus de 2 ans,,Non,,10,2,2,1,5,0,Non,Oui,,0.15,0.15,Oui,5,Élevée,Petits producteurs peu diversifiés,E07,12.7,True,0,0,0,0,0,1,0,1,0,0,1,0,0,0,0,0,0,0,0,0,0,0,0,0,0,0,0,1,0,0,0,0,0,0,0,1,0,0,0,1,1,0,0,1,1,0,0,0,0,0,0,0,0,0,0,0,0,0,0,1,1,0,0,0,0,1,0,0,0,1,0,1,0,1,1,1,0
1098,2026-06-20,Beni,Malambo,Rughetsi,Homme,18 à 25 ans,Ménage retourné,Moins de 6 mois,,Non,,4,1,1,1,1,0,Oui,,0.5,,0.5,Oui,2,Faible,Petits producteurs peu diversifiés,E01,5.5,True,0,0,0,0,0,0,0,1,1,0,1,0,0,0,0,1,0,0,0,0,0,0,0,0,0,0,0,1,0,0,1,0,0,0,0,1,0,0,0,1,1,0,1,1,1,0,0,1,1,0,1,0,0,1,0,0,0,0,0,0,0,0,0,0,1,0,0,0,0,0,0,0,1,0,1,0,0
1099,2026-06-20,Beni,Malambo,Rughetsi,Homme,18 à 25 ans,Ménage retourné,Moins de 6 mois,,Oui,Association,10,1,1,2,6,0,Oui,,0.5,,0.5,Oui,2,Faible,Petits producteurs peu diversifiés,E01,6.8,True,0,0,0,0,0,1,0,1,0,0,1,0,0,0,0,1,0,0,0,0,0,0,0,0,0,0,0,1,0,1,0,0,0,0,0,1,0,0,1,1,1,0,1,1,1,0,0,1,1,1,1,0,0,1,0,0,0,0,0,0,0,0,0,0,1,0,0,0,0,0,0,0,1,1,0,0,0
1100,2026-06-20,Beni,Malambo,Rughetsi,Femme,18 à 25 ans,Ménage retourné,1 à 2 ans,,Oui,Association,6,1,1,1,3,0,Oui,,0.4,,0.4,Oui,1,Faible,Riziculteurs diversifiés,E05,47.9,True,0,0,1,0,1,1,2,1,1,1,1,1,0,1,0,1,0,0,0,0,0,0,0,0,0,0,0,1,1,1,1,1,0,0,0,1,0,0,0,1,1,0,0,1,1,0,0,0,0,0,0,0,0,0,0,0,0,0,0,0,0,0,0,1,0,0,0,0,0,1,0,0,0,0,0,0,0
1101,2026-06-20,Beni,Malambo,Kihome,Homme,26 à 35 ans,Ménage retourné,plus de 2 ans,,Oui,Association,5,1,1,1,2,0,Oui,,1.0,,1.0,Oui,0,Faible,Vivriers diversifiés + élevage,E11,98.8,True,0,0,0,0,0,1,0,1,0,0,0,0,0,1,1,1,1,0,1,1,1,1,1,1,0,1,1,1,0,1,1,1,0,0,0,1,1,0,1,1,1,1,1,1,1,1,1,0,0,0,0,0,0,0,0,0,0,0,0,0,0,1,1,0,0,0,0,0,0,0,0,0,0,0,0,0,0
1102,2026-06-20,Beni,Malambo,Rughetsi,Homme,18 à 25 ans,Ménage retourné,1 à 2 ans,,Oui,Association,6,1,1,2,2,0,Oui,,0.2,,0.2,Oui,1,Faible,Petits producteurs peu diversifiés,E04,572.1,True,0,0,0,0,0,0,0,1,1,0,1,0,0,0,0,0,0,0,0,0,0,0,0,0,0,0,0,1,0,0,0,0,0,0,0,1,1,0,0,1,1,0,0,1,1,0,0,0,0,0,0,0,0,1,0,0,0,0,0,0,1,0,0,1,0,0,0,0,0,0,0,0,0,0,0,1,0
1103,2026-06-20,Beni,Malambo,Rughetsi,Femme,26 à 35 ans,Ménage retourné,plus de 2 ans,,Non,,4,2,1,0,1,0,Oui,,0.26,,0.26,Oui,2,Faible,Vivriers diversifiés + élevage,E03,636.3,True,0,0,0,0,0,0,0,1,1,0,1,0,0,1,0,0,0,0,0,0,0,0,0,0,0,0,0,1,0,1,1,1,0,0,0,1,0,0,1,0,0,0,1,1,1,0,0,0,0,0,0,0,0,0,0,0,0,0,0,0,0,0,0,1,0,0,1,0,0,1,0,0,0,0,1,0,0
1104,2026-06-20,Beni,Malambo,Rughetsi,Homme,Plus de 41 ans,Ménage retourné,Moins de 6 mois,,Oui,Association,6,1,1,2,2,0,Oui,,0.2,,0.2,Oui,2,Faible,Petits producteurs peu diversifiés,E01,11.8,True,0,0,0,0,0,0,0,1,1,0,1,0,0,0,0,0,0,0,0,0,0,0,0,0,0,0,0,1,0,1,0,0,0,0,0,1,0,0,0,1,1,0,1,1,1,0,0,1,1,0,1,0,0,1,0,0,0,0,0,0,0,0,0,0,1,0,0,0,0,0,0,0,1,0,0,1,0
1105,2026-06-20,Beni,Bolema,Bahambo,Femme,26 à 35 ans,Ménage retourné,1 à 2 ans,,Non,,6,1,1,2,2,0,Non,Oui,,0.2,0.2,Oui,4,Modérée,Petits producteurs peu diversifiés,E14,5.2,True,0,0,0,0,0,1,0,1,0,0,1,0,0,0,0,0,0,0,0,0,0,0,0,0,0,0,0,1,0,1,0,0,0,0,0,1,0,0,0,1,1,0,0,1,1,0,0,0,0,0,0,0,0,1,0,0,0,0,0,0,0,1,0,0,0,0,0,0,0,1,0,1,0,0,1,1,0
1106,2026-06-20,Beni,Malambo,Rughetsi,Homme,26 à 35 ans,Ménage retourné,Moins de 6 mois,,Oui,Association,9,1,1,4,3,0,Oui,,1.0,,1.0,Oui,2,Faible,Vivriers diversifiés + élevage,E01,7.4,True,0,0,0,0,0,1,0,1,1,0,0,0,0,0,1,1,1,1,1,0,0,0,0,1,0,0,0,1,0,1,0,0,0,0,0,1,0,0,0,1,1,0,1,1,1,0,1,1,1,1,1,0,0,1,0,0,0,0,0,0,0,0,0,0,1,0,0,0,0,0,0,0,1,1,0,0,0
1107,2026-06-20,Beni,Malambo,Rughetsi,Femme,Plus de 41 ans,Ménage retourné,1 à 2 ans,,Oui,Association,12,1,1,4,6,0,Oui,,0.2,,0.2,Oui,3,Modérée,Petits producteurs peu diversifiés,E04,557.1,True,0,0,0,0,0,0,0,1,0,0,0,1,0,1,1,0,0,0,0,0,0,0,0,1,0,0,0,1,0,0,0,0,0,0,0,1,1,0,0,1,1,0,0,1,1,0,0,0,0,0,0,0,0,0,0,0,0,0,0,0,1,0,0,1,0,0,0,0,0,1,0,0,0,1,0,1,0
1108,2026-06-20,Beni,Bolema,Lume,Femme,Plus de 41 ans,Ménage retourné,1 à 2 ans,,Non,,11,2,2,3,4,0,Oui,,0.8,,0.8,Oui,3,Modérée,Petits producteurs peu diversifiés,E14,7.1,True,0,0,0,0,0,0,0,1,0,0,0,0,0,0,0,0,0,0,0,0,0,0,0,0,0,0,0,0,1,0,0,0,0,0,0,1,1,0,0,1,1,0,0,1,1,0,0,0,0,0,0,0,0,1,0,0,0,0,0,0,0,1,0,0,0,0,0,0,0,1,0,0,0,1,1,0,0
1109,2026-06-20,Beni,Malambo,Rughetsi,Homme,36 à 40 ans,Ménage retourné,Moins de 6 mois,,Oui,Association,11,2,3,3,3,0,Oui,,1.0,,1.0,Oui,2,Faible,Petits producteurs peu diversifiés,E01,10.0,True,0,0,0,0,0,0,0,1,0,0,1,0,0,0,0,1,0,0,0,0,0,0,0,0,0,0,0,1,0,1,0,0,0,0,0,1,0,0,0,1,1,0,1,1,1,0,0,1,1,1,1,0,0,1,0,0,0,0,0,0,0,0,0,0,1,0,0,0,0,0,0,0,1,1,0,0,0
1110,2026-06-20,Beni,Bolema,Mbongya,Femme,36 à 40 ans,Ménage retourné,1 à 2 ans,,Non,,8,2,2,3,1,0,Oui,,0.2,,0.2,Oui,3,Modérée,Petits producteurs peu diversifiés,E14,5.3,True,0,0,0,0,0,0,0,1,0,0,1,0,0,0,0,0,0,0,0,0,0,0,0,0,0,0,0,0,0,1,0,0,0,0,0,1,0,0,1,1,0,0,0,1,1,0,0,0,0,0,0,1,0,0,0,0,0,0,0,0,0,1,0,0,0,0,0,0,0,1,0,0,0,0,1,1,0
1111,2026-06-20,Beni,Malambo,Rughetsi,Femme,36 à 40 ans,Ménage retourné,1 à 2 ans,,Oui,Association,9,1,1,4,3,0,Oui,,0.6,,0.6,Oui,2,Faible,Vivriers diversifiés + élevage,E04,545.8,True,0,0,0,0,0,0,0,1,1,0,0,1,0,1,0,0,0,0,0,0,0,0,0,0,0,0,0,1,0,0,0,0,0,0,0,1,1,0,0,1,1,0,0,1,1,0,0,0,0,0,0,0,0,0,0,0,0,0,0,0,1,0,0,1,0,0,0,0,0,1,0,0,0,1,0,0,0
1112,2026-06-20,Beni,Malambo,Kihome,Femme,Plus de 41 ans,Ménage retourné,plus de 2 ans,,Oui,Association,11,4,3,2,2,1,Oui,,1.0,,1.0,Oui,3,Modérée,Vivriers diversifiés + élevage,E11,69.9,True,0,0,0,0,0,0,0,1,1,0,1,1,0,0,1,0,0,0,1,1,0,0,1,0,0,0,0,1,1,1,1,1,1,0,0,1,1,0,1,1,1,0,1,0,1,1,1,0,0,0,0,0,0,0,0,0,0,0,0,0,0,1,1,0,0,0,0,0,0,1,1,0,0,1,0,0,0
1113,2026-06-20,Beni,Bolema,Mbongya,Femme,18 à 25 ans,Ménage retourné,1 à 2 ans,,Non,,4,1,1,1,1,0,Non,Oui,,0.15,0.15,Non,4,Modérée,Petits producteurs peu diversifiés,E14,6.8,True,0,0,0,0,0,0,0,1,0,0,0,0,0,0,0,0,0,0,0,0,0,0,0,0,0,0,0,0,0,0,0,0,0,0,0,1,0,0,0,1,0,0,0,1,1,0,0,0,1,0,0,0,0,0,0,0,0,0,0,0,0,1,0,0,0,0,0,0,0,1,0,1,0,0,1,1,0
1114,2026-06-20,Beni,Malambo,Rughetsi,Femme,18 à 25 ans,Ménage retourné,plus de 2 ans,,Oui,Association,5,1,1,2,1,0,Oui,,0.25,,0.25,Oui,1,Faible,Vivriers diversifiés + élevage,E03,610.9,True,0,0,0,0,0,0,0,1,1,0,1,0,0,1,0,0,0,0,0,0,0,0,0,0,0,0,0,1,0,1,0,0,0,0,0,1,0,0,0,1,0,0,1,1,1,0,0,0,0,0,0,0,0,0,0,0,0,0,0,0,1,0,0,0,0,1,0,0,0,1,0,0,0,0,0,0,0
1115,2026-06-20,Beni,Malambo,Rughetsi,Homme,36 à 40 ans,Ménage retourné,6 à 12 mois,,Oui,Association,10,2,3,3,2,0,Oui,,1.0,,1.0,Oui,2,Faible,Vivriers diversifiés + élevage,E01,7.4,True,0,0,0,0,0,0,0,1,1,0,0,0,0,0,0,1,0,0,0,0,0,0,0,0,0,0,0,1,0,1,0,0,0,0,0,1,0,0,0,1,1,0,1,1,1,0,0,0,0,0,0,0,0,1,0,0,0,0,0,0,0,0,0,0,1,0,0,0,0,0,0,0,1,1,0,0,0
1116,2026-06-20,Beni,Bolema,Mbongya,Femme,26 à 35 ans,Autre (ni retourné ni accueil),,,Non,,7,3,1,2,1,0,Non,Oui,,0.2,0.2,Oui,4,Modérée,Maraîchers pomme de terre,E14,8.2,True,0,0,0,0,0,1,0,0,0,0,0,0,0,0,1,0,0,0,0,0,0,0,0,1,0,0,0,0,0,1,0,0,0,0,0,1,0,0,0,1,1,0,0,1,1,0,0,1,0,0,0,0,0,0,0,0,0,0,0,0,0,1,0,0,0,0,0,0,0,1,0,1,0,0,1,1,0
1117,2026-06-20,Beni,Malambo,Rughetsi,Femme,18 à 25 ans,Ménage retourné,1 à 2 ans,,Non,,8,1,1,4,2,0,Oui,,0.26,,0.26,Oui,2,Faible,Vivriers diversifiés + élevage,E03,601.0,True,0,0,0,0,0,0,0,1,1,0,1,1,0,0,0,0,0,0,0,0,0,0,0,0,0,0,0,1,0,1,1,0,1,0,0,1,0,0,0,1,0,0,1,1,0,0,0,0,0,0,0,0,0,0,0,0,0,0,0,0,0,0,0,0,0,1,0,0,0,1,0,0,0,0,1,0,0
1118,2026-06-20,Beni,Malambo,Rughetsi,Homme,36 à 40 ans,Ménage retourné,Moins de 6 mois,,Oui,Association,6,1,1,2,2,0,Oui,,0.5,,0.5,Oui,1,Faible,Vivriers diversifiés + élevage,E01,7.0,True,0,0,0,0,0,1,0,1,0,0,0,1,0,0,0,1,0,0,0,0,0,0,0,0,0,0,0,1,0,1,0,0,0,0,0,1,0,0,0,1,1,0,1,1,1,0,0,1,1,1,1,0,0,1,0,0,0,0,0,0,0,0,0,0,1,0,0,0,0,0,0,0,1,0,0,0,0
1119,2026-06-20,Beni,Bolema,Autres villages,Femme,Plus de 41 ans,Autre (ni retourné ni accueil),,,Non,,8,2,3,3,0,0,Oui,,0.5,,0.5,Oui,2,Faible,Petits producteurs peu diversifiés,E14,6.5,True,0,0,0,0,0,1,0,0,0,1,0,0,0,0,0,0,0,0,0,0,0,0,0,0,0,0,0,0,0,0,1,0,1,0,0,1,0,0,0,1,0,0,0,1,1,0,0,0,0,0,0,0,0,1,0,0,0,0,0,0,0,1,0,0,0,0,0,0,0,1,0,0,0,0,1,0,0
1120,2026-06-20,Beni,Malambo,Rughetsi,Homme,26 à 35 ans,Ménage retourné,6 à 12 mois,,Oui,Association,10,1,1,4,4,0,Oui,,0.5,,0.5,Oui,2,Faible,Riziculteurs diversifiés,E05,7.2,True,0,0,1,0,0,1,1,1,1,1,1,1,1,1,1,1,1,0,0,0,0,0,0,1,1,0,0,1,1,1,1,1,0,0,0,1,0,0,0,1,1,0,0,1,1,0,0,0,0,0,0,0,0,0,0,0,0,0,0,0,0,0,0,1,0,0,0,0,0,0,0,0,1,1,0,0,0
1121,2026-06-20,Beni,Malambo,Rughetsi,Femme,18 à 25 ans,Ménage retourné,1 à 2 ans,,Oui,Association,4,1,1,2,0,1,Oui,,0.3,,0.3,Oui,2,Faible,Petits producteurs peu diversifiés,E04,527.5,True,0,0,0,0,0,0,0,1,0,0,1,1,0,0,1,0,1,0,0,0,1,0,0,0,0,0,0,1,0,0,0,0,0,0,0,1,1,0,0,1,1,0,0,1,1,0,0,0,0,0,0,0,0,0,0,0,0,0,0,0,1,0,0,1,0,0,0,0,0,1,1,0,0,0,0,0,0
1122,2026-06-20,Beni,Malambo,Rughetsi,Femme,26 à 35 ans,Ménage retourné,1 à 2 ans,,Non,,4,1,1,1,1,1,Oui,,0.12,,0.12,Oui,4,Modérée,Vivriers diversifiés + élevage,E03,592.9,True,0,0,0,0,0,0,0,1,0,0,1,1,0,0,0,0,0,0,0,0,0,0,0,0,0,0,0,1,0,1,1,1,0,1,0,0,0,0,1,0,0,0,1,1,1,0,0,1,0,0,0,0,0,0,0,0,0,0,0,0,0,0,0,1,0,0,0,0,0,1,1,0,0,0,1,1,0
1123,2026-06-20,Beni,Malambo,Rughetsi,Homme,Plus de 41 ans,Ménage retourné,6 à 12 mois,,Non,,10,1,1,5,3,0,Oui,,1.0,,1.0,Oui,3,Modérée,Petits producteurs peu diversifiés,E01,6.7,True,0,0,0,0,0,1,0,1,0,0,1,0,0,1,0,0,0,0,0,0,0,0,0,0,0,0,0,1,0,0,0,0,0,0,0,1,0,0,0,1,1,0,1,1,1,0,0,1,1,0,1,0,1,1,0,0,0,0,0,0,0,0,0,0,1,0,0,0,0,0,0,0,1,1,1,0,0
1124,2026-06-20,Beni,Bolema,Autres villages,Femme,36 à 40 ans,Ménage retourné,1 à 2 ans,,Non,,11,2,1,5,3,0,Oui,,0.2,,0.2,Oui,4,Modérée,Petits producteurs peu diversifiés,E14,6.4,True,0,0,0,0,0,1,0,1,0,0,0,1,0,0,0,0,0,0,0,0,0,0,0,0,0,0,0,1,0,0,0,0,0,0,0,1,0,0,0,1,1,0,0,1,1,0,0,0,0,0,0,0,0,1,0,0,0,0,0,0,0,1,0,0,0,0,0,0,0,1,0,0,0,1,1,1,0
1125,2026-06-20,Beni,Malambo,Rughetsi,Homme,26 à 35 ans,Ménage retourné,6 à 12 mois,,Oui,Association,8,1,1,3,3,0,Oui,,0.5,,0.5,Oui,1,Faible,Riziculteurs diversifiés,E05,7.4,True,0,0,0,0,0,1,0,1,1,1,1,1,0,1,0,1,0,0,0,0,0,0,0,0,0,0,0,1,1,1,1,1,0,0,0,1,0,0,0,1,1,0,0,1,1,0,0,0,0,0,0,0,0,0,0,0,0,0,0,0,0,0,0,1,0,0,0,0,0,0,0,0,1,0,0,0,0
1126,2026-06-20,Beni,Malambo,Rughetsi,Femme,18 à 25 ans,Famille d'accueil,,1,Oui,Association,6,1,1,2,2,1,Oui,,0.3,,0.3,Oui,2,Faible,Riziculteurs diversifiés,E04,519.0,True,0,0,0,0,0,1,0,1,0,1,1,1,0,1,0,0,0,0,0,0,0,0,0,0,0,0,0,1,0,1,0,0,0,0,0,1,1,0,0,1,1,0,0,1,1,0,0,0,0,0,0,0,0,0,0,0,0,0,0,0,0,0,0,1,0,0,0,0,0,1,1,0,0,0,0,0,0
1127,2026-06-20,Beni,Malambo,Rughetsi,Homme,26 à 35 ans,Ménage retourné,Moins de 6 mois,,Oui,Association,3,1,1,0,1,0,Oui,,0.5,,0.5,Oui,1,Faible,Petits producteurs peu diversifiés,E01,6.8,True,0,0,0,0,0,1,0,1,0,0,1,0,0,1,0,0,0,0,0,0,0,0,0,0,0,0,0,1,0,0,0,0,0,0,0,1,0,0,0,1,0,1,0,1,1,0,0,1,1,1,1,0,0,1,0,0,0,0,0,0,0,0,0,0,1,0,0,0,0,0,0,0,1,0,0,0,0
1128,2026-06-20,Beni,Bolema,Mbongya,Femme,Plus de 41 ans,Ménage retourné,1 à 2 ans,,Non,,11,3,3,5,0,0,Oui,,0.2,,0.2,Oui,4,Modérée,Petits producteurs peu diversifiés,E14,5.8,True,0,0,1,0,0,1,1,1,0,0,0,0,0,0,0,0,0,0,0,0,0,0,0,0,0,0,0,0,0,1,0,0,0,0,0,1,0,0,0,1,1,0,0,1,1,0,0,0,0,0,0,0,0,1,0,0,0,0,0,0,0,1,0,0,0,0,0,0,0,1,0,0,0,1,1,1,0
1129,2026-06-20,Beni,Malambo,Rughetsi,Homme,Plus de 41 ans,Ménage retourné,1 à 2 ans,,Oui,Association,10,1,1,3,5,0,Oui,,0.5,,0.5,Oui,1,Faible,Riziculteurs diversifiés,E05,17.7,True,0,0,0,0,0,1,0,1,1,1,0,1,0,1,1,1,1,0,0,0,0,0,0,1,1,0,0,1,1,1,1,1,0,0,0,1,0,0,0,1,1,0,0,1,1,0,0,0,0,0,0,0,0,0,0,0,0,0,0,0,0,0,0,1,0,0,0,0,0,0,0,0,0,1,0,0,0
1130,2026-06-20,Beni,Malambo,Rughetsi,Femme,18 à 25 ans,Ménage retourné,Moins de 6 mois,,Oui,Association,4,2,2,0,0,0,Oui,,0.2,,0.2,Oui,3,Modérée,Petits producteurs peu diversifiés,E04,510.6,True,0,0,0,0,0,0,0,1,0,0,1,1,0,1,0,0,0,0,0,0,0,0,0,0,0,0,0,1,0,0,0,0,0,0,0,1,1,0,0,1,1,0,0,1,1,0,0,0,0,0,0,0,0,0,0,0,0,0,0,1,0,0,0,1,0,0,0,0,0,1,0,0,1,0,0,1,0
1131,2026-06-20,Beni,Malambo,Rughetsi,Homme,36 à 40 ans,Ménage retourné,Moins de 6 mois,,Oui,Association,10,2,2,3,3,0,Oui,,5.0,,5.0,Oui,2,Faible,Vivriers diversifiés + élevage,E01,11.1,True,0,0,0,0,0,1,0,1,1,0,0,0,0,0,0,0,0,0,0,0,0,0,0,0,0,0,0,1,0,1,0,0,0,0,0,1,0,0,0,1,0,0,0,1,1,0,0,0,1,1,0,0,0,1,1,0,0,0,0,0,0,0,0,0,1,0,0,0,0,0,0,0,1,1,0,0,0
1132,2026-06-20,Beni,Bolema,Mbongya,Femme,Plus de 41 ans,Ménage retourné,1 à 2 ans,,Non,,5,1,2,2,0,0,Non,Oui,,0.2,0.2,Non,4,Modérée,Petits producteurs peu diversifiés,E14,6.9,True,0,0,1,0,0,0,1,1,1,0,0,0,0,0,0,0,0,0,0,0,0,0,0,0,0,0,0,0,0,0,0,0,0,0,0,1,0,0,0,1,0,0,0,1,1,0,0,0,0,0,0,0,0,1,0,0,0,0,0,0,0,1,0,0,0,0,0,0,0,1,0,1,0,0,1,1,0
1133,2026-06-20,Beni,Malambo,Rughetsi,Homme,Plus de 41 ans,Ménage retourné,1 à 2 ans,,Oui,Association,12,4,3,3,2,0,Oui,,0.3,,0.3,Oui,1,Faible,Vivriers diversifiés + élevage,E03,578.4,True,0,0,0,0,0,0,0,1,1,0,1,1,0,1,0,0,0,0,0,0,0,0,0,0,0,0,0,1,0,1,0,0,0,0,0,1,0,0,0,0,1,0,1,1,0,0,0,0,1,0,0,0,0,0,0,0,0,0,0,0,0,0,0,0,0,1,0,0,0,0,0,0,0,1,0,0,0
1134,2026-06-20,Beni,Malambo,Kihome,Femme,Plus de 41 ans,Ménage retourné,plus de 2 ans,,Oui,Association,9,2,3,2,2,1,Oui,,1.0,,1.0,Oui,3,Modérée,Vivriers diversifiés + élevage,E11,30.3,True,0,0,1,0,0,1,1,1,1,0,1,1,0,1,1,1,0,0,1,1,0,0,1,0,1,0,0,1,0,1,1,1,0,0,0,1,1,0,0,1,1,0,0,1,1,1,1,0,0,0,0,0,0,0,0,0,0,0,0,0,0,1,1,0,0,0,0,0,0,1,1,0,0,1,0,0,0
1135,2026-06-20,Beni,Bolema,Mbongya,Femme,26 à 35 ans,Autre (ni retourné ni accueil),,,Non,,7,1,1,2,3,0,Non,Oui,,0.4,0.4,Oui,3,Modérée,Petits producteurs peu diversifiés,E14,7.1,True,0,0,1,0,0,1,1,1,0,0,1,0,0,0,0,0,0,0,0,0,0,0,0,0,0,0,0,0,0,1,0,0,0,0,0,1,0,0,0,1,0,0,0,1,1,0,0,0,0,0,0,0,0,1,0,0,0,0,0,0,0,1,0,0,0,0,0,0,0,1,0,1,0,0,1,0,0
1136,2026-06-20,Beni,Malambo,Rughetsi,Femme,18 à 25 ans,Ménage retourné,1 à 2 ans,,Non,,9,1,1,4,3,0,Oui,,0.2,,0.2,Oui,4,Modérée,Petits producteurs peu diversifiés,E04,500.6,True,0,0,0,0,0,0,0,1,0,0,1,1,0,0,0,0,0,0,0,0,0,0,0,0,0,0,0,1,0,0,0,0,0,0,0,1,1,0,0,1,1,0,0,1,1,0,0,0,0,0,0,0,0,0,0,0,0,0,0,0,1,0,0,1,0,0,0,0,0,1,0,0,0,1,1,1,0
1137,2026-06-20,Beni,Malambo,Rughetsi,Homme,36 à 40 ans,Ménage retourné,Moins de 6 mois,,,,7,1,1,2,3,0,Oui,,0.5,,0.5,Oui,1,Faible,Petits producteurs peu diversifiés,E01,6.7,True,0,0,1,0,0,1,1,1,0,0,1,0,0,0,0,0,0,0,0,0,0,0,0,0,0,0,0,1,0,0,0,0,0,0,0,1,0,0,0,1,1,0,1,1,1,0,0,1,1,0,1,0,1,1,0,0,0,0,0,0,0,0,0,0,1,0,0,0,0,0,0,0,1,0,0,0,0
1138,2026-06-20,Beni,Malambo,Rughetsi,Homme,Plus de 41 ans,Ménage retourné,1 à 2 ans,,Oui,Association,10,1,1,3,5,0,Oui,,1.0,,1.0,Oui,1,Faible,Riziculteurs diversifiés,E05,6.2,True,0,0,0,0,0,1,0,1,1,1,1,1,1,1,1,1,1,0,0,0,0,0,0,1,1,0,0,1,1,1,1,1,0,0,0,1,0,0,0,1,1,0,0,1,1,0,0,0,0,0,0,0,0,0,0,0,0,0,0,0,0,0,0,1,0,0,0,0,0,0,0,0,0,1,0,0,0
1139,2026-06-20,Beni,Bolema,Mbongya,Femme,18 à 25 ans,Ménage retourné,1 à 2 ans,,Non,,4,1,1,0,2,0,Non,Oui,,0.2,0.2,Oui,4,Modérée,Petits producteurs peu diversifiés,E14,4.4,True,1,0,0,0,0,1,1,1,0,0,0,0,0,0,0,0,0,0,0,0,0,0,0,0,0,0,0,0,0,1,0,0,0,0,0,1,0,0,0,1,0,0,0,1,1,0,0,0,1,0,0,0,0,0,0,0,0,0,0,0,0,1,0,0,0,0,0,0,0,1,0,1,0,0,1,1,0
1140,2026-06-20,Beni,Malambo,Rughetsi,Homme,Plus de 41 ans,Ménage retourné,Moins de 6 mois,,Non,,9,1,1,3,4,0,Oui,,0.5,,0.5,Oui,3,Modérée,Petits producteurs peu diversifiés,E01,6.2,True,0,0,0,0,0,1,0,1,0,0,1,0,0,0,0,0,0,0,0,0,0,0,0,0,0,0,0,1,0,0,0,0,0,0,0,1,1,0,0,1,1,0,1,1,1,0,0,1,1,0,0,0,0,1,1,0,0,0,0,0,0,0,0,0,1,0,0,0,0,0,0,0,1,1,1,0,0
1141,2026-06-20,Beni,Bolema,Mbongya,Femme,18 à 25 ans,Ménage retourné,1 à 2 ans,,Non,,7,4,1,1,1,0,Oui,,0.2,,0.2,Oui,3,Modérée,Petits producteurs peu diversifiés,E14,8.5,True,0,0,0,0,0,0,0,1,0,0,0,0,0,0,0,0,0,0,0,0,0,0,0,0,0,0,0,0,0,1,0,0,0,0,0,1,0,0,0,1,0,0,0,1,1,0,0,0,0,0,0,0,0,1,0,0,0,0,0,0,0,1,0,0,0,0,0,0,0,1,0,0,0,0,1,1,0
1142,2026-06-20,Beni,Malambo,Rughetsi,Homme,Plus de 41 ans,Ménage retourné,1 à 2 ans,,Oui,Association,12,1,1,6,4,0,Oui,,0.5,,0.5,Oui,1,Faible,Riziculteurs diversifiés,E05,100.8,True,0,0,1,0,0,1,1,1,1,1,0,1,0,1,0,1,0,0,0,0,0,0,0,0,0,0,0,1,1,1,1,1,0,0,0,1,0,0,0,1,1,0,0,1,1,0,0,0,0,0,0,0,0,0,0,0,0,0,0,0,0,0,0,1,0,0,0,0,0,0,0,0,0,1,0,0,0
1143,2026-06-20,Beni,Malambo,Rughetsi,Femme,18 à 25 ans,Ménage retourné,1 à 2 ans,,Oui,Association,5,1,1,2,1,0,Oui,,0.3,,0.3,Oui,1,Faible,Petits producteurs peu diversifiés,E04,488.5,True,0,0,0,0,0,0,0,1,0,0,1,1,0,1,0,0,0,0,0,0,0,0,0,0,0,0,0,1,0,0,0,0,0,0,0,1,1,0,0,1,1,0,0,1,1,0,0,0,0,0,0,0,0,0,0,0,0,0,0,0,1,0,0,1,0,0,0,0,0,1,0,0,0,0,0,0,0
1144,2026-06-20,Beni,Malambo,Kihome,Femme,Plus de 41 ans,Ménage retourné,plus de 2 ans,,Oui,Association,13,5,6,1,1,0,Oui,,2.0,,2.0,Oui,2,Faible,Riziculteurs diversifiés,E11,12.7,True,0,0,0,0,0,1,0,1,1,1,1,1,0,1,1,1,0,0,1,1,0,0,1,0,1,1,0,1,1,1,1,1,1,0,0,1,1,0,1,1,1,1,1,1,1,1,1,0,0,0,0,0,0,0,0,0,0,0,0,0,0,1,1,0,0,0,0,0,0,1,0,0,0,1,0,0,0
1145,2026-06-20,Beni,Malambo,Rughetsi,Homme,36 à 40 ans,Ménage retourné,Moins de 6 mois,,Oui,Association,10,1,1,2,6,0,Oui,,0.4,,0.4,Oui,2,Faible,Petits producteurs peu diversifiés,E01,8.6,True,0,0,0,0,0,1,0,0,0,0,1,0,0,0,0,1,0,0,0,0,0,0,0,0,0,0,0,1,0,0,0,0,0,0,0,1,0,0,0,1,1,0,1,1,1,0,0,1,1,1,1,0,0,1,0,0,0,0,0,0,0,0,0,0,1,0,0,0,0,0,0,0,1,1,0,0,0
1146,2026-06-20,Beni,Malambo,Rughetsi,Femme,26 à 35 ans,Ménage retourné,1 à 2 ans,,Non,,7,0,1,4,2,0,Oui,,0.3,,0.3,Non,2,Faible,Petits producteurs peu diversifiés,E04,482.5,True,0,0,0,0,0,0,0,1,0,0,1,1,0,1,0,0,0,0,0,0,0,0,0,0,0,0,0,0,0,0,0,0,0,0,0,1,1,0,0,1,1,0,0,1,1,0,0,0,0,0,0,0,0,0,0,0,0,0,0,1,0,0,0,1,0,0,0,0,0,1,0,0,0,0,1,0,0
1147,2026-06-20,Beni,Malambo,Rughetsi,Homme,36 à 40 ans,Ménage retourné,1 à 2 ans,,Oui,Association,11,3,2,3,3,0,Non,Oui,,0.25,0.25,Oui,2,Faible,Petits producteurs peu diversifiés,E03,550.9,True,0,0,0,0,0,0,0,1,1,0,1,0,0,1,0,0,0,0,0,0,0,0,0,0,0,0,0,0,0,1,1,1,0,0,0,1,0,0,1,0,0,0,1,1,0,0,0,0,0,0,0,0,0,0,0,0,0,0,0,0,1,0,1,0,0,0,0,0,0,0,0,1,0,1,0,0,0
1148,2026-06-20,Beni,Bolema,Mbongya,Femme,Plus de 41 ans,Autre (ni retourné ni accueil),,,Non,,10,3,4,3,0,1,Oui,,0.2,,0.2,Oui,5,Élevée,Petits producteurs peu diversifiés,E14,5.9,True,0,0,0,0,0,1,0,1,0,0,0,0,0,0,0,0,0,0,0,0,0,0,0,0,0,0,0,0,0,1,0,0,0,0,0,1,0,0,0,1,1,0,0,1,1,0,0,0,1,0,0,0,0,0,0,0,0,0,0,0,0,1,0,0,0,0,0,0,0,1,1,0,0,1,1,1,0
1149,2026-06-20,Beni,Malambo,Rughetsi,Homme,26 à 35 ans,Ménage retourné,6 à 12 mois,,Oui,Association,6,2,1,2,1,0,Oui,,0.6,,0.6,Oui,1,Faible,Petits producteurs peu diversifiés,E01,6.9,True,0,0,0,0,0,0,0,1,0,0,1,0,0,0,0,1,0,0,0,0,0,0,0,0,0,0,0,1,0,1,0,0,0,0,0,1,0,0,0,1,0,0,0,1,1,0,0,1,1,1,1,0,0,1,0,0,0,0,0,0,0,0,0,0,1,0,0,0,0,0,0,0,1,0,0,0,0
1150,2026-06-20,Beni,Malambo,Kihome,Femme,18 à 25 ans,Ménage retourné,plus de 2 ans,,Oui,Association,7,1,2,3,1,2,Non,Oui,,0.2,0.2,Non,4,Modérée,Petits producteurs peu diversifiés,E11,9.3,True,0,0,1,0,0,0,1,1,1,0,1,0,0,0,1,0,0,0,0,0,0,0,1,0,0,0,0,0,0,0,0,0,0,0,0,1,0,0,0,1,1,1,1,1,1,1,1,0,0,0,0,0,0,0,0,0,0,0,0,0,0,1,1,0,0,0,0,0,0,1,1,1,0,0,0,1,0
1151,2026-06-20,Beni,Malambo,Rughetsi,Homme,18 à 25 ans,Ménage retourné,6 à 12 mois,,Oui,Association,3,1,1,0,1,0,Oui,,0.2,,0.2,Oui,2,Faible,Riziculteurs diversifiés,E04,474.2,True,0,0,0,0,0,1,0,1,0,1,0,1,0,0,0,0,0,0,0,0,0,0,0,0,0,0,0,1,0,1,0,0,0,0,0,1,1,0,0,1,1,0,0,1,1,0,0,0,0,0,0,0,0,0,0,0,0,0,0,1,0,0,0,1,0,0,0,0,0,0,0,0,1,0,0,1,0
1152,2026-06-20,Beni,Malambo,Rughetsi,Homme,36 à 40 ans,Ménage retourné,Moins de 6 mois,,Oui,Association,6,1,1,2,2,0,Oui,,1.0,,1.0,Oui,1,Faible,Petits producteurs peu diversifiés,E01,5.8,True,0,0,0,0,0,1,0,1,1,0,1,0,0,0,0,0,0,0,0,0,0,0,0,0,0,0,0,1,0,0,0,0,0,0,0,1,0,0,0,1,1,0,1,1,1,0,1,0,1,1,0,0,0,1,1,0,0,0,0,0,0,0,0,0,1,0,0,0,0,0,0,0,1,0,0,0,0
1153,2026-06-20,Beni,Malambo,Rughetsi,Homme,Plus de 41 ans,Ménage retourné,6 à 12 mois,,Oui,Association,15,1,1,4,9,0,Oui,,0.4,,0.4,Oui,2,Faible,Riziculteurs diversifiés,E04,467.2,True,0,0,0,0,0,0,0,1,0,1,0,1,0,1,0,0,0,0,0,0,0,0,0,0,0,0,0,0,0,1,0,0,0,0,0,1,1,0,0,1,1,0,0,1,1,0,0,0,0,0,0,0,0,0,0,0,0,0,0,1,0,0,0,1,0,0,0,0,0,0,0,0,1,1,0,0,0
1154,2026-06-20,Beni,Malambo,Rughetsi,Homme,26 à 35 ans,Ménage retourné,Moins de 6 mois,,Oui,Association,6,1,1,2,2,0,Oui,,0.06,,0.06,Oui,2,Faible,Petits producteurs peu diversifiés,E01,7.5,True,0,0,0,0,0,1,0,1,0,0,1,0,0,0,0,0,0,0,0,0,0,0,0,0,0,0,0,1,0,0,0,0,0,0,0,1,0,0,0,1,1,0,1,1,1,0,0,1,1,1,1,0,0,1,0,0,0,0,0,0,0,0,0,0,1,0,0,0,0,0,0,0,1,0,0,1,0
1155,2026-06-20,Beni,Malambo,Kihome,Femme,Plus de 41 ans,Ménage retourné,plus de 2 ans,,Oui,Association,14,6,4,2,2,3,Oui,,1.5,,1.5,Oui,3,Modérée,Vivriers diversifiés + élevage,E11,217.4,False,0,1,0,0,0,1,1,1,1,0,1,1,0,0,1,1,1,0,1,1,0,0,1,1,1,0,0,1,1,1,1,1,1,0,0,1,1,0,0,1,1,1,1,1,1,1,1,0,0,0,0,0,0,0,0,0,0,0,0,0,0,1,1,0,0,0,0,0,0,1,1,0,0,1,0,0,0
1156,2026-06-20,Beni,Malambo,Rughetsi,Femme,Plus de 41 ans,Ménage retourné,1 à 2 ans,,Oui,Association,9,3,2,0,4,1,Oui,,0.15,,0.15,Oui,4,Modérée,Vivriers diversifiés + élevage,E03,530.2,True,0,0,0,0,0,0,0,1,1,0,1,0,0,0,0,0,0,0,0,0,0,0,0,0,0,0,0,1,0,1,1,1,0,0,0,1,0,0,0,1,0,1,1,1,0,0,0,0,0,0,0,0,0,0,0,0,0,0,0,0,1,0,0,0,0,1,1,0,0,1,1,0,0,1,0,1,0
1157,2026-06-20,Beni,Malambo,Rughetsi,Homme,Plus de 41 ans,Ménage retourné,Moins de 6 mois,,Oui,Association,10,1,1,7,1,0,Oui,,1.0,,1.0,Oui,2,Faible,Petits producteurs peu diversifiés,E01,8.0,True,0,0,0,0,0,1,0,1,0,0,1,0,0,1,0,0,0,0,0,0,0,0,0,0,0,0,0,1,0,0,0,0,0,0,0,1,0,0,0,1,1,0,1,1,1,0,0,1,1,1,1,0,0,1,0,0,0,0,0,0,0,0,0,0,1,0,0,0,0,0,0,0,1,1,0,0,0
1158,2026-06-20,Beni,Malambo,Rughetsi,Femme,36 à 40 ans,Ménage retourné,6 à 12 mois,,Oui,Association,8,0,1,6,1,0,Oui,,0.3,,0.3,Oui,2,Faible,Petits producteurs peu diversifiés,E04,455.9,True,0,0,0,0,0,0,0,1,0,0,0,1,0,1,0,0,0,0,0,0,0,0,0,0,0,0,0,1,0,0,0,0,0,0,0,1,1,0,0,1,1,0,0,1,1,0,0,0,0,0,0,0,0,0,0,0,0,0,0,1,0,0,0,1,0,0,0,0,0,1,0,0,1,0,0,0,0
1159,2026-06-20,Beni,Malambo,Rughetsi,Homme,36 à 40 ans,Ménage retourné,Moins de 6 mois,,Oui,Association,10,1,2,2,5,0,Oui,,1.0,,1.0,Oui,2,Faible,Petits producteurs peu diversifiés,E01,7.6,True,0,0,0,0,0,1,0,1,0,0,1,0,0,0,0,1,0,0,0,0,0,0,0,0,0,0,0,1,0,1,0,0,0,0,0,1,0,0,0,1,1,0,1,1,1,0,0,1,1,1,1,0,0,1,0,0,0,0,0,0,0,0,0,0,1,0,0,0,0,0,0,0,1,1,0,0,0
1160,2026-06-20,Beni,Malambo,Kihome,Homme,Plus de 41 ans,Ménage retourné,plus de 2 ans,,Oui,Autres,8,4,1,2,1,1,Oui,,0.25,,0.25,Oui,1,Faible,Vivriers diversifiés + élevage,E11,200.7,False,0,1,0,0,0,0,1,1,1,0,1,0,0,0,1,0,0,0,1,1,0,0,1,0,1,0,0,1,0,1,1,1,0,0,0,1,1,0,1,1,1,1,1,1,1,1,1,0,0,0,0,0,0,0,0,0,0,0,0,0,0,1,1,0,0,0,0,0,0,0,1,0,0,0,0,0,0
1161,2026-06-20,Beni,Malambo,Rughetsi,Femme,26 à 35 ans,Ménage retourné,1 à 2 ans,,Oui,Association,6,1,1,3,1,0,Non,Oui,,0.15,0.15,Oui,3,Modérée,Petits producteurs peu diversifiés,E03,517.5,True,0,0,0,0,0,0,0,1,0,0,1,1,0,0,0,0,0,0,0,0,0,0,0,0,0,0,0,1,0,0,0,0,0,0,0,1,0,0,0,0,0,0,1,1,0,0,0,0,0,0,0,0,0,0,0,0,0,0,0,0,1,0,0,0,0,1,0,0,0,1,0,1,0,0,0,1,0
1162,2026-06-20,Beni,Malambo,Rughetsi,Femme,Plus de 41 ans,Ménage retourné,6 à 12 mois,,Oui,Association,12,1,1,5,5,0,Oui,,0.5,,0.5,Oui,3,Modérée,Vivriers diversifiés + élevage,E04,445.6,True,0,0,0,0,0,1,0,1,1,0,0,1,0,1,0,0,0,0,0,0,0,0,0,0,0,0,0,1,0,1,0,0,0,0,0,1,1,0,0,1,1,0,0,1,1,0,0,0,0,0,0,0,0,0,0,0,0,0,0,1,0,0,0,1,0,0,0,0,0,1,0,0,1,1,0,0,0
1163,2026-06-20,Beni,Malambo,Rughetsi,Homme,36 à 40 ans,Ménage retourné,Moins de 6 mois,,Oui,Association,8,1,1,3,3,0,Oui,,0.5,,0.5,Oui,1,Faible,Petits producteurs peu diversifiés,E01,7.8,True,0,0,0,0,0,1,0,1,0,0,1,0,0,0,0,1,0,0,0,0,0,0,0,0,0,0,0,1,0,1,0,0,0,0,0,1,1,0,0,1,0,0,0,1,1,0,1,0,1,1,0,0,0,1,1,0,0,0,0,0,0,0,0,0,1,0,0,0,0,0,0,0,1,0,0,0,0
1164,2026-06-20,Beni,Malambo,Kihome,Homme,Plus de 41 ans,Ménage retourné,plus de 2 ans,,Oui,Association,9,2,3,2,2,1,Oui,,1.0,,1.0,Oui,2,Faible,Vivriers diversifiés + élevage,E11,191.9,True,0,0,0,0,0,1,0,1,1,0,1,0,0,0,1,1,0,0,1,1,0,0,1,0,0,0,0,1,0,1,1,1,0,0,0,1,1,0,1,1,1,1,1,1,1,1,1,0,0,0,0,0,0,0,0,0,0,0,0,0,0,1,1,0,0,0,0,0,0,0,1,0,0,1,0,0,0
1165,2026-06-20,Beni,Malambo,Rughetsi,Femme,26 à 35 ans,Ménage retourné,1 à 2 ans,,Oui,Association,10,2,1,5,2,0,Oui,,0.26,,0.26,Oui,2,Faible,Petits producteurs peu diversifiés,E03,513.2,True,0,0,0,0,0,1,0,1,0,0,1,1,0,0,0,0,0,0,0,0,0,0,0,0,0,0,0,1,0,1,0,0,0,0,0,1,1,0,0,0,0,0,1,1,0,0,0,0,0,0,0,0,0,0,0,0,0,0,0,0,0,0,0,0,0,1,1,0,0,1,0,0,0,1,0,0,0
1166,2026-06-20,Beni,Malambo,Rughetsi,Femme,26 à 35 ans,Ménage retourné,6 à 12 mois,,Oui,Association,7,1,1,3,2,0,Oui,,0.2,,0.2,Oui,3,Modérée,Vivriers diversifiés + élevage,E04,435.7,True,0,0,0,0,0,0,0,1,1,0,0,1,0,1,0,0,0,0,0,0,0,0,0,0,0,0,0,1,0,0,0,0,0,0,0,1,1,0,0,1,1,0,0,1,1,0,0,0,0,0,0,0,0,0,0,0,0,0,0,1,0,0,0,1,0,0,0,0,0,1,0,0,1,0,0,1,0
1167,2026-06-20,Beni,Malambo,Rughetsi,Homme,36 à 40 ans,Ménage retourné,6 à 12 mois,,Non,,6,1,1,2,2,0,Oui,,0.5,,0.5,Oui,2,Faible,Petits producteurs peu diversifiés,E01,6.2,True,0,0,0,0,0,1,0,1,0,0,1,0,0,0,0,0,0,0,0,0,0,0,0,0,0,0,0,1,0,1,0,0,0,0,0,1,0,0,0,1,1,0,1,1,1,0,0,0,1,1,0,0,0,1,1,0,0,0,0,0,0,0,0,0,1,0,0,0,0,0,0,0,1,0,1,0,0
1168,2026-06-20,Beni,Bolema,Mbongya,Femme,26 à 35 ans,Ménage retourné,1 à 2 ans,,Non,,3,1,1,1,0,0,Non,Oui,,0.15,0.15,Oui,4,Modérée,Petits producteurs peu diversifiés,E14,36.2,True,0,0,0,0,0,0,0,1,0,0,0,0,0,0,0,0,0,0,0,0,0,0,0,0,0,0,0,1,0,0,0,0,0,0,0,1,0,0,0,1,0,0,0,1,0,0,0,0,1,0,0,0,0,0,0,0,0,0,0,0,0,1,0,0,0,0,0,0,0,1,0,1,0,0,1,1,0
1169,2026-06-20,Beni,Malambo,Kihome,Femme,Plus de 41 ans,Ménage retourné,plus de 2 ans,,Oui,Association,11,2,5,2,2,2,Oui,,1.0,,1.0,Oui,3,Modérée,Vivriers diversifiés + élevage,E11,184.0,True,0,0,0,0,0,1,0,1,1,0,1,0,0,0,1,1,0,0,1,1,0,0,1,1,1,0,0,1,0,1,1,1,0,0,0,1,1,0,1,1,1,1,1,1,1,1,1,0,0,0,0,0,0,0,0,0,0,0,0,0,0,1,1,0,0,0,0,0,0,1,1,0,0,1,0,0,0
1170,2026-06-20,Beni,Malambo,Hurara,Femme,Plus de 41 ans,Ménage retourné,plus de 2 ans,,Non,,6,1,1,2,2,0,Oui,,1.0,,1.0,Oui,2,Faible,Vivriers diversifiés + élevage,E08,6.9,True,0,0,0,0,0,1,0,1,1,0,1,1,0,1,0,0,0,0,0,0,0,0,0,0,0,0,0,1,1,1,1,1,0,0,0,1,1,1,1,1,0,1,1,1,1,1,1,1,0,0,0,0,0,0,0,0,0,0,0,0,0,0,1,0,0,0,0,0,0,1,0,0,0,0,1,0,0
1171,2026-06-20,Beni,Malambo,Rughetsi,Homme,36 à 40 ans,Ménage retourné,Moins de 6 mois,,Oui,Association,8,1,1,4,2,0,Oui,,0.5,,0.5,Oui,1,Faible,Petits producteurs peu diversifiés,E01,7.0,True,0,0,0,0,0,1,0,1,0,0,1,0,0,0,0,0,0,0,0,0,0,0,0,0,0,0,0,1,0,0,0,0,0,0,0,1,0,0,0,1,1,0,1,1,1,0,0,0,1,1,1,0,0,1,0,0,0,0,0,0,0,0,0,0,1,0,0,0,0,0,0,0,1,0,0,0,0
1172,2026-06-20,Beni,Malambo,Rughetsi,Femme,26 à 35 ans,Ménage retourné,1 à 2 ans,,Oui,Association,6,1,1,1,3,0,Oui,,0.25,,0.25,Non,1,Faible,Petits producteurs peu diversifiés,E03,501.4,True,0,0,0,0,0,1,0,1,0,0,1,1,0,1,0,0,0,0,0,0,0,0,0,0,0,0,0,0,0,0,0,0,0,0,0,1,0,0,1,1,0,0,1,1,0,0,0,0,0,0,0,0,0,0,0,0,0,0,0,0,0,0,0,0,0,1,1,0,0,1,0,0,0,0,0,0,0
1173,2026-06-20,Beni,Malambo,Rughetsi,Homme,Plus de 41 ans,Ménage retourné,6 à 12 mois,,Oui,Association,8,1,1,3,3,0,Oui,,0.4,,0.4,Non,1,Faible,Petits producteurs peu diversifiés,E04,427.5,True,0,0,0,0,0,0,0,1,0,1,0,1,0,1,0,0,0,0,0,0,0,0,0,0,0,0,0,0,0,0,0,0,0,0,0,1,1,0,0,1,1,0,0,1,1,0,0,0,0,0,0,0,0,0,0,0,0,0,0,1,0,0,0,1,0,0,0,0,0,0,0,0,1,0,0,0,0
1174,2026-06-20,Beni,Malambo,Hurara,Femme,36 à 40 ans,Ménage retourné,plus de 2 ans,,Non,,10,2,3,1,4,0,Oui,,2.0,,2.0,Oui,3,Modérée,Vivriers diversifiés + élevage,E08,3.3,True,1,0,0,0,0,0,1,1,1,0,1,1,0,1,1,0,0,0,0,0,0,0,1,1,1,0,0,1,1,1,1,1,0,1,0,1,1,1,1,1,0,1,1,1,1,1,1,1,0,0,1,0,0,0,0,0,0,0,0,0,0,1,1,0,0,0,0,0,0,1,0,0,0,1,1,0,0
1175,2026-06-20,Beni,Malambo,Rughetsi,Homme,26 à 35 ans,Ménage retourné,6 à 12 mois,,Non,,10,1,1,1,7,0,Oui,,1.0,,1.0,Oui,3,Modérée,Petits producteurs peu diversifiés,E01,7.6,True,0,0,0,0,0,1,0,1,0,0,0,1,0,0,0,0,0,0,0,0,0,0,0,0,0,0,0,1,0,0,0,0,0,0,0,1,0,0,0,1,1,0,1,1,1,0,0,0,0,0,0,0,0,0,0,0,0,0,0,0,0,0,0,0,0,0,0,0,0,0,0,0,1,1,1,0,0
1176,2026-06-20,Beni,Malambo,Rughetsi,Homme,18 à 25 ans,Ménage retourné,1 à 2 ans,,Oui,Association,4,2,2,0,0,1,Oui,,0.26,,0.26,Oui,1,Faible,Vivriers diversifiés + élevage,E03,496.3,True,0,0,0,0,0,1,0,1,1,0,1,1,0,1,1,0,0,0,1,1,1,0,1,1,0,0,0,1,1,1,1,1,0,0,0,1,0,0,0,1,0,0,0,1,0,0,0,0,0,0,0,0,0,0,0,0,0,0,0,0,1,0,0,0,0,0,1,0,0,0,1,0,0,0,0,0,0
1177,2026-06-20,Beni,Malambo,Rughetsi,Femme,26 à 35 ans,Ménage retourné,6 à 12 mois,,Oui,Association,10,1,1,3,5,0,Oui,,0.4,,0.4,Oui,3,Modérée,Petits producteurs peu diversifiés,E04,421.3,True,0,0,0,0,0,1,0,1,1,0,1,1,0,0,0,0,0,0,0,0,0,0,0,0,0,0,0,0,0,1,0,0,0,0,0,1,1,0,0,1,1,0,0,1,1,0,0,0,0,0,0,0,0,0,0,0,0,0,0,1,0,0,0,1,0,0,0,0,0,1,0,0,1,1,0,0,0
1178,2026-06-20,Beni,Malambo,Hurara,Femme,18 à 25 ans,Ménage retourné,plus de 2 ans,,Non,,5,1,1,1,2,0,Oui,,0.5,,0.5,Oui,2,Faible,Vivriers diversifiés + élevage,E08,2.5,True,1,0,0,0,0,1,1,1,1,0,1,1,0,1,1,0,0,0,0,0,0,0,0,1,0,0,0,1,1,1,0,0,0,0,0,1,1,1,1,1,0,1,1,1,1,1,1,1,0,0,0,0,0,0,0,0,0,0,0,0,0,0,1,0,0,0,0,0,0,1,0,0,0,0,1,0,0
1179,2026-06-20,Beni,Malambo,Hurara,Femme,26 à 35 ans,Ménage retourné,1 à 2 ans,,Non,,8,2,3,0,3,0,Oui,,1.0,,1.0,Oui,2,Faible,Vivriers diversifiés + élevage,E08,2.1,True,1,0,1,0,0,1,2,1,1,0,1,1,0,1,1,0,0,0,0,0,0,0,1,1,0,0,0,1,0,1,0,0,0,0,0,1,1,1,1,1,0,1,0,1,1,1,1,1,0,0,0,0,0,0,0,0,0,0,0,0,0,0,0,0,0,1,0,0,0,1,0,0,0,0,1,0,0
1180,2026-06-20,Beni,Malambo,Hurara,Femme,18 à 25 ans,Ménage retourné,plus de 2 ans,,Non,,4,1,1,2,0,0,Oui,,0.4,,0.4,Oui,2,Faible,Vivriers diversifiés + élevage,E08,1.9,True,1,0,0,0,0,1,1,1,1,0,0,1,0,1,0,0,0,0,0,0,0,0,0,0,0,0,0,1,0,1,0,0,0,0,0,1,0,1,1,1,0,1,1,1,1,1,1,1,0,0,1,0,0,0,0,0,0,0,0,0,0,0,1,0,0,0,0,0,0,1,0,0,0,0,1,0,0
1181,2026-06-20,Beni,Malambo,Rughetsi,Homme,36 à 40 ans,Ménage retourné,Moins de 6 mois,,Non,,7,1,1,1,4,0,Oui,,0.5,,0.5,Oui,2,Faible,Petits producteurs peu diversifiés,E01,9.6,True,0,0,0,0,0,1,0,0,0,0,1,0,0,0,0,0,0,0,0,0,0,0,0,0,0,0,0,1,0,0,0,0,0,0,0,1,0,0,0,1,0,0,0,1,1,0,0,1,1,0,1,0,0,1,0,0,0,0,0,0,0,0,0,0,1,0,0,0,0,0,0,0,1,0,1,0,0
1182,2026-06-20,Beni,Malambo,Hurara,Femme,26 à 35 ans,Ménage retourné,1 à 2 ans,,Non,,5,1,1,1,2,0,Oui,,0.35,,0.35,Oui,2,Faible,Vivriers diversifiés + élevage,E08,2.5,True,1,0,0,0,0,1,1,1,1,0,1,1,0,1,1,0,0,0,0,0,0,0,1,1,1,0,0,1,0,1,0,0,0,0,0,1,1,1,1,1,0,1,1,1,1,1,1,1,0,0,0,0,0,0,0,0,0,0,0,0,0,0,1,0,0,0,0,0,0,1,0,0,0,0,1,0,0
1183,2026-06-20,Beni,Malambo,Rughetsi,Homme,26 à 35 ans,Ménage retourné,6 à 12 mois,,Oui,Association,6,1,1,3,1,0,Oui,,0.4,,0.4,Non,1,Faible,Petits producteurs peu diversifiés,E04,410.4,True,0,0,0,0,0,0,0,1,0,0,0,1,0,1,1,0,0,0,0,1,0,0,0,0,0,0,0,0,0,0,0,0,0,0,0,1,1,0,0,1,1,0,0,1,1,0,0,0,0,0,0,0,0,0,0,0,0,0,0,0,1,0,0,1,0,0,0,0,0,0,0,0,1,0,0,0,0
1184,2026-06-20,Beni,Malambo,Rughetsi,Femme,26 à 35 ans,Ménage retourné,1 à 2 ans,,Oui,Association,6,2,1,3,0,0,Oui,,0.22,,0.22,Oui,2,Faible,Vivriers diversifiés + élevage,E03,486.0,True,0,0,0,0,0,1,0,1,1,0,1,1,0,1,0,0,0,0,0,0,0,0,0,0,0,0,0,1,0,1,0,0,0,0,0,1,0,0,0,1,0,0,1,1,0,0,0,0,0,0,0,0,0,0,0,0,0,0,0,0,1,0,1,0,0,1,0,0,0,1,0,0,0,0,0,1,0
1185,2026-06-20,Beni,Malambo,Kihome,Homme,36 à 40 ans,Ménage retourné,plus de 2 ans,,Non,,6,1,1,3,1,0,Oui,,1.0,,1.0,Oui,1,Faible,Vivriers diversifiés + élevage,E11,160.5,True,0,0,0,0,0,1,0,1,1,0,1,0,0,0,1,1,0,0,1,1,0,0,1,1,0,0,0,1,0,1,1,0,1,0,0,1,1,0,0,1,1,1,1,1,1,1,1,0,0,0,0,0,0,0,0,0,0,0,0,0,0,1,1,0,0,0,0,0,0,0,0,0,0,0,1,0,0
1186,2026-06-20,Beni,Malambo,Hurara,Femme,36 à 40 ans,Ménage retourné,plus de 2 ans,,Non,,8,3,1,2,2,0,Oui,,1.0,,1.0,Oui,2,Faible,Vivriers diversifiés + élevage,E08,2.5,True,1,0,0,0,0,1,1,1,1,0,1,1,0,1,1,0,0,0,0,0,0,0,1,1,1,0,0,1,0,1,1,1,0,1,0,1,1,1,1,1,0,1,1,1,1,0,1,1,0,0,0,0,0,0,0,0,0,0,0,0,0,0,1,0,0,0,0,0,0,1,0,0,0,0,1,0,0
1187,2026-06-20,Beni,Malambo,Rughetsi,Homme,Plus de 41 ans,Ménage retourné,6 à 12 mois,,Oui,Association,7,0,1,4,2,0,Oui,,1.0,,1.0,Oui,1,Faible,Petits producteurs peu diversifiés,E01,7.7,True,0,0,0,0,0,1,0,1,0,0,1,0,0,0,0,0,0,0,0,0,0,0,0,0,0,0,0,1,0,0,0,0,0,0,0,1,0,0,0,1,1,0,1,1,1,0,0,1,1,1,0,0,0,1,0,0,0,0,0,0,0,0,0,0,1,0,0,0,0,0,0,0,1,0,0,0,0
1188,2026-06-20,Beni,Malambo,Rughetsi,Femme,26 à 35 ans,Ménage retourné,6 à 12 mois,,Oui,Association,8,1,1,4,2,0,Oui,,0.3,,0.3,Oui,2,Faible,Petits producteurs peu diversifiés,E04,403.8,True,0,0,0,0,0,0,0,1,0,0,1,1,0,1,0,0,0,0,0,0,0,0,0,0,0,0,0,0,0,1,0,0,0,0,0,1,1,0,0,1,1,0,0,1,1,0,0,0,0,0,0,0,0,0,0,0,0,0,0,0,1,0,0,1,0,0,0,0,0,1,0,0,1,0,0,0,0
1189,2026-06-20,Beni,Malambo,Rughetsi,Homme,18 à 25 ans,Ménage retourné,1 à 2 ans,,Oui,Association,5,2,2,0,1,0,Oui,,0.12,,0.12,Oui,1,Faible,Vivriers diversifiés + élevage,E03,478.1,True,0,0,0,0,0,1,0,1,0,0,1,1,0,1,0,0,0,0,0,0,0,0,0,0,0,0,0,1,1,1,0,0,0,0,0,1,0,0,0,1,0,0,0,1,0,0,0,0,0,0,0,0,0,0,0,0,0,0,0,0,1,0,0,0,0,1,0,0,0,0,0,0,0,0,0,1,0
1190,2026-06-20,Beni,Malambo,Rughetsi,Femme,26 à 35 ans,Ménage retourné,6 à 12 mois,,Oui,Association,5,1,1,2,1,0,Oui,,0.3,,0.3,Non,2,Faible,Petits producteurs peu diversifiés,E04,397.3,True,0,0,0,0,0,0,0,1,1,0,1,1,0,1,0,0,0,0,0,0,0,0,0,0,0,0,0,0,0,0,0,0,0,0,0,1,1,0,0,1,1,0,0,1,1,0,0,0,0,0,0,0,0,0,0,0,0,0,0,1,0,0,0,1,0,0,0,0,0,1,0,0,1,0,0,0,0
1191,2026-06-20,Beni,Malambo,Rughetsi,Homme,Plus de 41 ans,Ménage retourné,Moins de 6 mois,,Oui,Association,6,,1,2,3,0,Oui,,1.0,,1.0,Oui,1,Faible,Petits producteurs peu diversifiés,E01,10.8,True,0,0,0,0,0,1,0,1,0,0,1,0,0,0,0,0,0,0,0,0,0,0,0,0,0,0,0,1,0,1,0,0,0,0,0,1,0,0,0,1,1,0,1,1,1,0,0,1,1,0,1,0,0,1,0,0,0,0,0,0,0,0,0,0,1,0,0,0,0,0,0,0,1,0,0,0,0
1192,2026-06-20,Beni,Bolema,Mbongya,Femme,26 à 35 ans,Ménage retourné,1 à 2 ans,,Non,,4,1,1,1,1,0,Non,Oui,,0.1,0.1,Oui,4,Modérée,Petits producteurs peu diversifiés,E14,6.4,True,0,0,0,0,0,0,0,1,0,0,0,0,0,0,0,0,0,0,0,0,0,0,0,0,0,0,0,1,0,0,0,0,0,0,0,1,0,0,0,1,0,0,0,1,1,0,0,1,0,0,0,0,0,0,0,0,0,0,0,0,0,1,0,0,0,0,0,0,0,1,0,1,0,0,1,1,0
1193,2026-06-20,Beni,Malambo,Rughetsi,Femme,26 à 35 ans,Ménage retourné,1 à 2 ans,,Oui,Autres,8,2,2,2,2,0,Oui,,0.15,,0.15,Oui,2,Faible,Petits producteurs peu diversifiés,E03,470.1,True,0,0,0,0,0,0,0,1,1,0,1,0,0,0,0,0,0,0,0,0,0,0,0,0,0,0,0,1,0,0,0,0,0,0,0,1,0,0,0,0,0,0,1,1,0,0,0,0,0,0,0,0,0,0,0,0,0,0,0,0,1,0,0,0,0,1,0,0,0,1,0,0,0,0,0,1,0
1194,2026-06-20,Beni,Malambo,Rughetsi,Homme,36 à 40 ans,Ménage retourné,1 à 2 ans,,Oui,Association,8,1,1,3,3,0,Oui,,0.5,,0.5,Oui,0,Faible,Riziculteurs diversifiés,E05,6.7,True,0,0,0,0,0,1,0,1,1,1,1,0,0,1,0,1,0,0,0,0,0,0,0,0,0,0,0,1,1,1,1,1,0,0,0,1,0,0,0,1,1,0,0,1,1,0,0,0,0,0,0,0,0,0,0,0,0,0,0,0,0,0,0,1,0,0,0,0,0,0,0,0,0,0,0,0,0
1195,2026-06-20,Beni,Malambo,Rughetsi,Homme,Plus de 41 ans,Ménage retourné,6 à 12 mois,,Oui,Association,8,1,1,2,4,1,Oui,,0.2,,0.2,Oui,3,Modérée,Vivriers diversifiés + élevage,E04,390.6,True,0,0,0,0,0,1,0,1,1,0,0,1,0,1,0,0,0,0,0,0,0,0,0,0,0,0,0,0,0,1,0,0,0,0,0,1,1,0,0,1,1,0,0,1,1,0,0,0,0,0,0,0,0,0,0,0,0,0,0,1,0,0,0,1,0,0,0,0,0,0,1,0,1,0,0,1,0
1196,2026-06-20,Beni,Malambo,Rughetsi,Femme,Plus de 41 ans,Ménage retourné,1 à 2 ans,,Non,,12,3,4,2,3,0,Oui,,1.0,,1.0,Oui,3,Modérée,Vivriers diversifiés + élevage,E01,19.6,True,0,0,0,0,0,1,0,1,0,0,0,1,0,0,0,1,0,0,0,0,0,0,0,0,0,0,0,1,0,1,0,0,0,0,0,1,0,0,0,1,1,0,1,1,1,0,0,1,0,0,1,0,0,1,0,0,0,0,0,0,0,0,0,0,1,0,0,0,0,1,0,0,0,1,1,0,0
1197,2026-06-20,Beni,Malambo,Rughetsi,Homme,Plus de 41 ans,Ménage retourné,1 à 2 ans,,Oui,Association,9,1,1,3,4,0,Oui,,0.6,,0.6,Oui,1,Faible,Riziculteurs diversifiés,E05,8.8,True,0,0,0,0,0,1,0,1,1,1,1,1,0,1,0,1,0,0,0,0,0,0,0,0,0,0,0,1,1,1,1,1,0,0,0,1,0,0,0,1,1,0,0,1,1,0,0,0,0,0,0,0,0,0,0,0,0,0,0,0,0,0,0,1,0,0,0,0,0,0,0,0,0,1,0,0,0
1198,2026-06-20,Beni,Malambo,Rughetsi,Femme,Plus de 41 ans,Ménage retourné,plus de 2 ans,,Non,,8,2,2,2,2,0,Oui,,0.15,,0.15,Oui,3,Modérée,Vivriers diversifiés + élevage,E03,459.6,True,0,0,0,0,0,0,0,1,0,0,1,0,0,0,0,0,0,0,0,0,0,0,0,0,0,0,0,1,1,1,1,1,0,0,0,1,0,0,0,1,0,0,0,1,0,0,0,0,0,0,0,0,0,0,0,0,0,0,0,0,1,0,1,0,0,0,0,0,0,1,0,0,0,0,1,1,0
1199,2026-06-20,Beni,Malambo,Rughetsi,Homme,Plus de 41 ans,Ménage retourné,6 à 12 mois,,Oui,Association,8,1,1,3,3,1,Oui,,1.0,,1.0,Non,2,Faible,Petits producteurs peu diversifiés,E04,376.2,True,0,0,0,0,0,1,0,1,1,0,0,1,0,1,0,0,0,0,0,0,0,0,0,0,0,0,0,0,0,0,0,0,0,0,0,1,1,0,0,1,1,0,0,1,1,0,0,0,0,0,0,0,0,0,0,0,0,0,0,1,0,0,0,1,0,0,0,0,0,0,1,0,1,0,0,0,0
1200,2026-06-20,Beni,Malambo,Rughetsi,Homme,Plus de 41 ans,Ménage retourné,1 à 2 ans,,Oui,Association,8,1,1,3,3,0,Oui,,0.5,,0.5,Oui,0,Faible,Riziculteurs diversifiés,E05,6.6,True,0,0,0,0,0,1,0,1,1,1,0,1,0,1,0,1,0,0,0,0,0,0,0,0,0,0,0,1,1,1,1,1,0,0,0,1,0,0,0,1,1,0,0,1,1,0,0,0,0,0,0,0,0,0,0,0,0,0,0,0,0,0,0,1,0,0,0,0,0,0,0,0,0,0,0,0,0
1201,2026-06-20,Beni,Malambo,Rughetsi,Femme,Plus de 41 ans,Ménage retourné,6 à 12 mois,,Oui,Association,8,1,1,3,3,0,Oui,,0.3,,0.3,Oui,2,Faible,Petits producteurs peu diversifiés,E04,370.7,True,0,0,0,0,0,1,0,1,1,0,0,1,0,0,1,0,1,1,0,0,1,0,0,0,0,0,0,0,0,0,1,1,0,0,0,1,1,0,0,1,1,0,0,1,1,0,0,0,0,0,0,0,0,0,0,0,0,0,0,1,0,0,0,1,0,0,0,0,0,1,0,0,1,0,0,0,0
1202,2026-06-20,Beni,Malambo,Rughetsi,Femme,18 à 25 ans,Ménage retourné,1 à 2 ans,,Oui,Association,8,1,1,3,3,0,Oui,,0.4,,0.4,Oui,1,Faible,Riziculteurs diversifiés,E05,6.3,True,0,0,0,0,0,1,0,1,1,1,0,1,0,1,0,1,0,0,0,0,0,0,0,0,0,0,0,1,1,1,1,1,0,0,0,1,0,0,0,1,1,0,0,1,1,0,0,0,0,0,0,0,0,0,0,0,0,0,0,0,0,0,0,1,0,0,0,0,0,1,0,0,0,0,0,0,0
1203,2026-06-20,Beni,Malambo,Rughetsi,Homme,26 à 35 ans,Ménage retourné,Moins de 6 mois,,Oui,Association,3,1,1,1,,0,Non,Oui,,1.0,1.0,Oui,2,Faible,Petits producteurs peu diversifiés,E01,8.5,True,0,0,0,0,0,1,0,1,0,0,1,0,0,0,0,1,0,0,0,0,0,0,0,0,0,0,0,1,0,0,1,0,0,0,0,1,1,0,0,1,1,0,1,1,1,0,0,1,1,1,1,0,0,1,0,0,0,0,0,0,0,0,0,0,1,0,0,0,0,0,0,1,1,0,0,0,0
1204,2026-06-20,Beni,Malambo,Rughetsi,Femme,18 à 25 ans,Ménage retourné,6 à 12 mois,,Oui,Association,8,1,1,3,3,0,Oui,,0.3,,0.3,Oui,2,Faible,Riziculteurs diversifiés,E05,7.7,True,0,0,0,0,0,1,0,1,0,1,1,0,0,1,0,1,0,0,0,0,0,0,0,0,0,0,0,1,1,1,1,1,0,0,0,1,0,0,0,1,1,0,0,1,1,0,0,0,0,0,0,0,0,0,0,0,0,0,0,0,0,0,0,1,0,0,0,0,0,1,0,0,1,0,0,0,0
1205,2026-06-20,Beni,Malambo,Rughetsi,Femme,36 à 40 ans,Ménage retourné,6 à 12 mois,,Oui,Association,12,1,1,5,5,0,Oui,,0.4,,0.4,Oui,3,Modérée,Vivriers diversifiés + élevage,E04,362.0,True,0,0,0,0,0,1,0,1,1,0,0,1,0,0,1,0,1,1,0,0,1,0,0,0,0,0,0,1,1,0,0,0,0,0,0,1,1,0,0,1,1,0,0,1,1,0,0,0,0,0,0,0,0,0,0,0,0,0,0,0,1,0,0,1,0,0,0,0,0,1,0,0,1,1,0,0,0
1206,2026-06-20,Beni,Bolema,Mbongya,Homme,Plus de 41 ans,Ménage retourné,1 à 2 ans,,Non,,8,1,1,1,5,0,Oui,,0.2,,0.2,Oui,2,Faible,Petits producteurs peu diversifiés,E14,9.7,True,0,0,0,0,0,0,0,0,0,1,0,0,0,0,0,0,0,0,0,0,0,0,0,0,0,0,0,1,0,0,0,0,0,0,0,1,0,0,0,1,0,0,0,1,1,0,0,0,0,0,0,1,0,0,0,0,0,0,0,0,0,1,0,0,0,0,0,0,0,0,0,0,0,0,1,1,0
1207,2026-06-20,Beni,Malambo,Rughetsi,Femme,26 à 35 ans,Ménage retourné,1 à 2 ans,,Oui,Association,7,0,1,3,3,0,Oui,,0.1,,0.1,Oui,2,Faible,Vivriers diversifiés + élevage,E03,435.8,True,0,0,0,0,0,0,0,1,1,0,1,1,0,1,1,0,1,0,1,1,0,0,0,0,0,0,0,1,0,1,0,0,0,0,0,1,1,0,0,0,0,0,1,1,0,0,0,0,0,0,0,0,0,0,0,0,0,0,0,0,0,0,0,1,0,0,1,0,0,1,0,0,0,0,0,1,0
1208,2026-06-20,Beni,Malambo,Rughetsi,Femme,18 à 25 ans,Ménage retourné,6 à 12 mois,,Oui,Association,8,1,1,3,3,0,Oui,,0.2,,0.2,Oui,3,Modérée,Riziculteurs diversifiés,E05,5.4,True,0,0,0,0,0,1,0,1,0,1,0,0,0,1,0,1,0,0,0,0,0,0,0,0,0,0,0,1,0,1,1,1,0,0,0,1,0,0,0,1,1,0,0,1,1,0,0,0,0,0,0,0,0,0,0,0,0,0,0,0,0,0,0,1,0,0,0,0,0,1,0,0,1,0,0,1,0
1209,2026-06-20,Beni,Malambo,Kihome,Femme,Plus de 41 ans,Ménage retourné,plus de 2 ans,,Oui,Association,7,1,2,1,3,0,Oui,,1.0,,1.0,Oui,1,Faible,Vivriers diversifiés + élevage,E11,104.0,True,0,0,0,0,0,1,0,1,1,0,0,1,0,0,1,1,1,0,0,0,0,0,0,1,1,0,0,1,0,1,1,1,0,0,0,1,1,0,0,1,1,0,0,1,1,1,1,0,0,0,0,0,0,0,0,0,0,0,0,0,0,1,1,0,0,0,0,0,0,1,0,0,0,0,0,0,0
1210,2026-06-20,Beni,Malambo,Rughetsi,Femme,Plus de 41 ans,Ménage retourné,6 à 12 mois,,Oui,Association,10,1,1,3,5,0,Oui,,0.3,,0.3,Oui,3,Modérée,Vivriers diversifiés + élevage,E04,353.9,True,0,0,0,0,0,1,0,1,1,0,0,1,0,0,1,0,1,1,0,0,1,0,0,0,0,0,0,1,0,1,0,0,0,0,0,1,1,0,0,1,1,0,0,1,1,0,0,0,0,0,0,0,0,0,0,0,0,0,0,0,1,0,0,1,0,0,0,0,0,1,0,0,1,1,0,0,0
1211,2026-06-20,Beni,Malambo,Rughetsi,Femme,Plus de 41 ans,Ménage retourné,plus de 2 ans,,Oui,Association,8,1,1,3,3,0,Oui,,0.4,,0.4,Oui,1,Faible,Riziculteurs diversifiés,E05,5.8,True,0,0,0,0,0,1,0,1,1,1,0,0,0,1,0,1,0,0,0,0,0,0,0,0,0,0,0,1,0,1,1,1,0,0,0,1,0,0,0,1,1,0,0,1,1,0,0,0,0,0,0,0,0,0,0,0,0,0,0,0,0,0,0,1,0,0,0,0,0,1,0,0,0,0,0,0,0
1212,2026-06-20,Beni,Malambo,Rughetsi,Femme,36 à 40 ans,Ménage retourné,6 à 12 mois,,Oui,Association,7,1,1,2,3,0,Oui,,0.3,,0.3,Non,2,Faible,Petits producteurs peu diversifiés,E04,349.2,True,0,0,0,0,0,1,0,1,0,0,0,1,0,1,1,0,1,1,0,0,0,0,0,0,0,0,0,0,0,0,0,0,0,0,0,1,1,0,0,1,1,0,0,1,1,0,0,0,0,0,0,0,0,0,0,0,0,0,0,1,0,0,0,1,0,0,0,0,0,1,0,0,1,0,0,0,0
1213,2026-06-20,Beni,Lume,Wiremba,Homme,18 à 25 ans,Ménage retourné,plus de 2 ans,,Oui,Association,5,1,1,2,1,0,Oui,,0.3,,0.3,Oui,0,Faible,Vivriers diversifiés + élevage,E07,14.9,True,0,0,0,0,0,1,0,1,1,0,1,0,0,0,0,1,0,0,0,0,0,0,0,0,0,0,0,1,0,1,0,0,0,0,0,1,1,0,0,1,1,0,1,1,1,0,0,0,0,0,0,0,0,0,0,0,0,0,0,1,0,0,0,1,0,0,1,0,0,0,0,0,0,0,0,0,0
1214,2026-06-20,Beni,Malambo,Hurara,Femme,Plus de 41 ans,Ménage retourné,plus de 2 ans,,Oui,Organisation Paysanne,7,1,1,2,3,0,Oui,,1.0,,1.0,Oui,1,Faible,Vivriers diversifiés + élevage,E08,3.4,True,1,0,0,0,0,1,1,1,1,0,1,1,0,1,1,0,0,0,0,0,0,0,1,1,1,0,0,1,0,1,0,0,0,0,0,1,0,1,1,1,0,1,1,1,1,1,1,1,0,0,0,0,0,0,0,0,0,0,0,0,0,0,1,0,0,0,0,0,0,1,0,0,0,0,0,0,0
1215,2026-06-20,Beni,Malambo,Rughetsi,Homme,18 à 25 ans,Ménage retourné,1 à 2 ans,,Oui,Association,4,1,1,1,1,0,Oui,,0.3,,0.3,Oui,0,Faible,Riziculteurs diversifiés,E05,8.0,True,0,0,0,0,0,0,0,1,1,1,0,0,0,1,0,1,0,0,0,0,0,0,0,0,0,0,0,1,0,1,1,1,0,0,0,1,0,0,0,1,1,0,0,1,1,0,0,0,0,0,0,0,0,0,0,0,0,0,0,0,0,0,0,1,0,0,0,0,0,0,0,0,0,0,0,0,0
1216,2026-06-20,Beni,Malambo,Hurara,Femme,Plus de 41 ans,Ménage retourné,plus de 2 ans,,Oui,Organisation Paysanne,6,2,1,1,2,0,Oui,,0.36,,0.36,Oui,1,Faible,Vivriers diversifiés + élevage,E08,3.8,True,1,0,1,0,0,1,2,1,1,0,1,1,0,1,1,0,0,0,0,0,0,0,1,1,0,0,0,1,1,1,1,1,1,0,0,1,1,1,1,1,0,1,1,1,1,1,1,1,0,0,0,0,0,0,0,0,0,0,0,0,0,1,1,0,0,0,0,0,0,1,0,0,0,0,0,0,0
1217,2026-06-20,Beni,Malambo,Rughetsi,Femme,26 à 35 ans,Ménage retourné,1 à 2 ans,,Oui,Association,8,1,1,2,4,0,Oui,,0.35,,0.35,Oui,1,Faible,Vivriers diversifiés + élevage,E03,425.2,True,0,0,0,0,0,0,0,1,1,0,1,1,0,1,0,0,0,0,0,0,0,0,0,0,0,0,0,0,1,1,0,0,0,0,0,1,1,0,0,1,0,0,0,1,0,0,0,0,0,0,0,0,0,0,0,0,0,0,0,0,0,0,0,0,0,1,1,0,0,1,0,0,0,0,0,0,0
1218,2026-06-20,Beni,Malambo,Kihome,Femme,26 à 35 ans,Ménage retourné,plus de 2 ans,,Oui,Association,7,1,1,3,2,0,Non,Oui,,0.25,0.25,Oui,2,Faible,Vivriers diversifiés + élevage,E11,91.6,True,0,0,0,0,0,1,0,1,1,0,1,1,0,0,1,0,0,0,0,0,0,0,1,0,0,0,0,1,0,1,0,0,0,0,0,1,1,0,1,1,1,0,1,1,1,1,1,0,0,0,0,0,0,0,0,0,0,0,0,0,0,1,1,0,0,0,0,0,0,1,0,1,0,0,0,0,0
1219,2026-06-20,Beni,Malambo,Rughetsi,Homme,18 à 25 ans,Ménage retourné,6 à 12 mois,,Non,,6,1,1,2,2,0,Oui,,2.0,,2.0,Oui,2,Faible,Petits producteurs peu diversifiés,E01,8.1,True,0,0,0,0,0,0,0,1,0,0,1,0,0,0,0,0,0,0,0,0,0,0,0,0,0,0,0,0,0,1,0,0,0,0,0,1,0,0,0,1,1,0,1,1,1,0,1,1,0,1,1,0,0,1,0,0,0,0,0,0,0,0,0,0,1,0,0,0,0,0,0,0,1,0,1,0,0
1220,2026-06-20,Beni,Malambo,Rughetsi,Homme,18 à 25 ans,Ménage retourné,6 à 12 mois,,Oui,Association,3,1,1,1,0,0,Oui,,0.4,,0.4,Oui,1,Faible,Riziculteurs diversifiés,E05,7.3,True,0,0,0,0,0,0,0,1,1,1,0,1,0,1,0,1,0,0,0,0,0,0,0,0,0,0,0,1,0,1,1,1,0,0,0,1,0,0,0,1,1,0,0,1,1,0,0,0,0,0,0,0,0,0,0,0,0,0,0,0,0,0,0,1,0,0,0,0,0,0,0,0,1,0,0,0,0
1221,2026-06-20,Beni,Bolema,Mbongya,Femme,26 à 35 ans,Ménage retourné,1 à 2 ans,,Non,,3,0,2,0,1,0,Non,Oui,,0.2,0.2,Non,4,Modérée,Petits producteurs peu diversifiés,E14,6.7,True,0,0,0,0,0,1,0,1,1,0,1,0,0,0,0,0,0,0,0,0,0,0,0,0,0,0,0,0,0,0,0,0,0,0,0,1,0,0,0,1,0,0,0,1,1,0,0,0,1,0,0,0,0,0,0,0,0,0,0,0,0,1,0,0,0,0,0,0,0,1,0,1,0,0,1,1,0
1222,2026-06-20,Beni,Malambo,Rughetsi,Homme,36 à 40 ans,Ménage retourné,plus de 2 ans,,Oui,Association,8,1,1,3,3,0,Oui,,0.5,,0.5,Oui,0,Faible,Riziculteurs diversifiés,E05,6.6,True,0,0,0,0,0,1,0,1,1,1,0,1,0,1,0,1,0,0,0,0,0,0,0,0,0,0,0,1,1,1,1,1,0,0,0,1,0,0,0,1,1,0,0,1,1,0,0,0,0,0,0,0,0,0,0,0,0,0,0,0,0,0,0,1,0,0,0,0,0,0,0,0,0,0,0,0,0
1223,2026-06-20,Beni,Malambo,Kihome,Femme,26 à 35 ans,Ménage retourné,plus de 2 ans,,Oui,Association,5,2,1,1,1,0,Oui,,0.5,,0.5,Oui,1,Faible,Vivriers diversifiés + élevage,E11,75.5,True,0,0,0,0,0,0,0,1,1,0,1,1,0,0,1,0,0,0,1,1,0,0,1,0,1,0,0,1,0,1,1,1,0,0,0,1,1,0,0,1,1,0,0,1,1,1,1,0,0,0,0,0,0,0,0,0,0,0,0,0,0,1,1,0,0,0,0,0,0,1,0,0,0,0,0,0,0
1224,2026-06-20,Beni,Malambo,Rughetsi,Homme,Plus de 41 ans,Ménage retourné,6 à 12 mois,,Oui,Association,9,2,1,3,3,0,Oui,,1.0,,1.0,Oui,2,Faible,Vivriers diversifiés + élevage,E01,13.6,True,0,0,0,0,0,0,0,1,0,0,1,0,0,1,0,0,0,0,0,0,0,0,0,0,0,0,0,1,0,1,1,0,1,0,0,1,0,0,0,1,1,0,1,1,1,0,1,1,1,0,1,0,0,1,0,0,0,0,0,0,0,0,0,0,1,0,0,0,0,0,0,0,1,1,0,0,0
1225,2026-06-20,Beni,Malambo,Rughetsi,Femme,36 à 40 ans,Ménage retourné,1 à 2 ans,,Non,,4,1,1,2,0,0,Oui,,0.1,,0.1,Oui,3,Modérée,Petits producteurs peu diversifiés,E03,408.2,True,0,0,0,0,1,1,1,1,0,0,1,1,0,0,0,0,0,0,0,0,0,0,0,0,0,0,0,1,0,1,0,0,0,0,0,1,0,0,0,1,0,0,0,1,0,0,0,0,0,0,0,0,0,0,0,0,0,0,0,0,1,0,1,0,0,1,0,0,0,1,0,0,0,0,1,1,0
1226,2026-06-20,Beni,Bolema,Autres villages,Femme,Plus de 41 ans,Ménage retourné,1 à 2 ans,,Non,,4,1,1,2,0,0,Non,Oui,,0.45,0.45,Non,3,Modérée,Petits producteurs peu diversifiés,E14,7.1,True,0,0,0,0,0,0,0,1,1,0,0,1,0,1,0,0,0,0,0,0,0,0,0,0,0,0,0,0,0,0,0,0,0,0,0,1,0,0,0,1,0,0,0,1,1,0,0,0,0,0,0,0,0,1,0,0,0,0,0,0,0,1,0,0,0,0,0,0,0,1,0,1,0,0,1,0,0
1227,2026-06-20,Beni,Malambo,Rughetsi,Homme,36 à 40 ans,Ménage retourné,plus de 2 ans,,Oui,Association,8,1,1,3,3,0,Oui,,0.5,,0.5,Oui,0,Faible,Riziculteurs diversifiés,E05,8.8,True,0,0,0,0,0,1,0,1,1,1,0,1,0,1,0,1,0,0,0,0,0,0,0,0,0,0,0,1,1,1,1,1,0,0,0,1,0,0,0,1,1,0,0,1,1,0,0,0,0,0,0,0,0,0,0,0,0,0,0,0,0,0,0,1,0,0,0,0,0,0,0,0,0,0,0,0,0
1228,2026-06-20,Beni,Malambo,Rughetsi,Homme,36 à 40 ans,Ménage retourné,1 à 2 ans,,Oui,Association,8,1,1,3,3,0,Oui,,0.5,,0.5,Oui,0,Faible,Riziculteurs diversifiés,E05,41.1,True,0,0,0,0,0,1,0,1,1,1,0,1,0,1,0,1,0,0,0,0,0,0,0,0,0,0,0,1,0,1,1,1,0,0,0,1,0,0,0,1,1,0,0,1,1,0,0,0,0,0,0,0,0,0,0,0,0,0,0,0,0,0,0,1,0,0,0,0,0,0,0,0,0,0,0,0,0
1229,2026-06-20,Beni,Malambo,Rughetsi,Homme,Plus de 41 ans,Ménage retourné,Moins de 6 mois,,Oui,Association,10,1,2,4,3,0,Oui,,1.0,,1.0,Oui,2,Faible,Petits producteurs peu diversifiés,E01,13.6,True,0,0,0,0,0,1,0,1,0,0,1,0,0,0,0,1,0,0,0,0,0,0,0,0,0,0,0,1,0,1,0,0,0,0,0,1,0,0,0,1,1,0,1,1,1,0,0,1,1,0,1,0,0,1,0,0,0,0,0,0,0,0,0,0,1,0,0,0,0,0,0,0,1,1,0,0,0
1230,2026-06-20,Beni,Malambo,Rughetsi,Femme,36 à 40 ans,Ménage retourné,plus de 2 ans,,Non,,4,0,1,2,1,0,Oui,,1.0,,1.0,Oui,2,Faible,Vivriers diversifiés + élevage,E03,395.3,True,0,0,0,0,1,1,1,1,0,0,1,1,0,0,0,0,0,0,0,0,0,0,0,0,0,0,0,1,0,1,0,0,0,0,0,1,0,0,0,1,0,0,1,1,0,0,0,0,0,0,0,0,0,0,0,0,0,1,0,0,1,0,0,0,0,0,1,0,0,1,0,0,0,0,1,0,0
1231,2026-06-20,Beni,Malambo,Kihome,Femme,Plus de 41 ans,Ménage retourné,plus de 2 ans,,Oui,Association,3,0,3,0,0,0,Oui,,0.25,,0.25,Oui,1,Faible,Vivriers diversifiés + élevage,E11,60.5,True,0,0,1,0,0,0,1,1,1,0,0,1,0,1,1,0,0,0,0,1,0,0,1,0,0,0,0,1,0,1,1,1,0,0,0,1,1,1,1,1,0,1,1,1,1,1,1,1,0,0,0,0,0,0,0,0,0,0,0,0,0,0,1,0,0,0,0,0,0,1,0,0,0,0,0,0,0
1232,2026-06-20,Beni,Malambo,Rughetsi,Homme,26 à 35 ans,Ménage retourné,6 à 12 mois,,Oui,Association,4,1,1,2,0,0,Oui,,0.0,,0.0,Non,2,Faible,Petits producteurs peu diversifiés,E04,310.3,True,0,0,0,0,0,1,0,1,1,0,1,1,0,1,0,0,0,0,0,0,0,0,0,0,0,0,0,0,0,0,0,0,0,0,0,1,1,0,0,1,1,0,0,1,1,0,0,0,0,0,0,0,0,0,0,0,0,0,0,0,1,0,0,1,0,0,0,0,0,0,0,0,1,0,0,1,0
1233,2026-06-20,Beni,Malambo,Rughetsi,Homme,26 à 35 ans,Ménage retourné,Moins de 6 mois,,Oui,Association,11,4,4,2,1,0,Oui,,1.0,,1.0,Oui,2,Faible,Petits producteurs peu diversifiés,E01,12.3,True,0,0,0,0,0,0,0,1,0,0,1,0,0,0,0,1,0,0,0,0,0,0,0,0,0,0,0,1,0,1,0,0,0,0,0,1,0,0,0,1,1,0,1,1,1,0,0,1,1,0,1,0,0,1,0,0,0,0,0,0,0,0,0,0,1,0,0,0,0,0,0,0,1,1,0,0,0
1234,2026-06-20,Beni,Malambo,Kihome,Homme,36 à 40 ans,Ménage retourné,plus de 2 ans,,Oui,Association,10,2,3,2,3,0,Oui,,1.0,,1.0,Oui,1,Faible,Vivriers diversifiés + élevage,E11,46.4,True,0,0,1,0,0,1,1,1,1,0,1,0,0,0,1,1,0,0,1,1,0,1,1,0,0,0,0,1,0,1,1,1,1,1,0,1,1,0,0,1,1,1,1,1,1,1,1,0,0,0,0,0,0,0,0,0,0,0,0,0,0,1,1,0,0,0,0,0,0,0,0,0,0,1,0,0,0
1235,2026-06-20,Beni,Malambo,Rughetsi,Femme,Plus de 41 ans,Ménage retourné,1 à 2 ans,,Non,,6,1,1,2,2,0,Oui,,0.12,,0.12,Oui,3,Modérée,Vivriers diversifiés + élevage,E03,380.3,True,0,0,0,0,0,1,0,1,1,0,1,1,0,0,0,0,0,0,0,0,0,0,0,0,0,0,0,1,1,1,0,0,0,0,0,1,0,0,0,1,0,0,0,1,0,0,0,0,0,0,0,0,0,0,0,0,0,0,0,0,1,0,0,0,0,1,0,0,0,1,0,0,0,0,1,1,0
1236,2026-06-20,Beni,Malambo,Rughetsi,Homme,26 à 35 ans,Ménage retourné,1 à 2 ans,,Oui,Association,7,1,1,3,2,0,Oui,,0.4,,0.4,Oui,0,Faible,Vivriers diversifiés + élevage,E04,289.7,True,0,0,0,0,0,0,0,1,1,0,0,1,0,1,0,0,0,0,0,0,0,0,0,0,0,0,0,1,0,0,0,0,0,0,0,1,1,0,0,1,1,0,0,1,1,0,0,0,0,0,0,0,0,0,0,0,0,0,0,1,0,0,0,1,0,0,0,0,0,0,0,0,0,0,0,0,0
1237,2026-06-20,Beni,Malambo,Rughetsi,Homme,26 à 35 ans,Ménage retourné,Moins de 6 mois,,Oui,Association,12,2,2,2,6,1,Oui,,1.0,,1.0,Oui,3,Modérée,Petits producteurs peu diversifiés,E01,8.5,True,0,0,1,0,0,1,1,1,0,0,1,0,0,0,0,1,0,0,0,0,0,0,0,0,0,0,0,1,0,1,1,0,0,0,0,1,0,0,0,1,1,0,1,1,1,0,0,1,1,0,1,0,0,1,0,0,0,0,0,0,0,0,0,0,1,0,0,0,0,0,1,0,1,1,0,0,0
1238,2026-06-20,Beni,Malambo,Rughetsi,Homme,Plus de 41 ans,Ménage retourné,1 à 2 ans,,Non,,4,1,1,1,1,0,Oui,,0.25,,0.25,Oui,1,Faible,Riziculteurs diversifiés,E03,365.1,True,0,0,0,0,0,1,0,1,1,1,0,1,0,0,0,0,0,0,0,0,0,0,0,0,0,0,0,1,1,1,0,0,0,0,0,1,0,1,0,1,1,0,0,1,0,0,0,0,0,0,0,0,0,0,0,0,0,0,0,0,1,0,1,0,0,0,0,0,0,0,0,0,0,0,1,0,0
1239,2026-06-20,Beni,Malambo,Rughetsi,Homme,Plus de 41 ans,Ménage retourné,6 à 12 mois,,Oui,Association,11,1,1,7,2,1,Oui,,0.3,,0.3,Non,3,Modérée,Petits producteurs peu diversifiés,E04,277.8,True,0,0,0,0,0,0,0,1,0,0,0,1,0,1,1,0,1,0,0,0,1,0,0,0,0,0,0,0,0,0,0,0,0,0,0,1,0,0,0,1,1,0,0,1,1,0,0,0,0,0,0,0,0,0,0,0,0,0,0,1,0,0,0,1,0,0,0,0,0,0,1,0,1,1,0,0,0
1240,2026-06-20,Beni,Malambo,Rughetsi,Homme,26 à 35 ans,Ménage retourné,Moins de 6 mois,,Oui,Association,8,1,1,3,3,0,Oui,,1.0,,1.0,Oui,1,Faible,Petits producteurs peu diversifiés,E01,12.7,True,0,0,0,0,0,1,0,1,0,0,0,1,0,0,0,0,0,0,0,0,0,0,0,0,0,0,0,1,0,1,0,0,0,0,0,1,0,0,0,1,1,0,1,1,1,0,0,1,1,1,1,0,0,1,0,0,0,0,0,0,0,0,0,0,1,0,0,0,0,0,0,0,1,0,0,0,0
1241,2026-06-20,Beni,Malambo,Rughetsi,Femme,26 à 35 ans,Ménage retourné,plus de 2 ans,,Oui,Association,8,1,1,3,3,0,Oui,,0.5,,0.5,Oui,1,Faible,Riziculteurs diversifiés,E05,8.9,True,0,0,0,0,0,1,0,1,1,1,0,1,0,1,0,1,0,0,0,0,0,0,0,0,0,0,0,1,0,1,1,1,0,0,0,1,0,0,0,1,1,0,0,1,1,0,0,0,0,0,0,0,0,0,0,0,0,0,0,0,0,0,0,1,0,0,0,0,0,1,0,0,0,0,0,0,0
1242,2026-06-20,Beni,Malambo,Kihome,Femme,18 à 25 ans,Ménage retourné,plus de 2 ans,,Oui,Autres,6,1,2,1,2,0,Oui,,0.35,,0.35,Oui,1,Faible,Vivriers diversifiés + élevage,E11,18.7,True,0,0,0,0,0,0,0,1,1,0,1,0,0,1,1,0,0,0,1,1,0,0,1,0,0,0,0,1,0,1,1,1,0,0,0,1,1,0,0,1,1,0,0,1,1,1,1,0,0,0,0,0,0,0,0,0,0,0,0,0,0,1,1,0,0,0,0,0,0,1,0,0,0,0,0,0,0
1243,2026-06-20,Beni,Malambo,Rughetsi,Homme,18 à 25 ans,Ménage retourné,plus de 2 ans,,Non,,6,1,1,2,2,0,Non,Oui,,0.25,0.25,Oui,2,Faible,Vivriers diversifiés + élevage,E03,355.2,True,0,0,0,0,1,1,1,1,1,0,1,1,0,1,0,0,0,0,0,0,0,0,0,0,0,0,0,1,1,1,0,0,0,0,0,1,1,0,0,1,0,0,0,1,0,0,0,0,0,0,0,0,0,0,0,0,0,0,0,0,0,0,0,0,0,0,1,0,0,0,0,1,0,0,1,0,0
1244,2026-06-20,Beni,Malambo,Rughetsi,Homme,Plus de 41 ans,Ménage retourné,Moins de 6 mois,,Oui,Association,8,1,1,3,3,0,Oui,,1.0,,1.0,Oui,1,Faible,Vivriers diversifiés + élevage,E01,22.1,True,0,0,0,0,0,1,0,1,0,0,0,1,0,0,0,1,0,0,0,0,0,0,0,0,0,0,0,1,0,1,0,0,0,0,0,1,0,0,0,1,1,0,1,1,1,0,0,1,1,1,1,0,0,1,0,0,0,0,0,0,0,0,0,0,1,0,0,0,0,0,0,0,1,0,0,0,0
1245,2026-06-20,Beni,Malambo,Rughetsi,Homme,Plus de 41 ans,Ménage retourné,plus de 2 ans,,Oui,Association,10,1,1,4,4,0,Oui,,0.5,,0.5,Oui,1,Faible,Riziculteurs diversifiés,E05,25.8,True,0,0,1,0,0,0,1,1,1,1,0,1,0,1,0,1,0,0,0,0,0,0,0,0,0,0,0,1,1,1,1,1,0,0,0,1,0,0,0,1,1,0,0,1,1,0,0,0,0,0,0,0,0,0,0,0,0,0,0,0,0,0,0,1,0,0,0,0,0,0,0,0,0,1,0,0,0
1246,2026-06-20,Beni,Malambo,Rughetsi,Homme,26 à 35 ans,Ménage retourné,plus de 2 ans,,Non,,5,1,1,2,1,0,Oui,,0.25,,0.25,Oui,1,Faible,Riziculteurs diversifiés,E03,346.3,True,0,0,0,0,0,1,0,1,1,1,0,0,0,0,0,0,0,0,0,0,0,0,0,0,0,0,0,1,0,1,1,1,0,1,0,1,0,0,0,1,0,0,0,1,0,0,0,0,0,0,0,0,0,0,0,0,0,0,0,0,0,0,0,0,0,1,0,0,0,0,0,0,0,0,1,0,0
1247,2026-06-20,Beni,Malambo,Rughetsi,Femme,18 à 25 ans,Ménage retourné,Moins de 6 mois,,Non,,6,2,3,1,0,1,Non,Oui,,0.5,0.5,Oui,5,Élevée,Petits producteurs peu diversifiés,E01,137.7,True,0,0,1,0,0,0,1,1,1,0,0,0,0,0,0,1,0,0,0,0,0,0,0,0,0,0,0,1,0,1,0,0,0,0,0,1,0,0,0,1,1,0,1,1,1,0,0,1,1,1,1,0,0,1,0,0,0,0,0,0,0,0,0,0,1,0,0,0,0,1,1,1,1,0,1,0,0
1248,2026-06-20,Beni,Malambo,Rughetsi,Homme,26 à 35 ans,Ménage retourné,1 à 2 ans,,Oui,Association,4,1,1,1,1,0,Oui,,0.5,,0.5,Oui,0,Faible,Riziculteurs diversifiés,E05,17.8,True,0,0,0,0,0,1,0,1,1,1,0,1,0,1,1,1,1,0,0,0,0,0,0,1,1,0,0,1,0,1,1,1,0,0,0,1,0,0,0,1,1,0,0,1,1,0,0,0,0,0,0,0,0,0,0,0,0,0,0,0,0,0,0,1,0,0,0,0,0,0,0,0,0,0,0,0,0
1249,2026-06-20,Beni,Malambo,Kihome,Femme,26 à 35 ans,Ménage retourné,plus de 2 ans,,Non,,6,1,2,1,2,0,Non,Oui,,0.5,0.5,Oui,3,Modérée,Petits producteurs peu diversifiés,E11,114.0,True,0,0,0,0,0,1,0,1,1,1,0,0,0,0,0,0,0,0,0,0,0,0,0,0,0,0,0,0,0,1,1,0,0,1,0,1,1,0,0,1,1,1,1,1,1,1,1,0,0,0,0,0,0,0,0,0,0,0,0,0,0,1,1,0,0,0,0,0,0,1,0,1,0,0,1,0,0
1250,2026-06-20,Beni,Malambo,Kihome,Homme,26 à 35 ans,Ménage retourné,plus de 2 ans,,Oui,Autres,9,2,3,3,1,0,Oui,,0.5,,0.5,Oui,1,Faible,Riziculteurs diversifiés,E11,103.9,True,0,0,1,0,0,0,1,1,0,1,0,0,0,0,1,1,0,0,1,1,0,0,0,0,0,0,0,1,0,1,1,1,0,1,0,1,1,0,0,1,1,1,1,1,1,1,1,0,0,0,0,0,0,0,0,0,0,0,0,0,0,1,1,0,0,0,0,0,0,0,0,0,0,1,0,0,0
1251,2026-06-20,Beni,Malambo,Rughetsi,Homme,36 à 40 ans,Ménage retourné,1 à 2 ans,,Oui,Association,10,1,1,4,4,0,Oui,,0.5,,0.5,Oui,1,Faible,Riziculteurs diversifiés,E05,11.5,True,0,0,1,0,0,0,1,1,1,1,0,1,0,1,0,1,0,0,0,0,0,0,0,0,0,0,0,1,1,1,1,1,0,0,0,1,0,0,0,1,1,0,0,1,1,0,0,0,0,0,0,1,0,0,0,0,0,0,0,0,0,0,0,1,0,0,0,0,0,0,0,0,0,1,0,0,0
1252,2026-06-20,Beni,Malambo,Rughetsi,Femme,36 à 40 ans,Ménage retourné,1 à 2 ans,,Oui,Association,8,1,1,4,2,0,Oui,,0.7,,0.7,Oui,1,Faible,Riziculteurs diversifiés,E05,14.5,True,0,0,0,0,0,1,0,1,1,1,0,0,1,1,0,1,0,0,0,0,0,0,0,0,0,0,0,1,1,1,1,1,0,0,0,1,0,0,0,1,1,0,0,1,1,0,0,0,0,0,0,1,0,0,0,0,0,0,0,0,0,0,0,1,0,0,0,0,0,1,0,0,0,0,0,0,0
1253,2026-06-20,Beni,Malambo,Kihome,Homme,Plus de 41 ans,Ménage retourné,plus de 2 ans,,Non,,9,1,1,5,2,0,Oui,,2.5,,2.5,Oui,2,Faible,Vivriers diversifiés + élevage,E11,82.4,True,0,0,0,0,0,0,0,1,1,0,1,1,0,1,1,1,0,0,1,1,0,0,1,0,0,0,0,1,1,1,1,1,0,1,0,1,1,0,0,1,1,1,1,1,1,1,1,0,0,0,0,0,0,0,0,0,0,0,0,0,0,1,1,0,0,0,0,0,0,0,0,0,0,1,1,0,0
1254,2026-06-20,Beni,Malambo,Rughetsi,Homme,26 à 35 ans,Ménage retourné,6 à 12 mois,,Oui,Association,5,1,1,1,2,0,Oui,,0.3,,0.3,Oui,1,Faible,Vivriers diversifiés + élevage,E04,192.7,True,0,0,0,0,0,0,0,1,1,0,0,1,0,1,0,0,0,0,0,0,0,0,0,0,0,0,0,1,0,1,0,0,0,0,0,1,1,0,0,1,1,0,0,1,1,0,0,0,0,0,0,0,0,0,0,0,0,0,0,1,0,0,0,1,0,0,0,0,0,0,0,0,1,0,0,0,0
1255,2026-06-20,Beni,Malambo,Rughetsi,Homme,26 à 35 ans,Ménage retourné,1 à 2 ans,,Oui,Association,6,1,1,2,2,0,Oui,,0.8,,0.8,Oui,0,Faible,Riziculteurs diversifiés,E05,7.8,True,0,0,0,0,0,0,0,1,1,1,1,0,1,0,1,1,1,0,0,0,0,0,0,1,1,0,0,1,1,1,1,1,0,0,0,1,0,0,0,1,1,0,0,1,1,0,0,0,0,0,0,0,0,0,0,0,0,0,0,0,0,0,0,1,0,0,0,0,0,0,0,0,0,0,0,0,0
1256,2026-06-20,Beni,Malambo,Kihome,Homme,18 à 25 ans,Ménage retourné,plus de 2 ans,,Oui,Autres,8,3,3,2,0,0,Oui,,0.5,,0.5,Oui,0,Faible,Vivriers diversifiés + élevage,E11,70.2,True,0,0,0,0,0,0,0,1,1,0,1,0,0,0,1,1,1,0,1,1,0,0,0,0,0,1,0,1,0,1,1,1,0,0,0,1,1,0,0,1,1,1,1,1,1,1,1,0,0,0,0,0,0,0,0,0,0,0,0,0,0,1,1,0,0,0,0,0,0,0,0,0,0,0,0,0,0
1257,2026-06-20,Beni,Malambo,Rughetsi,Femme,26 à 35 ans,Ménage retourné,plus de 2 ans,,Oui,Association,10,1,1,4,4,0,Oui,,1.0,,1.0,Oui,2,Faible,Riziculteurs diversifiés,E05,6.2,True,0,0,0,0,0,1,0,1,1,1,1,1,0,1,1,1,1,0,0,0,0,1,0,1,1,0,0,1,1,1,1,1,0,0,0,1,0,0,0,1,1,0,0,1,1,0,0,0,0,0,0,0,0,0,0,0,0,0,0,0,0,0,0,1,0,0,0,0,0,1,0,0,0,1,0,0,0
1258,2026-06-20,Beni,Malambo,Rughetsi,Homme,36 à 40 ans,Ménage retourné,plus de 2 ans,,Oui,Association,10,1,1,4,4,0,Oui,,1.0,,1.0,Oui,1,Faible,Riziculteurs diversifiés,E05,7.0,True,0,0,0,0,0,1,0,1,1,1,1,1,0,1,1,1,1,0,0,0,0,0,0,1,1,0,0,1,1,1,1,1,0,0,0,1,0,0,0,1,1,0,0,1,1,0,0,0,0,0,0,0,0,0,0,0,0,0,0,0,0,0,0,1,0,0,0,0,0,0,0,0,0,1,0,0,0
1259,2026-06-20,Beni,Malambo,Kihome,Homme,36 à 40 ans,Ménage retourné,plus de 2 ans,,Oui,Autres,8,1,2,3,2,0,Oui,,1.0,,1.0,Oui,0,Faible,Riziculteurs diversifiés,E11,58.7,True,0,0,0,0,0,1,0,1,1,1,0,0,0,0,0,1,0,0,0,0,0,0,0,0,0,0,0,1,1,1,1,1,1,0,0,1,1,0,0,1,1,1,1,1,1,1,1,0,0,0,0,0,0,0,0,0,0,0,0,0,0,1,1,0,0,0,0,0,0,0,0,0,0,0,0,0,0
1260,2026-06-20,Beni,Malambo,Rughetsi,Femme,26 à 35 ans,Ménage retourné,plus de 2 ans,,Oui,Association,8,1,1,3,3,0,Oui,,1.0,,1.0,Oui,1,Faible,Riziculteurs diversifiés,E05,6.0,True,0,0,0,0,0,1,0,1,1,1,1,1,0,1,1,1,1,0,0,0,0,1,0,1,0,0,0,1,1,1,1,1,0,0,0,1,0,0,0,1,1,0,0,1,1,0,0,0,0,0,0,1,0,0,0,0,0,0,0,0,0,0,0,1,0,0,0,0,0,1,0,0,0,0,0,0,0
1261,2026-06-20,Beni,Malambo,Rughetsi,Homme,Plus de 41 ans,Ménage retourné,plus de 2 ans,,Oui,Association,10,1,1,4,4,0,Oui,,1.0,,1.0,Oui,1,Faible,Riziculteurs diversifiés,E05,5.9,True,0,0,0,0,0,1,0,1,1,1,0,1,0,1,0,1,0,0,0,0,0,0,0,0,0,0,0,1,1,1,1,1,0,0,0,1,0,0,0,1,1,0,0,1,1,0,0,0,0,0,0,0,0,0,0,0,0,0,0,0,0,0,0,1,0,0,0,0,0,0,0,0,0,1,0,0,0
1262,2026-06-20,Beni,Malambo,Kihome,Homme,26 à 35 ans,Ménage retourné,plus de 2 ans,,Non,,6,2,1,1,2,0,Oui,,0.35,,0.35,Oui,1,Faible,Vivriers diversifiés + élevage,E11,47.2,True,0,0,0,0,0,0,0,1,1,0,0,1,0,1,1,0,0,0,0,0,0,0,1,1,0,0,0,1,0,1,1,1,1,0,0,1,1,0,0,1,1,1,1,1,1,1,1,0,0,0,0,0,0,0,0,0,0,0,0,0,0,1,1,0,0,0,0,0,0,0,0,0,0,0,1,0,0
1263,2026-06-20,Beni,Malambo,Rughetsi,Femme,18 à 25 ans,Ménage retourné,1 à 2 ans,,Oui,Association,4,1,1,2,0,0,Oui,,0.4,,0.4,Oui,1,Faible,Riziculteurs diversifiés,E05,7.1,True,0,0,0,0,0,0,0,1,1,1,1,1,0,1,0,1,0,0,0,0,0,0,0,0,0,0,0,1,1,1,1,1,0,0,0,1,0,0,0,1,1,0,0,1,1,0,0,0,0,0,0,1,0,0,0,0,0,0,0,0,0,0,0,1,0,0,0,0,0,1,0,0,0,0,0,0,0
1264,2026-06-20,Beni,Malambo,Kihome,Femme,26 à 35 ans,Ménage retourné,plus de 2 ans,,Oui,Association,6,3,1,0,2,0,Oui,,0.35,,0.35,Oui,1,Faible,Vivriers diversifiés + élevage,E11,36.7,True,0,0,0,0,0,1,0,1,1,0,0,1,0,1,1,0,0,0,0,0,0,0,1,0,0,0,0,1,1,1,1,1,0,0,0,1,1,0,0,1,1,0,0,1,1,1,1,0,0,0,0,0,0,0,0,0,0,0,0,0,0,0,1,0,0,0,0,0,0,1,0,0,0,0,0,0,0
1265,2026-06-20,Beni,Malambo,Rughetsi,Homme,18 à 25 ans,Ménage retourné,6 à 12 mois,,Oui,Association,4,1,1,1,1,0,Oui,,0.2,,0.2,Oui,2,Faible,Riziculteurs diversifiés,E05,7.3,True,0,0,0,0,0,1,0,1,1,1,0,1,0,1,0,1,0,0,0,0,0,0,0,0,0,0,0,1,1,1,1,1,0,0,0,1,1,0,0,1,1,0,0,1,1,0,0,0,0,0,0,0,0,0,0,0,0,0,0,0,0,0,0,1,0,0,0,0,0,0,0,0,1,0,0,1,0
1266,2026-06-20,Beni,Malambo,Rughetsi,Homme,Plus de 41 ans,Ménage retourné,plus de 2 ans,,Oui,Association,8,1,1,3,3,0,Oui,,0.5,,0.5,Oui,0,Faible,Riziculteurs diversifiés,E05,7.4,True,0,0,0,0,0,1,0,1,1,1,0,1,0,0,1,1,1,0,0,0,0,0,0,0,1,0,0,1,1,1,1,1,0,0,0,1,0,0,0,1,1,0,0,1,1,0,0,0,0,0,0,1,0,0,0,0,0,0,0,0,0,0,0,1,0,0,0,0,0,0,0,0,0,0,0,0,0
1267,2026-06-20,Beni,Malambo,Rughetsi,Homme,Plus de 41 ans,Ménage retourné,plus de 2 ans,,Oui,Association,12,1,1,5,5,0,Oui,,0.4,,0.4,Oui,1,Faible,Riziculteurs diversifiés,E05,7.5,True,0,0,0,0,0,1,0,1,1,1,1,1,0,1,1,1,1,0,0,0,0,0,0,1,1,0,0,1,1,1,1,1,0,0,0,1,0,0,0,1,1,0,0,1,1,0,0,0,0,0,0,0,0,0,0,0,0,0,0,0,0,0,0,1,0,0,0,0,0,0,0,0,0,1,0,0,0
1268,2026-06-20,Beni,Malambo,Kihome,Femme,18 à 25 ans,Ménage retourné,plus de 2 ans,,Oui,Autres,8,3,1,0,4,0,Oui,,0.5,,0.5,Oui,1,Faible,Vivriers diversifiés + élevage,E11,17.7,True,0,0,0,0,0,1,0,1,1,0,1,0,0,0,1,0,1,0,0,0,0,0,1,0,1,0,0,1,0,1,1,0,0,0,0,1,1,1,1,1,1,1,1,1,1,1,1,0,0,0,0,0,0,0,0,0,0,0,0,0,0,1,1,0,0,0,0,0,0,1,0,0,0,0,0,0,0
1269,2026-06-20,Beni,Malambo,Rughetsi,Femme,26 à 35 ans,Ménage retourné,plus de 2 ans,,Oui,Association,8,1,1,3,3,0,Oui,,0.3,,0.3,Oui,1,Faible,Riziculteurs diversifiés,E05,7.1,True,0,0,0,0,0,1,0,1,1,1,1,1,0,1,1,1,1,0,0,0,0,0,0,1,1,0,0,1,1,1,1,1,0,0,0,1,0,0,0,1,1,0,0,1,1,0,0,0,0,0,0,0,0,0,0,0,0,0,0,0,0,0,0,1,0,0,0,0,0,1,0,0,0,0,0,0,0
1270,2026-06-20,Beni,Malambo,Kihome,Femme,Plus de 41 ans,Ménage retourné,plus de 2 ans,,Oui,Association,8,2,2,3,1,0,Oui,,2.0,,2.0,Oui,1,Faible,Riziculteurs diversifiés,E11,8.4,True,0,0,0,0,1,1,1,1,1,1,0,1,0,0,1,1,0,0,1,1,0,0,1,0,1,0,0,1,0,1,1,1,1,1,0,1,1,0,0,1,1,1,1,1,1,1,1,0,0,0,0,0,0,0,0,0,0,0,0,0,0,1,1,0,0,0,0,0,0,1,0,0,0,0,0,0,0
1271,2026-06-20,Beni,Malambo,Rughetsi,Homme,Plus de 41 ans,Ménage retourné,plus de 2 ans,,Oui,Association,10,1,1,4,4,0,Oui,,1.0,,1.0,Oui,1,Faible,Riziculteurs diversifiés,E05,6.9,True,0,0,0,0,0,1,0,1,1,1,1,0,1,1,1,1,1,0,1,1,0,0,0,1,1,0,0,1,1,1,1,1,0,0,0,1,0,0,0,1,1,0,0,1,1,0,0,0,0,0,0,0,0,0,0,0,0,0,0,0,0,0,0,1,0,0,0,0,0,0,0,0,0,1,0,0,0
1272,2026-06-20,Beni,Malambo,Kihome,Femme,Plus de 41 ans,Ménage retourné,plus de 2 ans,,Oui,Autres,6,3,2,0,1,0,Oui,,2.5,,2.5,Oui,1,Faible,Vivriers diversifiés + élevage,E11,2347.5,True,0,0,0,0,0,1,0,1,1,0,1,1,0,0,1,1,1,1,1,1,0,1,1,1,1,0,0,1,0,1,1,1,1,0,0,1,1,0,1,1,1,1,1,1,1,1,1,0,0,0,0,0,0,0,0,0,0,0,0,0,0,1,1,0,0,0,0,0,0,1,0,0,0,0,0,0,0
1273,2026-06-20,Beni,Malambo,Rughetsi,Homme,36 à 40 ans,Ménage retourné,Moins de 6 mois,,Non,,4,2,1,1,0,0,Oui,,0.5,,0.5,Oui,2,Faible,Petits producteurs peu diversifiés,E01,4.8,True,1,0,0,0,0,0,1,1,0,0,1,0,0,0,0,1,0,0,0,0,0,0,0,0,0,0,0,1,0,1,0,0,0,0,0,1,0,0,0,1,0,1,1,1,1,0,0,1,1,1,1,0,0,1,0,0,0,0,0,0,0,0,0,0,1,0,0,0,0,0,0,0,1,0,1,0,0
1274,2026-06-20,Beni,Malambo,Autres villages,Femme,Plus de 41 ans,Ménage retourné,Moins de 6 mois,,Non,,6,1,1,2,2,0,Oui,,0.5,,0.5,Non,3,Modérée,Petits producteurs peu diversifiés,E01,6.3,True,0,0,0,0,0,1,0,1,0,0,1,0,0,1,0,0,0,0,0,0,0,0,0,0,0,0,0,0,0,0,0,0,0,0,0,1,0,0,0,1,1,0,1,1,1,0,1,1,1,0,1,0,0,1,1,0,0,0,0,0,0,0,0,0,1,0,0,0,0,1,0,0,1,0,1,0,0
1275,2026-06-20,Beni,Malambo,Rughetsi,Homme,18 à 25 ans,Ménage retourné,Moins de 6 mois,,Oui,Association,3,1,1,1,0,0,Non,Oui,,0.03,0.03,Oui,3,Modérée,Petits producteurs peu diversifiés,E01,5.3,True,0,0,0,0,0,1,0,0,1,0,1,0,0,1,0,0,0,0,0,0,0,0,0,0,0,0,0,1,0,0,0,0,0,0,0,1,0,0,0,1,1,0,1,1,1,0,1,1,1,1,1,0,0,1,0,0,0,0,0,0,0,0,0,0,1,0,0,0,0,0,0,1,1,0,0,1,0
1276,2026-06-20,Beni,Malambo,Rughetsi,Femme,18 à 25 ans,Ménage retourné,Moins de 6 mois,,Oui,Association,6,1,1,2,2,0,Oui,,0.5,,0.5,Oui,2,Faible,Vivriers diversifiés + élevage,E01,5.1,True,0,0,0,0,0,1,0,0,1,0,1,0,0,1,0,0,0,0,0,0,0,0,0,0,0,0,0,1,0,1,0,0,0,0,0,1,0,0,0,1,1,0,1,1,1,0,1,1,1,1,1,0,0,1,0,0,0,0,0,0,0,0,0,0,1,0,0,0,0,1,0,0,1,0,0,0,0
1277,2026-06-20,Beni,Malambo,Rughetsi,Homme,18 à 25 ans,Ménage retourné,Moins de 6 mois,,Oui,Association,6,1,1,2,2,1,Non,Oui,,0.5,0.5,Oui,3,Modérée,Petits producteurs peu diversifiés,E01,6.8,True,0,0,1,0,0,0,1,0,1,0,0,1,0,0,0,0,0,0,0,0,0,0,0,0,0,0,0,1,0,1,0,0,0,0,0,1,1,0,0,1,1,0,1,1,1,0,1,1,1,1,1,0,0,1,0,0,0,0,0,0,0,0,0,0,1,0,0,0,0,0,1,1,1,0,0,0,0
1278,2026-06-20,Beni,Malambo,Rughetsi,Femme,36 à 40 ans,Famille d'accueil,,2,Oui,Association,18,3,3,5,7,1,Oui,,1.5,,1.5,Oui,4,Modérée,Riziculteurs diversifiés,E05,14.4,True,0,0,1,0,0,1,1,1,1,1,1,1,1,1,1,1,1,1,1,0,0,1,1,1,1,0,0,1,1,1,1,1,0,0,0,1,0,0,0,1,1,0,0,1,1,0,0,0,0,0,0,0,0,0,0,0,0,0,0,0,0,0,0,0,0,0,0,0,0,1,1,0,0,1,0,0,1
1279,2026-06-20,Beni,Malambo,Hurara,Femme,26 à 35 ans,Ménage retourné,1 à 2 ans,,Non,,5,2,2,0,1,0,Oui,,4.0,,4.0,Oui,2,Faible,Vivriers diversifiés + élevage,E15,134.1,True,0,0,0,0,0,1,0,1,1,0,0,1,0,0,0,0,0,0,0,0,0,0,0,0,0,0,0,1,0,1,0,0,0,0,0,1,1,0,0,1,1,0,0,1,1,0,0,0,0,0,0,0,0,0,0,0,0,0,0,0,0,0,0,0,0,0,0,0,0,1,0,0,0,0,1,0,0
1280,2026-06-20,Beni,Lume,Q. Ruwenzori,Homme,26 à 35 ans,Ménage retourné,6 à 12 mois,,Non,,5,1,1,1,2,0,Non,Oui,,0.15,0.15,Oui,4,Modérée,Petits producteurs peu diversifiés,E07,99.2,True,0,0,0,0,0,0,0,1,0,0,1,0,0,1,0,0,0,0,0,0,0,0,0,0,0,0,0,1,0,1,0,0,0,0,0,1,1,0,0,1,1,0,0,1,1,0,0,0,0,0,0,0,0,0,0,0,0,0,0,1,0,1,0,0,0,0,0,0,0,0,0,1,1,0,1,1,0
1281,2026-06-20,Beni,Malambo,Hurara,Homme,26 à 35 ans,Ménage retourné,1 à 2 ans,,Non,,1,1,0,0,0,0,Oui,,0.3,,0.3,Oui,1,Faible,Petits producteurs peu diversifiés,E15,115.1,True,0,0,0,0,0,0,0,1,1,0,1,1,0,0,0,0,0,0,0,0,0,0,0,0,0,0,0,0,0,0,1,1,0,0,0,1,1,0,0,1,1,1,0,0,1,1,0,0,0,0,0,0,0,0,0,0,0,0,0,0,1,0,0,0,0,0,0,0,0,0,0,0,0,0,1,0,0
1282,2026-06-20,Beni,Malambo,Rughetsi,Homme,Plus de 41 ans,Ménage retourné,Moins de 6 mois,,Oui,Association,4,3,1,0,0,2,Oui,,0.5,,0.5,Oui,2,Faible,Petits producteurs peu diversifiés,E01,5.9,True,0,0,1,0,0,1,1,0,1,0,1,1,0,0,0,0,0,0,0,0,0,0,0,0,0,0,0,1,0,0,0,0,0,0,0,1,0,0,0,1,1,0,1,1,1,0,0,1,1,1,1,0,0,1,0,0,0,0,0,0,0,0,0,0,1,0,0,0,0,0,1,0,1,0,0,0,0
1283,2026-06-20,Beni,Lume,Q. Ruwenzori,Femme,18 à 25 ans,Ménage retourné,plus de 2 ans,,Oui,Association,7,1,3,1,2,0,Non,Oui,,0.2,0.2,Oui,3,Modérée,Vivriers diversifiés + élevage,E07,88.9,True,0,0,0,0,0,0,0,1,1,0,1,0,0,0,0,0,0,0,0,0,0,0,0,0,0,0,0,1,0,1,1,1,0,0,0,1,1,0,0,1,1,0,0,1,1,0,0,0,0,0,0,0,0,0,0,0,0,0,0,1,0,0,0,0,0,1,1,0,0,1,0,1,0,0,0,1,0
1284,2026-06-20,Beni,Lume,Wiremba,Homme,26 à 35 ans,Ménage retourné,1 à 2 ans,,Non,,7,1,1,4,1,0,Non,Oui,,0.2,0.2,Oui,3,Modérée,Petits producteurs peu diversifiés,E07,82.7,True,0,0,0,0,0,0,0,1,0,0,1,0,0,0,1,0,0,0,0,0,0,0,0,1,1,0,0,1,0,1,0,0,0,0,0,1,1,0,0,1,1,0,0,1,1,0,0,0,0,0,0,0,0,0,0,0,0,0,0,1,0,0,0,0,0,0,0,0,0,0,0,1,0,0,1,1,0
1285,2026-06-20,Beni,Malambo,Rughetsi,Homme,18 à 25 ans,Ménage retourné,1 à 2 ans,,Non,,5,1,1,2,1,0,Non,Oui,,0.12,0.12,Oui,3,Modérée,Petits producteurs peu diversifiés,E03,83.6,True,0,0,0,0,0,1,0,1,0,0,1,1,0,0,0,0,0,0,0,0,0,0,0,0,0,0,0,0,1,1,0,0,0,0,0,1,1,0,0,1,1,0,1,1,0,0,0,0,0,0,0,0,0,0,0,0,0,0,0,0,0,0,0,0,0,0,0,0,0,0,0,1,0,0,1,1,0
1286,2026-06-20,Beni,Malambo,Rughetsi,Femme,26 à 35 ans,Ménage retourné,plus de 2 ans,,Non,,4,1,1,2,0,0,Oui,,0.3,,0.3,Oui,2,Faible,Vivriers diversifiés + élevage,E03,74.2,True,0,0,0,0,0,1,0,1,1,0,1,1,0,0,0,0,0,0,0,0,0,0,0,0,0,0,0,1,1,1,0,0,0,0,0,1,1,0,0,0,1,0,1,1,0,0,0,0,0,0,0,0,0,0,0,0,0,0,0,0,0,0,1,0,0,0,0,0,0,1,0,0,0,0,1,0,0
1287,2026-06-20,Beni,Malambo,Rughetsi,Femme,36 à 40 ans,Ménage retourné,plus de 2 ans,,Non,,4,1,1,0,2,0,Oui,,1.0,,1.0,Oui,2,Faible,Vivriers diversifiés + élevage,E03,68.8,True,0,0,0,0,0,0,0,1,1,0,1,1,0,0,0,0,0,0,0,0,0,0,0,0,0,0,0,1,1,1,0,0,0,0,0,1,1,0,0,1,0,0,1,1,0,0,0,0,0,0,0,0,1,0,0,0,0,0,0,0,0,0,1,0,0,0,0,0,0,1,0,0,0,0,1,0,0
1288,2026-06-20,Beni,Malambo,Rughetsi,Femme,Plus de 41 ans,Ménage retourné,1 à 2 ans,,Non,,6,1,1,2,2,0,Non,Oui,,0.12,0.12,Oui,4,Modérée,Vivriers diversifiés + élevage,E03,49.9,True,0,0,0,0,0,1,0,1,1,0,1,1,0,0,0,0,0,0,0,0,0,0,0,0,0,0,0,0,1,1,1,1,0,0,0,1,1,0,0,1,1,0,1,1,0,0,0,0,0,0,0,0,0,0,0,0,0,0,0,0,0,0,0,0,0,1,0,0,0,1,0,1,0,0,1,1,0
1289,2026-06-20,Beni,Malambo,Rughetsi,Femme,26 à 35 ans,Ménage retourné,1 à 2 ans,,Non,,4,1,1,2,0,0,Oui,,2.0,,2.0,Oui,2,Faible,Vivriers diversifiés + élevage,E03,43.7,True,0,0,0,0,0,0,0,1,1,0,1,1,0,0,0,0,0,0,0,0,0,0,0,0,0,0,0,0,1,1,1,1,0,0,0,1,0,0,0,1,0,0,0,1,0,0,0,0,0,0,0,0,0,0,0,0,0,0,0,0,0,0,0,1,0,0,1,0,0,1,0,0,0,0,1,0,0
1290,2026-06-20,Beni,Malambo,Rughetsi,Femme,36 à 40 ans,Ménage retourné,1 à 2 ans,,Non,,6,1,1,2,2,0,Oui,,1.0,,1.0,Oui,2,Faible,Vivriers diversifiés + élevage,E03,37.7,True,0,0,0,0,0,0,0,1,1,0,1,1,0,1,0,0,0,0,0,0,0,0,0,0,0,0,0,0,1,1,1,1,0,0,0,1,1,0,0,1,1,0,1,1,0,0,0,0,0,0,0,0,0,0,0,0,0,0,0,0,0,0,0,0,0,1,0,0,0,1,0,0,0,0,1,0,0
1291,2026-06-20,Beni,Malambo,Hurara,Femme,18 à 25 ans,Ménage retourné,6 à 12 mois,,Non,,3,1,1,1,0,0,Oui,,0.25,,0.25,Oui,3,Modérée,Petits producteurs peu diversifiés,E15,13.3,True,0,0,0,0,0,0,0,1,1,0,0,0,0,0,0,0,0,0,0,0,0,0,0,0,0,0,0,0,0,1,0,0,0,0,0,1,1,0,0,1,1,1,0,0,1,1,0,0,0,0,0,0,0,0,0,0,0,0,0,0,0,0,0,0,0,0,0,0,0,1,0,0,1,0,1,0,0
1292,2026-06-20,Beni,Malambo,Hurara,Femme,26 à 35 ans,Ménage retourné,1 à 2 ans,,Non,,6,2,1,2,1,0,Oui,,4.0,,4.0,Oui,2,Faible,Vivriers diversifiés + élevage,E15,4.4,True,1,0,0,0,0,1,1,1,1,0,0,1,0,0,0,0,0,0,0,0,0,0,0,0,0,0,0,1,0,1,0,0,0,0,0,1,1,0,0,1,0,1,0,1,1,1,0,0,0,0,0,0,0,0,0,0,0,0,0,0,1,1,0,0,0,0,0,0,0,1,0,0,0,0,1,0,0
1293,2026-06-21,Beni,Malambo,Hurara,Homme,36 à 40 ans,Ménage retourné,plus de 2 ans,,Oui,Association,7,2,2,3,0,1,Oui,,4.0,,4.0,Oui,1,Faible,Vivriers diversifiés + élevage,E11,926.9,True,0,0,0,0,0,0,0,1,1,0,1,1,0,0,1,1,1,1,1,1,1,0,1,1,0,1,0,1,1,1,1,1,1,0,0,1,1,1,1,1,1,1,1,1,1,1,1,0,0,0,0,0,0,0,0,0,0,0,0,0,0,1,1,0,0,0,0,0,0,0,1,0,0,0,0,0,0
1294,2026-06-22,Beni,Malambo,Autres villages,Femme,Plus de 41 ans,Ménage retourné,plus de 2 ans,,Oui,Autres,7,1,2,2,2,0,Oui,,0.2,,0.2,Oui,2,Faible,Vivriers diversifiés + élevage,E11,56.5,True,0,0,1,0,0,1,1,1,1,0,1,1,0,0,1,1,0,0,1,1,0,1,1,1,0,0,0,1,0,1,1,1,0,0,0,1,1,0,0,1,1,1,1,1,1,1,1,0,0,0,0,0,0,0,0,0,0,0,0,0,0,1,1,0,0,0,0,0,0,1,0,0,0,0,0,1,0
1295,2026-06-22,Beni,Malambo,Autres villages,Femme,36 à 40 ans,Ménage retourné,plus de 2 ans,,Oui,Association,10,2,1,4,3,0,Non,Oui,,0.2,0.2,Oui,4,Modérée,Petits producteurs peu diversifiés,E11,27.6,True,0,0,0,0,0,0,0,1,1,0,0,0,0,0,1,0,0,0,1,1,1,0,1,0,1,0,0,1,0,1,1,1,0,0,0,1,1,0,1,1,1,1,1,1,1,1,1,0,0,0,0,0,0,0,0,0,0,0,0,0,0,1,1,0,0,0,0,0,0,1,0,1,0,1,0,1,0
1296,2026-06-23,Beni,Malambo,Kihome,Femme,Plus de 41 ans,Ménage retourné,plus de 2 ans,,Oui,Association,8,2,2,3,1,0,Oui,,2.0,,2.0,Oui,1,Faible,Riziculteurs diversifiés,E11,118.7,True,0,0,0,0,1,1,1,1,1,1,0,1,0,0,1,0,0,0,1,1,0,0,1,0,1,0,0,0,0,1,1,1,1,1,0,1,1,0,0,1,1,1,1,1,1,1,1,0,0,0,0,0,0,0,0,0,0,0,0,0,0,1,1,0,0,0,0,0,0,1,0,0,0,0,0,0,0
1297,2026-06-23,Beni,Malambo,Kihome,Femme,36 à 40 ans,Ménage retourné,plus de 2 ans,,Oui,Association,8,2,3,1,2,0,Non,Oui,,0.35,0.35,Oui,2,Faible,Vivriers diversifiés + élevage,E11,9.4,True,0,0,1,0,0,1,1,1,1,0,0,1,0,0,1,0,0,0,1,1,0,0,1,1,0,0,0,1,1,1,1,1,1,0,0,1,1,0,0,1,1,1,1,1,1,1,1,0,0,0,0,0,0,0,0,0,0,0,0,0,0,1,1,0,0,0,0,0,0,1,0,1,0,0,0,0,0
1298,2026-06-23,Beni,Malambo,Kihome,Femme,18 à 25 ans,Ménage retourné,plus de 2 ans,,Oui,Association,5,1,1,1,2,0,Oui,,0.25,,0.25,Oui,1,Faible,Vivriers diversifiés + élevage,E21,8.3,True,0,0,0,0,0,0,0,1,1,0,0,0,0,1,1,0,0,0,1,1,0,0,1,0,1,0,0,1,1,1,1,1,0,0,0,1,1,0,0,1,1,1,1,1,1,1,1,0,0,0,0,0,0,0,0,0,0,0,0,0,0,1,1,0,0,0,0,0,0,1,0,0,0,0,0,0,0
1299,2026-06-24,Beni,Lume,Kivisire,Homme,26 à 35 ans,Ménage retourné,6 à 12 mois,,Non,,4,1,1,1,1,0,Oui,,0.3,,0.3,Oui,2,Faible,Maraîchers pomme de terre,E14,8.0,True,0,0,0,0,0,0,0,0,0,0,0,0,0,0,1,0,0,0,1,0,0,0,0,1,1,0,0,1,0,0,0,0,0,0,0,1,0,0,0,1,1,0,0,1,1,0,0,0,0,0,1,0,0,0,0,0,0,0,0,0,0,0,1,1,0,0,0,0,0,0,0,0,1,0,1,0,0
1300,2026-06-24,Beni,Bolema,Mbongya,Femme,Plus de 41 ans,Ménage retourné,6 à 12 mois,,Non,,6,1,1,2,2,0,Oui,,0.3,,0.3,Oui,3,Modérée,Petits producteurs peu diversifiés,E14,9.3,True,0,0,0,0,0,1,0,1,0,0,1,0,0,0,0,0,0,0,0,0,0,0,0,0,0,0,0,1,0,0,0,0,0,0,0,1,0,0,0,1,0,0,0,1,1,0,0,0,0,0,0,0,0,1,0,0,0,0,0,0,0,1,0,0,0,0,0,0,0,1,0,0,1,0,1,0,0
1301,2026-06-25,Lubero,Bukenye,Masereka,Homme,36 à 40 ans,Famille d'accueil,,2,Oui,Association,16,4,6,4,2,1,Non,Oui,,0.5,0.5,Oui,4,Modérée,Maraîchers pomme de terre,E10,72.7,True,0,0,1,0,0,0,1,0,0,0,0,0,0,0,1,0,0,1,0,0,0,0,0,0,0,0,0,0,0,0,1,0,0,1,0,0,0,0,1,1,0,0,0,1,0,0,0,0,0,0,0,0,0,0,0,0,0,0,1,1,0,1,0,0,0,0,0,0,0,0,1,1,0,1,0,0,1
1302,2026-06-25,Lubero,Bukenye,Masereka,Femme,26 à 35 ans,Ménage retourné,Moins de 6 mois,,Oui,Association,9,3,4,1,1,0,Oui,,0.05,,0.05,Oui,4,Modérée,Maraîchers pomme de terre,E10,878.0,True,0,0,0,0,0,1,0,0,0,0,0,0,1,0,0,0,0,0,0,0,0,0,0,0,0,0,0,1,0,0,0,0,0,0,0,1,0,0,0,0,1,0,0,1,0,0,0,0,0,0,0,0,0,0,0,0,0,0,0,0,0,1,0,0,0,0,0,0,0,1,0,0,1,1,0,1,0
1303,2026-06-25,Lubero,Bukenye,Kitsimba,Homme,26 à 35 ans,Famille d'accueil,,2,Oui,Organisation Paysanne,12,3,3,1,5,0,Non,Oui,,0.15,0.15,Non,4,Modérée,Maraîchers pomme de terre,E06,883.3,True,0,0,0,0,0,0,0,1,1,0,0,0,1,0,1,0,1,0,0,1,1,0,0,0,1,0,0,0,0,0,0,0,0,0,0,1,0,0,1,1,1,0,1,1,1,1,1,0,0,0,0,0,0,0,0,0,0,0,0,1,0,0,0,0,0,0,0,0,1,0,0,1,0,1,0,1,1
1304,2026-06-25,Lubero,Bukenye,Masereka,Femme,18 à 25 ans,Ménage retourné,6 à 12 mois,,Non,,6,1,5,0,0,0,Oui,,0.1,,0.1,Oui,4,Modérée,Maraîchers pomme de terre,E02,15.7,True,0,0,0,0,0,0,0,1,0,0,0,0,1,0,0,0,0,0,0,0,0,0,0,0,0,0,0,1,0,0,0,0,0,0,0,1,0,0,0,1,0,0,0,1,0,0,0,0,0,0,0,0,0,0,0,0,0,0,0,0,0,0,0,1,0,0,1,0,0,1,0,0,1,0,1,1,0
1305,2026-06-25,Lubero,Bukenye,Masereka,Femme,36 à 40 ans,Famille d'accueil,,1,Oui,Association,4,0,2,2,0,0,Oui,,0.18,,0.18,Non,2,Faible,Maraîchers pomme de terre,E02,16.5,True,0,0,0,0,0,0,0,1,0,0,0,0,1,0,1,0,1,0,0,0,1,0,0,0,0,0,0,0,0,0,0,0,0,0,0,1,0,0,0,1,0,0,0,1,0,1,0,0,0,0,0,0,0,0,0,0,0,0,0,0,0,0,0,0,0,1,0,0,0,1,0,0,0,0,0,1,0
1306,2026-06-25,Lubero,Bukenye,Masereka,Homme,Plus de 41 ans,Famille d'accueil,,1,Oui,Association,3,1,1,0,1,0,Oui,,0.2,,0.2,Oui,1,Faible,Maraîchers pomme de terre,E02,19.8,True,0,0,0,0,0,1,0,1,1,0,0,0,1,0,1,0,0,0,0,0,1,0,0,0,0,0,0,1,0,0,0,0,0,0,0,1,0,0,0,1,0,0,0,1,0,0,0,1,0,0,0,0,0,0,0,0,0,0,0,0,0,1,0,1,0,0,1,0,0,0,0,0,0,0,0,1,0
1307,2026-06-26,Lubero,Bukenye,Masereka,Femme,26 à 35 ans,Famille d'accueil,,1,Oui,Coopérative,3,1,1,0,1,0,Oui,,0.2,,0.2,Oui,2,Faible,Maraîchers pomme de terre,E02,9.9,True,0,0,0,0,0,1,0,0,0,0,0,0,1,0,1,0,1,0,0,0,1,0,0,0,1,0,0,1,0,0,0,0,0,0,0,1,0,0,0,1,0,0,0,1,0,1,0,0,0,0,0,0,0,0,0,0,0,0,0,0,0,1,0,0,0,0,0,0,0,1,0,0,0,0,0,1,0
1308,2026-06-26,Lubero,Bukenye,Masereka,Femme,26 à 35 ans,Famille d'accueil,,1,Oui,Association,6,1,1,1,3,0,Oui,,0.05,,0.05,Non,2,Faible,Maraîchers pomme de terre,E02,24.4,True,0,0,0,0,0,1,0,0,0,0,0,0,1,0,1,0,1,0,0,0,0,0,0,0,0,0,0,0,0,0,0,0,0,0,0,0,0,0,1,1,0,0,0,1,0,0,0,0,0,0,0,0,0,0,0,0,0,0,0,0,0,0,0,1,0,0,1,0,0,1,0,0,0,0,0,1,0
1309,2026-06-26,Lubero,Buyora/Luotu,Luotu,Femme,Plus de 41 ans,Ménage retourné,Moins de 6 mois,,Non,,6,1,2,2,1,0,Non,Oui,,0.1,0.1,Non,5,Élevée,Petits producteurs peu diversifiés,E13,83.7,False,0,1,0,0,0,0,1,1,1,0,0,0,0,0,0,0,0,0,0,0,0,0,0,0,0,0,0,0,0,0,0,0,0,0,0,1,0,0,0,0,0,1,1,1,0,0,0,1,0,0,0,0,0,0,0,0,0,0,0,0,0,0,1,0,0,0,0,0,0,1,0,1,1,0,1,1,0
1310,2026-06-26,Lubero,Bukenye,Masereka,Femme,Plus de 41 ans,Ménage retourné,Moins de 6 mois,,Non,,3,,2,,1,0,Oui,,0.18,,0.18,Non,4,Modérée,Maraîchers pomme de terre,E10,9.6,True,0,0,0,0,0,1,0,0,0,0,0,0,1,0,0,0,0,0,0,0,0,0,0,0,0,0,0,0,0,0,0,0,0,0,0,0,0,0,1,1,0,0,0,0,0,1,0,0,0,0,0,0,0,0,0,0,0,0,0,0,0,1,0,0,0,0,0,0,0,1,0,0,1,0,1,1,0
1311,2026-06-26,Lubero,Non précisé,Autres villages,Femme,36 à 40 ans,Ménage retourné,Moins de 6 mois,,Non,,3,,1,1,1,0,Non,Oui,,0.05,0.05,Non,5,Élevée,Maraîchers pomme de terre,E10,14.4,True,0,0,0,0,0,0,0,0,0,0,0,0,1,0,0,1,0,0,0,0,0,0,0,0,0,0,0,0,0,0,0,0,0,0,0,1,0,0,0,1,0,0,0,0,0,0,1,0,0,0,0,0,0,0,1,0,0,0,0,0,0,1,0,0,0,0,0,0,0,1,0,1,1,0,1,1,0
1312,2026-06-26,Lubero,Bukenye,Masereka,Homme,Plus de 41 ans,Ménage retourné,1 à 2 ans,,Non,,6,2,4,0,0,0,Oui,,0.2,,0.2,Oui,2,Faible,Maraîchers pomme de terre,E02,7.8,True,0,0,0,0,0,0,0,0,0,0,0,0,1,0,1,0,1,0,0,0,1,0,0,0,0,0,0,1,0,0,0,0,0,0,0,1,0,0,0,1,0,0,0,1,0,0,0,0,0,0,0,0,0,0,0,0,0,0,0,0,0,0,0,1,0,0,1,0,0,0,0,0,0,0,1,1,0
1313,2026-06-26,Lubero,Buyora/Luotu,Luotu,Homme,Plus de 41 ans,Famille d'accueil,,1,Oui,Organisation Paysanne,7,1,1,3,2,0,Oui,,0.05,,0.05,Oui,1,Faible,Petits producteurs peu diversifiés,E13,24.1,False,0,1,1,0,0,0,2,1,1,0,0,0,0,0,0,0,0,0,0,0,0,0,0,0,0,0,0,1,1,1,0,0,0,0,0,1,1,0,0,1,1,0,0,1,0,0,0,0,0,0,0,0,0,0,0,0,0,0,0,1,0,0,1,0,0,0,0,0,0,0,0,0,0,0,0,1,0
1314,2026-06-26,Lubero,Bukenye,Masereka,Femme,26 à 35 ans,Ménage retourné,Moins de 6 mois,,Oui,Association,8,1,1,3,3,1,Oui,,0.05,,0.05,Oui,4,Modérée,Maraîchers pomme de terre,E10,10.5,True,0,0,0,0,0,1,0,0,0,0,0,0,1,0,0,0,0,0,0,0,0,0,0,0,0,0,0,1,1,0,1,1,0,0,0,1,0,0,0,1,0,0,0,1,0,0,0,0,0,0,0,0,0,0,1,0,0,0,0,0,0,0,0,1,0,0,0,0,0,1,1,0,1,0,0,1,0
1315,2026-06-26,Lubero,Bukenye,Masereka,Femme,Plus de 41 ans,Ménage retourné,Moins de 6 mois,,Oui,Association,9,3,1,3,2,0,Oui,,0.05,,0.05,Oui,4,Modérée,Maraîchers pomme de terre,E10,14.1,True,0,0,1,0,0,1,1,0,0,0,0,0,1,0,0,1,0,0,0,0,0,0,0,0,0,0,0,0,1,0,1,1,0,0,0,1,0,0,0,1,0,0,0,0,0,1,0,0,0,0,0,0,0,0,0,0,0,0,0,0,0,0,0,0,0,0,0,0,0,1,0,0,1,1,0,1,0
1316,2026-06-26,Lubero,Bukenye,Masereka,Homme,26 à 35 ans,Ménage retourné,Moins de 6 mois,,Oui,Association,5,2,2,0,1,0,Oui,,0.3,,0.3,Oui,1,Faible,Maraîchers pomme de terre,E02,14.5,True,0,0,0,0,0,1,0,1,0,0,0,0,1,0,1,0,1,0,0,0,1,0,0,0,0,0,0,1,0,1,0,0,0,0,0,1,0,0,0,1,0,0,0,1,0,0,0,1,0,0,0,0,0,0,0,0,0,0,0,0,0,1,0,0,0,0,1,0,0,0,0,0,1,0,0,0,0
1317,2026-06-26,Lubero,Bukenye,Masereka,Femme,26 à 35 ans,Ménage retourné,Moins de 6 mois,,Oui,Association,4,1,1,2,,0,Oui,,1.05,,1.05,Oui,2,Faible,Maraîchers pomme de terre,E10,16.5,True,0,0,0,0,0,1,0,0,0,0,0,0,1,0,0,1,0,0,0,0,0,0,0,0,0,0,0,1,1,0,1,1,0,0,0,1,0,0,0,1,0,0,0,1,0,0,0,0,0,0,0,0,0,0,0,0,0,0,0,0,0,0,0,0,0,0,0,0,0,1,0,0,1,0,0,0,0
1318,2026-06-26,Lubero,Buyora/Luotu,Luotu,Homme,36 à 40 ans,Ménage retourné,6 à 12 mois,,Non,,7,1,1,3,2,1,Non,Oui,,0.05,0.05,Oui,5,Élevée,Maraîchers pomme de terre,E13,15.4,False,0,1,0,0,0,0,1,0,0,0,0,0,0,0,1,0,0,0,0,0,1,1,0,0,1,0,0,1,0,0,0,0,0,0,0,1,1,0,0,1,1,0,0,1,1,0,0,0,0,0,0,0,0,0,0,0,0,0,0,1,0,0,0,0,0,0,0,0,0,0,1,1,1,0,1,1,0
1319,2026-06-26,Lubero,Bukenye,Masereka,Femme,26 à 35 ans,Ménage retourné,Moins de 6 mois,,Oui,Association,7,1,1,3,2,0,Oui,,1.75,,1.75,Non,2,Faible,Maraîchers pomme de terre,E10,10.8,True,0,0,0,0,0,1,0,0,0,0,0,0,1,0,0,1,0,0,0,0,0,0,0,0,0,0,0,0,0,0,0,0,0,0,0,1,0,0,0,1,0,0,0,1,0,0,0,0,0,0,0,0,0,0,0,0,0,0,0,0,1,0,1,0,0,0,0,0,0,1,0,0,1,0,0,0,0
1320,2026-06-26,Lubero,Bukenye,Masereka,Femme,Plus de 41 ans,Famille d'accueil,,1,Non,,8,2,6,0,0,0,Oui,,0.1,,0.1,Oui,3,Modérée,Petits producteurs peu diversifiés,E02,19.7,True,0,0,0,0,0,0,0,1,0,0,0,0,0,0,1,0,1,0,0,0,1,0,0,0,0,0,0,0,1,0,0,0,0,0,0,1,0,0,0,1,0,0,0,1,0,0,0,0,0,0,0,0,0,0,1,0,0,0,0,0,0,0,0,0,0,1,0,0,0,1,0,0,0,0,1,1,0
1321,2026-06-26,Lubero,Bukenye,Masereka,Femme,26 à 35 ans,Famille d'accueil,,7,Oui,Association,7,1,1,3,2,0,Oui,,0.5,,0.5,Oui,2,Faible,Maraîchers pomme de terre,E10,9.7,True,0,0,0,0,0,1,0,1,0,0,0,0,1,0,0,1,0,0,0,0,0,0,0,0,0,0,0,1,1,0,1,1,0,0,0,0,0,0,1,1,0,0,1,1,0,0,0,0,0,0,0,0,0,0,0,0,0,0,0,0,1,0,1,0,0,0,0,0,0,1,0,0,0,0,0,0,1
1322,2026-06-26,Lubero,Bukenye,Masereka,Femme,26 à 35 ans,Famille d'accueil,,6,Oui,Association,6,1,1,2,2,0,Oui,,0.05,,0.05,Oui,3,Modérée,Maraîchers pomme de terre,E10,9.7,True,0,0,0,0,0,1,0,1,0,0,0,0,1,0,0,1,0,0,0,0,0,0,0,0,0,0,0,1,0,0,0,0,0,0,0,1,1,0,0,1,1,0,0,1,0,0,1,0,0,0,0,0,0,0,1,0,0,0,0,0,0,0,1,0,0,0,0,0,0,1,0,0,0,0,0,1,1
1323,2026-06-26,Lubero,Buyora/Luotu,Luotu,Femme,Plus de 41 ans,Famille d'accueil,,1,Non,,2,1,1,0,0,0,Non,Non,,,,Oui,4,Modérée,Petits producteurs peu diversifiés,E13,27.5,False,0,1,0,0,0,0,1,0,0,0,0,0,0,0,0,0,0,0,0,0,0,0,0,0,0,0,0,0,1,1,0,0,0,0,0,1,1,0,0,1,1,0,0,1,0,0,0,1,0,0,0,0,0,0,1,0,0,0,0,0,0,0,1,0,0,0,0,0,0,1,0,1,0,0,1,1,0
1324,2026-06-26,Lubero,Bukenye,Masereka,Femme,Plus de 41 ans,Ménage retourné,6 à 12 mois,,Oui,Association,7,4,1,2,0,0,Oui,,0.2,,0.2,Oui,3,Modérée,Maraîchers pomme de terre,E02,14.6,True,0,0,0,0,0,1,0,0,0,0,0,0,1,1,1,0,1,0,0,0,1,0,0,0,1,0,0,1,1,0,0,0,0,0,0,1,0,0,0,1,0,0,0,1,0,0,0,1,0,0,0,0,0,0,0,0,0,0,0,0,0,0,0,1,0,0,1,0,0,1,0,0,1,0,0,1,0
1325,2026-06-26,Lubero,Bukenye,Masereka,Femme,Plus de 41 ans,Famille d'accueil,,8,Oui,Association,8,2,2,3,1,0,Oui,,1.75,,1.75,Oui,2,Faible,Vivriers diversifiés + élevage,E10,12.0,True,0,0,1,0,0,1,1,1,1,0,0,0,1,0,0,1,0,0,0,0,0,0,0,0,0,0,0,1,1,1,1,1,0,0,0,1,1,0,0,1,1,0,0,1,0,0,1,0,0,0,0,0,0,0,1,0,0,0,0,0,0,0,0,0,0,0,0,0,0,1,0,0,0,0,0,0,1
1326,2026-06-26,Lubero,Bukenye,Kitsimba,Femme,Plus de 41 ans,Famille d'accueil,,2,Oui,Organisation Paysanne,16,1,3,1,11,0,Non,Oui,,0.075,0.075,Oui,5,Élevée,Maraîchers pomme de terre,E06,16.2,True,0,0,0,0,0,0,0,1,1,0,0,0,1,0,1,1,1,0,1,0,1,1,0,0,0,0,0,0,1,0,0,0,0,0,0,1,1,0,0,1,1,0,0,1,1,1,1,0,0,0,0,0,0,0,0,0,0,0,0,1,0,0,1,0,0,0,0,0,1,1,0,1,0,1,0,1,1
1327,2026-06-26,Lubero,Bukenye,Masereka,Femme,Plus de 41 ans,Ménage retourné,plus de 2 ans,,Oui,Association,9,4,5,,,0,Oui,,0.062,,0.062,Oui,3,Modérée,Maraîchers pomme de terre,E10,12.9,True,0,0,0,0,0,1,0,1,1,0,0,0,1,0,1,1,1,0,0,0,0,0,0,0,0,0,0,1,1,1,1,1,0,0,0,1,1,1,0,1,1,0,0,1,0,0,0,0,0,0,0,0,0,0,1,0,0,0,0,0,0,1,0,0,0,0,0,0,0,1,0,0,0,1,0,1,0
1328,2026-06-26,Lubero,Bukenye,Masereka,Femme,Plus de 41 ans,Famille d'accueil,,2,Oui,Association,11,3,1,4,3,1,Oui,,0.25,,0.25,Oui,4,Modérée,Maraîchers pomme de terre,E02,11.3,True,0,0,0,0,0,0,0,1,1,0,0,0,1,0,1,0,1,0,0,0,0,0,0,0,0,0,0,1,1,0,0,0,0,0,0,1,0,0,0,1,0,0,0,1,0,0,0,0,0,0,0,0,0,0,1,0,0,0,0,0,0,0,0,0,0,1,0,0,0,1,1,0,0,1,0,0,1
1329,2026-06-26,Lubero,Bukenye,Kitsimba,Homme,Plus de 41 ans,Famille d'accueil,,3,Oui,Organisation Paysanne,29,4,4,11,10,1,Non,Oui,,0.225,0.225,Oui,5,Élevée,Maraîchers pomme de terre,E06,19.8,True,0,0,0,0,0,1,0,1,1,0,0,0,1,0,1,1,1,0,0,1,1,1,0,0,1,0,1,1,0,0,0,0,0,0,0,1,1,0,1,1,1,0,1,1,1,1,1,0,0,0,0,0,0,0,0,0,0,0,0,1,1,0,0,0,0,0,0,0,1,0,1,1,0,1,0,1,1
1330,2026-06-26,Lubero,Bukenye,Masereka,Femme,26 à 35 ans,Ménage retourné,1 à 2 ans,,Oui,Association,7,1,1,2,3,0,Oui,,0.062,,0.062,Oui,2,Faible,Maraîchers pomme de terre,E10,8.4,True,0,0,0,0,0,1,0,1,1,0,0,0,1,0,0,1,0,0,0,0,0,0,0,0,0,0,0,1,1,0,0,0,0,0,0,1,1,0,0,1,1,0,1,1,0,0,1,0,0,0,0,0,0,0,1,0,0,0,0,0,0,0,0,0,0,0,0,0,0,1,0,0,0,0,0,1,0
1331,2026-06-26,Lubero,Bukenye,Masereka,Femme,18 à 25 ans,Ménage retourné,Moins de 6 mois,,Non,,6,1,1,2,2,1,Oui,,0.06,,0.06,Oui,5,Élevée,Maraîchers pomme de terre,E02,8.3,True,0,0,0,0,0,1,0,1,0,0,0,0,1,0,1,0,1,0,0,0,0,0,0,0,0,0,0,1,0,0,0,0,0,0,0,0,0,0,1,1,0,0,0,1,0,0,0,1,0,0,0,0,0,0,1,0,0,0,0,0,0,0,1,0,0,1,0,0,0,1,1,0,1,0,1,1,0
1332,2026-06-26,Lubero,Bukenye,Masereka,Femme,36 à 40 ans,Ménage retourné,Moins de 6 mois,,Oui,Association,10,1,2,4,3,0,Oui,,0.062,,0.062,Oui,4,Modérée,Maraîchers pomme de terre,E10,10.5,True,0,0,1,0,0,0,1,1,1,0,0,0,1,0,0,1,0,0,0,0,0,0,0,0,0,0,0,1,1,0,1,1,0,0,0,1,1,0,1,1,1,0,1,1,0,0,0,0,0,0,0,0,0,0,1,0,0,0,0,0,0,0,0,0,0,0,0,0,0,1,0,0,1,1,0,1,0
1333,2026-06-26,Lubero,Bukenye,Masereka,Femme,26 à 35 ans,Famille d'accueil,,3,Oui,Association,9,3,2,1,3,0,Oui,,0.15,,0.15,Oui,4,Modérée,Maraîchers pomme de terre,E02,12.5,True,0,0,0,0,0,0,0,0,0,0,0,0,1,0,1,0,1,0,0,0,1,0,0,0,0,0,0,1,1,0,0,0,0,0,0,1,0,0,0,1,0,0,0,1,0,0,0,0,0,0,0,0,0,0,1,0,0,0,0,0,0,0,0,0,0,1,1,0,0,1,0,0,0,1,0,1,1
1334,2026-06-26,Lubero,Buyora/Luotu,Luotu,Femme,26 à 35 ans,Ménage retourné,Moins de 6 mois,,Oui,Organisation Paysanne,12,2,1,4,5,0,Non,Oui,,0.05,0.05,Oui,5,Élevée,Maraîchers pomme de terre,E13,35.2,False,0,1,0,0,0,1,1,1,0,0,0,0,1,0,0,0,0,0,0,0,0,0,0,0,0,0,0,0,1,0,0,0,0,0,0,1,1,0,0,1,1,0,0,1,0,0,0,0,0,0,0,0,0,0,1,0,0,0,0,1,0,0,1,0,0,0,0,0,0,1,0,1,1,1,0,1,0
1335,2026-06-26,Lubero,Bukenye,Kitsimba,Homme,Plus de 41 ans,Famille d'accueil,,2,Oui,Organisation Paysanne,26,5,6,6,9,1,Non,Oui,,0.075,0.075,Oui,5,Élevée,Maraîchers pomme de terre,E06,22.0,True,0,0,0,0,0,0,0,1,1,0,0,0,1,0,1,1,1,0,0,1,1,1,0,0,1,0,1,1,0,0,0,0,0,0,0,1,1,0,1,1,1,0,0,1,1,1,1,0,0,0,0,0,0,0,0,0,0,0,0,1,1,0,0,0,0,1,0,0,1,0,1,1,0,1,0,1,1
1336,2026-06-26,Lubero,Bukenye,Masereka,Homme,18 à 25 ans,Ménage retourné,Moins de 6 mois,,Oui,Association,4,1,1,1,1,0,Oui,,0.062,,0.062,Oui,2,Faible,Maraîchers pomme de terre,E10,8.4,True,0,0,0,0,0,1,0,0,0,0,0,0,1,0,0,1,0,0,0,0,0,0,0,0,0,0,0,1,0,0,0,0,0,0,0,1,1,0,0,1,1,0,0,1,0,0,1,0,0,0,0,0,0,0,1,0,0,0,0,0,0,0,1,0,0,0,0,0,0,0,0,0,1,0,0,1,0
1337,2026-06-26,Lubero,Bukenye,Masereka,Femme,18 à 25 ans,Ménage retourné,6 à 12 mois,,Non,,5,1,2,2,0,0,Oui,,0.062,,0.062,Oui,4,Modérée,Maraîchers pomme de terre,E02,10.3,True,0,0,0,0,0,1,0,1,0,0,0,0,0,0,1,0,1,0,0,0,1,0,0,0,0,0,0,1,1,0,0,0,0,0,0,1,0,0,0,1,0,0,0,1,0,0,0,1,0,0,0,0,0,0,0,0,0,0,0,0,0,0,0,1,0,0,1,0,0,1,0,0,1,0,1,1,0
1338,2026-06-26,Lubero,Bukenye,Masereka,Femme,26 à 35 ans,Ménage retourné,Moins de 6 mois,,Oui,Association,10,1,1,6,2,0,Oui,,0.062,,0.062,Oui,4,Modérée,Maraîchers pomme de terre,E10,9.4,True,0,0,0,0,0,1,0,0,0,0,0,0,1,0,0,1,0,0,0,0,0,0,0,0,0,0,0,1,1,0,1,1,0,0,0,1,1,0,0,1,1,0,0,1,0,0,1,0,0,0,0,0,0,0,1,0,0,0,0,0,0,0,1,0,0,0,0,1,0,1,0,0,1,1,0,1,0
1339,2026-06-26,Lubero,Bukenye,Masereka,Femme,Plus de 41 ans,Ménage retourné,1 à 2 ans,,Oui,Association,6,1,3,2,0,0,Oui,,0.2,,0.2,Oui,2,Faible,Maraîchers pomme de terre,E02,12.5,True,0,0,0,0,0,1,0,1,1,0,0,0,1,0,1,0,0,0,0,0,1,0,0,0,0,0,0,0,1,0,0,0,0,0,0,1,0,0,0,1,0,0,1,1,0,0,0,1,0,0,0,0,0,0,1,0,0,0,0,0,0,0,0,0,0,0,0,0,0,1,0,0,0,0,0,1,0
1340,2026-06-26,Lubero,Bukenye,Masereka,Femme,26 à 35 ans,Famille d'accueil,,7,Oui,Coopérative,7,2,1,1,3,0,Oui,,0.062,,0.062,Oui,3,Modérée,Maraîchers pomme de terre,E10,10.1,True,0,0,0,0,0,1,0,1,0,0,0,0,1,0,0,1,0,0,0,0,0,0,0,0,0,0,0,1,0,0,0,0,0,0,0,1,1,0,1,1,1,0,1,1,0,0,1,0,0,0,0,0,0,0,1,0,0,0,0,0,0,0,0,0,1,0,0,0,0,1,0,0,0,0,0,1,1
1341,2026-06-26,Lubero,Bukenye,Kitsimba,Femme,26 à 35 ans,Famille d'accueil,,2,Oui,Organisation Paysanne,15,4,4,5,2,1,Non,Oui,,0.25,0.25,Oui,5,Élevée,Maraîchers pomme de terre,E06,20.8,True,0,0,0,0,0,1,0,1,1,0,0,0,1,0,1,1,1,0,0,1,1,1,0,0,0,0,0,0,1,0,0,0,0,0,0,1,1,0,1,1,1,0,1,1,1,1,1,0,0,0,0,0,0,0,0,0,0,0,0,1,1,0,0,0,0,0,0,0,1,1,1,1,0,1,0,0,1
1342,2026-06-26,Lubero,Bukenye,Masereka,Femme,Plus de 41 ans,Ménage retourné,Moins de 6 mois,,Oui,Association,10,2,3,2,3,0,Oui,,0.062,,0.062,Oui,4,Modérée,Maraîchers pomme de terre,E10,10.9,True,0,0,0,0,0,1,0,1,0,0,0,0,1,0,0,1,0,0,0,0,0,0,0,0,0,0,0,1,0,0,1,1,0,0,0,1,1,0,0,1,1,0,0,1,0,0,1,0,0,0,0,0,0,0,1,0,0,0,0,0,0,0,1,0,0,0,0,0,0,1,0,0,1,1,0,1,0
1343,2026-06-26,Lubero,Bukenye,Masereka,Homme,36 à 40 ans,Famille d'accueil,,1,Non,,4,1,1,0,2,0,Non,Oui,,0.05,0.05,Non,3,Modérée,Petits producteurs peu diversifiés,E09,15.1,True,0,0,0,0,0,1,0,1,0,0,0,0,0,0,0,0,0,0,0,0,0,0,0,0,0,0,0,0,0,0,0,0,0,0,0,1,0,0,0,1,0,0,0,1,0,0,0,0,0,0,0,0,0,0,0,0,0,0,0,0,0,1,0,0,0,0,0,0,0,0,0,1,0,0,1,1,0
1344,2026-06-26,Lubero,Bukenye,Masereka,Femme,26 à 35 ans,Famille d'accueil,,1,Oui,Association,5,2,2,1,0,0,Oui,,0.15,,0.15,Oui,2,Faible,Maraîchers pomme de terre,E02,13.7,True,0,0,0,0,0,0,0,1,0,0,0,0,1,0,1,0,1,0,0,0,0,0,0,0,0,0,0,1,1,0,0,0,0,0,0,1,0,0,0,1,0,0,0,1,0,0,0,1,0,0,0,0,0,0,1,0,0,0,0,0,0,0,0,0,0,1,1,0,0,1,0,0,0,0,0,1,0
1345,2026-06-26,Lubero,Bukenye,Masereka,Femme,Plus de 41 ans,Ménage retourné,Moins de 6 mois,,Oui,Association,6,1,1,1,3,0,Oui,,0.062,,0.062,Oui,3,Modérée,Maraîchers pomme de terre,E10,7.2,True,0,0,0,0,0,1,0,1,0,0,0,0,1,0,0,1,0,0,0,0,0,0,0,0,0,0,0,1,0,0,1,1,0,0,0,1,1,0,0,1,1,0,0,1,1,0,0,0,0,0,0,0,0,0,0,0,0,0,0,0,0,0,0,0,0,0,0,0,0,1,0,0,1,0,0,1,0
1346,2026-06-26,Lubero,Buyora/Luotu,Luotu,Femme,Plus de 41 ans,Famille d'accueil,,1,Non,,12,2,1,4,5,0,Oui,,0.2,,0.2,Oui,4,Modérée,Petits producteurs peu diversifiés,E13,17.4,False,0,1,0,0,0,1,1,1,1,0,0,0,0,0,1,0,0,0,0,0,1,0,0,0,1,0,0,1,0,0,0,0,0,0,0,1,1,0,0,1,1,0,0,1,0,0,0,1,0,0,0,0,0,0,1,0,0,0,0,0,0,0,1,0,0,0,0,0,0,1,0,0,0,1,1,1,0
1347,2026-06-26,Lubero,Bukenye,Masereka,Femme,Plus de 41 ans,Ménage retourné,Moins de 6 mois,,Oui,Association,10,1,1,4,4,0,Oui,,0.55,,0.55,Oui,3,Modérée,Maraîchers pomme de terre,E10,8.0,True,0,0,0,0,0,1,0,0,0,0,0,0,1,0,0,1,0,0,0,0,0,0,0,0,0,0,0,1,0,0,0,0,0,0,0,1,0,0,0,1,0,0,0,1,1,0,0,0,0,0,0,0,0,0,1,0,0,0,0,0,0,1,0,0,0,0,0,0,0,1,0,0,1,1,0,0,0
1348,2026-06-26,Lubero,Bukenye,Masereka,Femme,26 à 35 ans,Ménage retourné,Moins de 6 mois,,Oui,Association,7,1,1,1,4,0,Oui,,0.062,,0.062,Oui,3,Modérée,Maraîchers pomme de terre,E10,9.0,True,0,0,0,0,0,1,0,1,0,0,0,0,1,0,0,1,0,0,0,0,0,0,0,0,0,0,0,1,0,0,1,0,1,0,0,1,1,1,0,1,1,0,0,1,0,0,0,0,0,0,0,0,0,0,1,0,0,0,0,0,0,0,0,0,0,0,0,0,0,1,0,0,1,0,0,1,0
1349,2026-06-26,Lubero,Bukenye,Masereka,Femme,26 à 35 ans,Ménage retourné,1 à 2 ans,,Oui,Coopérative,6,1,1,4,0,0,Oui,,0.15,,0.15,Oui,2,Faible,Maraîchers pomme de terre,E02,7.5,True,0,0,0,0,0,0,0,0,0,0,0,0,1,0,1,0,0,0,0,0,1,0,0,0,0,0,0,1,1,0,0,0,0,0,0,1,0,0,0,1,0,0,0,1,0,0,0,1,0,0,0,0,0,0,1,0,0,0,0,0,0,0,1,0,0,0,0,0,0,1,0,0,0,0,0,1,0
1350,2026-06-26,Lubero,Bukenye,Kitsimba,Homme,Plus de 41 ans,Famille d'accueil,,1,Oui,Organisation Paysanne,9,2,3,1,3,1,Non,Oui,,0.27,0.27,Oui,3,Modérée,Maraîchers pomme de terre,E06,15.9,True,0,0,0,0,0,0,0,1,1,0,0,0,1,0,1,1,1,0,0,0,1,1,0,0,1,0,0,0,1,1,0,0,0,0,0,1,1,0,0,1,1,0,1,1,1,1,1,0,0,0,0,0,0,0,0,0,0,0,0,1,0,0,0,0,0,1,0,0,0,0,1,1,0,1,0,0,0
1351,2026-06-26,Lubero,Bukenye,Masereka,Femme,Plus de 41 ans,Famille d'accueil,,2,Oui,Association,8,0,3,2,3,0,Oui,,0.15,,0.15,Oui,3,Modérée,Maraîchers pomme de terre,E02,10.1,True,0,0,0,0,0,1,0,0,0,0,0,0,1,0,1,0,1,0,0,0,0,0,0,0,0,0,0,1,1,0,0,0,0,0,0,1,0,0,0,1,0,0,0,1,0,0,0,1,0,0,0,0,0,0,1,0,0,0,0,0,0,0,1,0,0,1,1,0,0,1,0,0,0,0,0,1,1
1352,2026-06-26,Lubero,Bukenye,Masereka,Femme,Plus de 41 ans,Ménage retourné,Moins de 6 mois,,Oui,Association,6,,2,3,1,0,Oui,,0.55,,0.55,Oui,2,Faible,Maraîchers pomme de terre,E10,8.4,True,0,0,0,0,0,1,0,0,0,0,0,0,0,0,0,1,0,0,0,0,0,0,0,0,0,0,0,0,1,0,0,0,0,0,0,1,1,0,0,1,1,0,0,1,0,0,0,0,0,0,0,0,0,0,1,0,0,0,0,0,0,0,0,0,0,0,0,0,0,1,0,0,1,0,0,0,0
1353,2026-06-26,Lubero,Bukenye,Masereka,Femme,26 à 35 ans,Ménage retourné,6 à 12 mois,,Oui,Association,5,1,1,1,2,0,Oui,,0.3,,0.3,Oui,2,Faible,Maraîchers pomme de terre,E02,9.1,True,0,0,0,0,0,0,0,0,0,0,0,0,1,0,1,0,1,0,0,0,1,0,0,0,0,0,0,1,0,0,0,0,0,0,0,1,0,0,0,1,0,0,0,1,1,0,1,1,0,0,0,0,0,0,1,0,0,0,0,0,0,0,0,0,0,1,1,0,0,1,0,0,1,0,0,0,0
1354,2026-06-26,Lubero,Bukenye,Masereka,Femme,Plus de 41 ans,Ménage retourné,Moins de 6 mois,,Oui,Association,10,5,2,1,2,0,Oui,,0.062,,0.062,Oui,4,Modérée,Maraîchers pomme de terre,E10,7.3,True,0,0,0,0,0,1,0,0,0,0,0,0,1,0,0,1,0,0,0,0,0,0,0,0,0,0,0,0,0,0,1,1,0,0,0,1,1,0,0,1,1,0,0,1,0,1,0,0,0,0,0,0,0,0,1,0,0,0,0,0,0,1,0,0,0,0,0,1,0,1,0,0,1,1,0,1,0
1355,2026-06-26,Lubero,Bukenye,Kitsimba,Homme,Plus de 41 ans,Ménage retourné,6 à 12 mois,,Oui,Organisation Paysanne,9,2,2,2,3,1,Non,Oui,,0.175,0.175,Oui,5,Élevée,Maraîchers pomme de terre,E06,14.4,True,0,0,0,0,0,0,0,1,1,0,0,0,1,0,1,1,1,0,0,0,1,0,0,0,1,0,0,0,1,0,0,0,0,0,0,1,1,0,0,1,1,0,1,1,1,1,1,0,0,0,0,0,0,0,0,0,0,0,0,1,0,0,0,0,0,0,0,0,1,0,1,1,1,1,0,1,0
1356,2026-06-26,Lubero,Bukenye,Masereka,Femme,26 à 35 ans,Ménage retourné,1 à 2 ans,,Oui,Association,7,1,1,5,0,0,Oui,,0.12,,0.12,Oui,2,Faible,Maraîchers pomme de terre,E02,9.4,True,0,0,0,0,0,0,0,0,0,0,0,0,1,0,1,0,1,0,0,0,1,0,0,0,0,0,0,1,1,0,0,0,0,0,0,1,0,0,0,1,0,0,0,1,0,0,0,1,0,0,0,0,0,0,0,0,0,0,0,0,0,0,0,0,0,0,0,0,0,1,0,0,0,0,0,1,0
1357,2026-06-26,Lubero,Bukenye,Masereka,Femme,Plus de 41 ans,Famille d'accueil,,2,Oui,Coopérative,2,1,1,0,0,0,Oui,,0.2,,0.2,Non,3,Modérée,Petits producteurs peu diversifiés,E09,15.0,True,0,0,0,0,0,0,0,1,0,0,0,0,0,0,0,0,0,0,0,0,0,0,0,0,0,0,0,0,0,0,0,0,0,0,0,1,0,0,0,1,1,0,0,1,0,0,0,1,0,0,0,0,0,0,0,0,0,0,0,0,0,1,0,0,0,0,0,0,0,1,0,0,0,0,0,1,1
1358,2026-06-26,Lubero,Bukenye,Masereka,Femme,26 à 35 ans,Ménage retourné,1 à 2 ans,,Oui,Coopérative,11,1,1,3,6,0,Oui,,0.18,,0.18,Oui,3,Modérée,Maraîchers pomme de terre,E02,9.4,True,0,0,1,0,0,0,1,0,0,0,0,0,1,0,1,0,1,0,0,0,1,0,0,0,0,0,0,1,1,0,0,0,0,0,0,1,0,0,0,1,0,0,0,1,0,0,0,0,0,0,0,0,0,0,1,0,0,0,0,0,0,0,0,0,0,0,0,0,0,1,0,0,0,1,0,1,0
1359,2026-06-26,Lubero,Buyora/Luotu,Autres villages,Femme,Plus de 41 ans,Famille d'accueil,,2,Oui,Organisation Paysanne,15,4,6,2,3,0,Non,Oui,,0.1,0.1,Oui,5,Élevée,Maraîchers pomme de terre,E13,24.4,False,0,1,0,0,0,0,1,0,0,0,0,0,0,0,1,0,1,0,0,0,1,0,0,0,1,0,0,1,1,0,0,0,0,0,0,1,1,0,0,1,1,0,0,1,1,0,0,1,0,0,0,0,0,0,0,0,0,0,0,0,0,0,1,0,0,0,0,0,0,1,0,1,0,1,0,1,1
1360,2026-06-26,Lubero,Bukenye,Masereka,Femme,36 à 40 ans,Famille d'accueil,,1,Oui,Association,4,1,2,0,1,0,Oui,,0.1,,0.1,Oui,2,Faible,Maraîchers pomme de terre,E02,8.0,True,0,0,0,0,0,0,0,0,0,0,0,0,0,0,1,0,1,0,0,0,1,0,0,0,0,0,0,1,0,0,0,0,0,0,0,1,0,0,0,1,0,0,0,1,0,0,0,1,0,0,0,0,0,0,0,0,0,0,0,0,0,0,0,0,0,0,1,0,0,1,0,0,0,0,0,1,0
1361,2026-06-26,Lubero,Bukenye,Masereka,Femme,Plus de 41 ans,Famille d'accueil,,1,Non,,5,1,1,1,2,0,Non,Non,,,,Oui,4,Modérée,Maraîchers pomme de terre,E09,8.4,True,0,0,0,0,0,0,0,0,0,0,0,0,0,0,0,0,0,0,0,0,0,0,0,0,0,0,0,1,0,0,0,0,0,0,0,0,1,0,0,0,1,0,0,1,0,0,0,0,0,0,0,0,0,0,1,0,0,0,0,0,0,1,1,0,0,0,0,0,0,1,0,1,0,0,1,1,0
1362,2026-06-26,Lubero,Bukenye,Masereka,Femme,Plus de 41 ans,Famille d'accueil,,1,Non,,8,0,0,3,5,0,Oui,,0.062,,0.062,Oui,3,Modérée,Maraîchers pomme de terre,E02,7.6,True,0,0,0,0,0,0,0,0,0,0,0,0,1,0,1,0,0,0,0,0,0,0,0,0,1,0,0,1,0,0,0,0,0,0,0,1,0,0,0,1,0,0,0,1,0,0,0,1,0,0,0,0,0,0,1,0,0,0,0,0,0,0,0,0,0,0,0,0,0,1,0,0,0,0,1,1,0
1363,2026-06-26,Lubero,Bukenye,Masereka,Homme,26 à 35 ans,Famille d'accueil,,1,Oui,Association,2,2,0,0,0,0,Oui,,0.25,,0.25,Oui,0,Faible,Maraîchers pomme de terre,E02,6.5,True,0,0,0,0,0,1,0,0,0,0,0,0,1,0,1,0,1,0,0,0,0,0,0,0,0,0,0,1,1,0,0,0,0,0,0,1,0,0,0,1,0,0,0,1,0,0,0,1,0,0,0,0,0,0,0,0,0,0,0,0,0,0,1,0,0,1,1,0,0,0,0,0,0,0,0,0,0
1364,2026-06-26,Lubero,Buyora/Luotu,Luotu,Femme,26 à 35 ans,Ménage retourné,6 à 12 mois,,Non,,6,2,2,1,1,0,Non,Oui,,0.05,0.05,Non,5,Élevée,Maraîchers pomme de terre,E13,25.0,False,0,1,0,0,0,0,1,0,0,0,0,0,0,0,1,0,0,0,0,0,1,0,0,0,0,0,0,0,0,0,0,0,0,0,0,1,0,0,0,1,1,0,0,1,1,0,0,1,0,0,0,0,0,0,0,0,0,0,0,0,0,0,1,0,0,0,0,0,0,1,0,1,1,0,1,1,0
1365,2026-06-26,Lubero,Bukenye,Masereka,Femme,36 à 40 ans,Famille d'accueil,,2,Oui,Autres,9,1,2,3,3,0,Non,Oui,,0.125,0.125,Oui,5,Élevée,Maraîchers pomme de terre,E09,17.5,True,0,0,0,0,0,0,0,0,0,0,0,0,0,0,1,0,0,0,0,0,1,0,0,0,0,0,0,1,0,1,0,0,0,0,0,1,0,0,0,1,0,0,0,0,0,0,1,1,0,0,0,0,0,0,1,0,0,0,0,0,0,1,0,0,0,0,0,0,0,1,0,1,0,1,0,1,1
1366,2026-06-26,Lubero,Bukenye,Masereka,Femme,Plus de 41 ans,Ménage retourné,6 à 12 mois,,Oui,Association,4,1,1,1,1,0,Oui,,0.17,,0.17,Oui,3,Modérée,Maraîchers pomme de terre,E02,11.0,True,0,0,0,0,0,1,0,1,0,0,0,0,1,0,1,0,1,0,0,0,1,0,0,0,0,0,0,1,1,0,0,0,0,0,0,1,0,0,0,1,0,0,0,1,0,0,0,1,0,0,0,0,0,0,1,0,0,0,0,0,0,0,0,1,0,0,1,0,0,1,0,0,1,0,0,1,0
1367,2026-06-26,Lubero,Bukenye,Masereka,Femme,Plus de 41 ans,Ménage retourné,6 à 12 mois,,Oui,Association,10,2,1,3,4,1,Oui,,,,,Oui,5,Élevée,Maraîchers pomme de terre,E10,10.6,True,0,0,0,1,0,1,1,1,0,0,0,0,1,0,0,1,0,0,0,0,0,0,0,0,0,0,0,0,0,0,1,1,0,0,0,1,1,0,0,1,1,1,0,1,1,0,0,0,0,0,0,0,0,0,0,0,0,0,0,0,0,0,0,1,0,0,0,0,0,1,1,0,1,1,0,1,0
1368,2026-06-26,Lubero,Bukenye,Masereka,Femme,26 à 35 ans,Ménage retourné,Moins de 6 mois,,Oui,Association,4,,1,3,,0,Non,Oui,,0.062,0.062,Oui,4,Modérée,Maraîchers pomme de terre,E10,5.8,True,0,0,0,0,0,0,0,1,0,0,0,0,1,0,0,1,0,0,0,0,0,0,0,0,0,0,0,1,0,1,0,0,0,0,0,1,1,0,0,1,1,0,0,1,1,0,0,0,0,0,0,0,0,0,1,0,0,0,0,0,0,0,0,0,0,0,0,0,0,1,0,1,1,0,0,1,0
1369,2026-06-26,Lubero,Bukenye,Masereka,Homme,Plus de 41 ans,Ménage retourné,1 à 2 ans,,Non,,3,1,1,1,0,0,Non,Non,,,,Non,3,Modérée,Petits producteurs peu diversifiés,E09,14.0,True,0,0,0,0,0,0,0,0,0,0,0,0,0,0,0,0,0,0,0,0,0,0,0,0,0,0,0,0,0,0,0,0,0,0,0,1,0,0,0,0,0,0,1,1,1,0,0,1,0,0,0,0,0,0,0,0,0,0,0,0,0,1,0,0,0,0,0,0,0,0,0,1,0,0,1,1,0
1370,2026-06-26,Lubero,Bukenye,Kitsimba,Femme,26 à 35 ans,Famille d'accueil,,1,Oui,Association,9,2,4,2,1,1,Non,Oui,,0.05,0.05,Oui,5,Élevée,Maraîchers pomme de terre,E06,13.2,True,0,0,0,0,0,0,0,1,0,0,0,0,1,0,1,1,1,0,0,0,1,0,0,0,1,0,0,1,0,0,0,0,0,0,0,1,1,0,1,1,1,0,1,1,1,1,1,0,0,0,0,0,0,0,0,0,0,0,0,1,1,1,1,1,0,0,1,0,0,1,1,1,0,1,0,1,0
1371,2026-06-26,Lubero,Bukenye,Masereka,Femme,26 à 35 ans,Ménage retourné,1 à 2 ans,,Oui,Coopérative,4,1,1,0,2,0,Oui,,0.2,,0.2,Oui,2,Faible,Maraîchers pomme de terre,E02,95.4,True,0,0,0,0,0,1,0,1,0,0,0,0,1,0,1,0,1,0,0,0,0,0,0,0,0,0,0,1,0,0,0,0,0,0,0,1,0,0,0,1,0,0,0,1,1,0,0,0,0,0,0,0,0,0,0,0,0,0,0,0,0,0,0,1,0,0,1,0,0,1,0,0,0,0,0,1,0
1372,2026-06-26,Lubero,Buyora/Luotu,Luotu,Femme,36 à 40 ans,Ménage retourné,6 à 12 mois,,Non,,8,1,1,2,4,0,Non,Oui,,0.15,0.15,Non,5,Élevée,Petits producteurs peu diversifiés,E13,19.0,False,0,1,0,0,0,0,1,1,0,0,0,0,0,0,1,0,1,0,0,0,1,0,0,0,1,0,0,0,0,0,0,0,0,0,0,1,1,0,0,1,1,0,0,1,1,1,0,0,0,0,0,0,0,0,0,0,0,0,0,0,0,0,0,0,0,0,0,0,0,1,0,1,1,0,1,1,0
1373,2026-06-26,Lubero,Bukenye,Masereka,Homme,Plus de 41 ans,Ménage retourné,Moins de 6 mois,,Oui,Association,7,2,1,2,2,0,Oui,,0.062,,0.062,Oui,2,Faible,Maraîchers pomme de terre,E10,7.5,True,0,0,0,0,0,0,0,1,0,0,0,0,1,0,0,1,0,0,0,0,0,0,0,0,0,0,0,1,1,1,0,0,0,0,0,1,1,0,0,1,1,0,0,1,1,0,0,0,0,0,0,0,0,0,1,0,0,0,0,0,0,0,1,1,0,0,0,0,0,0,0,0,1,0,0,1,0
1374,2026-06-26,Lubero,Bukenye,Masereka,Femme,Plus de 41 ans,Ménage retourné,1 à 2 ans,,Oui,Coopérative,3,1,1,1,0,0,Oui,,0.05,,0.05,Oui,2,Faible,Petits producteurs peu diversifiés,E09,13.2,True,0,0,0,0,0,0,0,1,0,0,0,0,0,0,0,0,0,0,0,0,0,0,0,0,0,0,0,1,0,0,0,0,0,0,0,1,0,0,0,1,0,1,0,1,0,0,0,1,0,0,0,0,0,0,1,0,0,0,0,0,0,1,0,0,0,0,0,0,0,1,0,0,0,0,0,1,0
1375,2026-06-26,Lubero,Bukenye,Kitsimba,Femme,Plus de 41 ans,Famille d'accueil,,2,Oui,Association,16,2,7,3,4,1,Non,Oui,,0.15,0.15,Oui,6,Élevée,Maraîchers pomme de terre,E06,14.3,True,0,0,0,0,0,0,0,1,1,0,0,0,1,0,1,1,1,0,0,0,1,0,0,0,1,0,0,1,0,0,0,0,0,0,0,1,1,0,0,1,1,1,1,1,1,1,1,0,0,0,0,0,0,0,0,0,0,0,0,1,0,0,0,0,0,0,0,0,1,1,1,1,0,1,0,1,1
1376,2026-06-26,Lubero,Bukenye,Kitsimba,Femme,26 à 35 ans,Famille d'accueil,,1,Oui,Association,6,2,2,2,0,1,Non,Oui,,0.05,0.05,Oui,4,Modérée,Maraîchers pomme de terre,E06,15.7,True,0,0,0,0,0,0,0,1,1,0,0,0,1,0,1,1,1,0,0,0,1,1,0,0,1,0,0,1,0,0,0,0,0,0,0,1,1,0,1,1,1,1,1,1,1,1,1,0,0,0,0,0,0,0,0,0,0,0,0,0,0,0,0,0,0,0,0,0,1,1,1,1,0,0,0,1,0
1377,2026-06-26,Lubero,Bukenye,Masereka,Homme,Plus de 41 ans,Ménage retourné,Moins de 6 mois,,Oui,Coopérative,13,4,2,4,3,0,Oui,,,,,Oui,3,Modérée,Maraîchers pomme de terre,E10,9.6,True,0,0,0,1,0,0,1,1,0,0,0,0,1,0,1,1,1,0,0,0,1,0,0,0,0,0,0,1,0,1,1,1,0,0,0,1,1,0,0,1,1,0,0,1,1,1,0,0,0,0,0,0,0,0,1,0,0,0,0,0,0,0,1,0,0,0,0,0,0,0,0,0,1,1,0,1,0
1378,2026-06-26,Lubero,Bukenye,Masereka,Femme,Plus de 41 ans,Ménage retourné,Moins de 6 mois,,Oui,Association,1,0,1,0,0,0,Oui,,0.15,,0.15,Oui,3,Modérée,Maraîchers pomme de terre,E02,7.6,True,0,0,0,0,0,1,0,0,0,0,0,0,1,0,1,0,1,0,0,0,1,0,0,0,0,0,0,1,0,0,0,0,0,0,0,1,0,0,0,1,0,0,0,1,0,0,0,1,0,0,0,0,0,0,0,0,0,0,0,0,0,1,0,0,0,0,0,0,0,1,0,0,1,0,0,1,0
1379,2026-06-26,Lubero,Buyora/Luotu,Luotu,Femme,Plus de 41 ans,Ménage retourné,Moins de 6 mois,,Non,,9,3,3,1,2,1,Oui,,0.05,,0.05,Oui,6,Élevée,Maraîchers pomme de terre,E13,24.4,False,0,1,0,0,0,0,1,0,0,0,0,0,1,0,1,0,0,0,0,0,1,0,0,0,0,0,0,1,0,0,0,0,0,0,0,1,1,0,0,1,1,0,0,1,1,0,0,0,0,0,0,0,0,0,0,0,0,0,0,0,0,0,1,0,0,0,0,0,0,1,1,0,1,1,1,1,0
1380,2026-06-26,Lubero,Bukenye,Masereka,Homme,36 à 40 ans,Famille d'accueil,,1,Oui,Organisation Paysanne,7,1,1,2,3,0,Oui,,0.1,,0.1,Oui,1,Faible,Petits producteurs peu diversifiés,E09,12.8,True,0,0,0,0,0,0,0,1,0,0,0,0,0,0,0,0,0,0,0,0,0,0,0,0,0,0,0,1,1,0,0,0,0,0,0,1,1,0,0,1,0,0,0,1,0,0,0,1,0,0,0,0,0,0,0,0,0,0,0,0,0,1,0,0,0,0,0,0,0,0,0,0,0,0,0,1,0
1381,2026-06-26,Lubero,Bukenye,Masereka,Homme,Plus de 41 ans,Ménage retourné,Moins de 6 mois,,Oui,Association,10,5,1,1,3,0,Oui,,0.05,,0.05,Oui,3,Modérée,Maraîchers pomme de terre,E10,8.0,True,0,0,1,0,0,1,1,0,0,0,0,0,1,0,1,1,1,0,0,0,0,0,0,0,0,0,0,1,1,0,1,1,0,0,0,1,1,0,0,1,1,0,0,1,1,0,0,0,0,0,0,0,0,0,1,0,0,0,0,0,0,0,0,0,0,0,0,0,0,0,0,0,1,1,0,1,0
1382,2026-06-26,Lubero,Bukenye,Kitsimba,Femme,Plus de 41 ans,Ménage retourné,6 à 12 mois,,Non,,7,1,2,3,1,0,Non,Oui,,0.75,0.75,Oui,4,Modérée,Maraîchers pomme de terre,E06,15.7,True,0,0,0,0,0,0,0,1,1,0,0,0,1,0,1,1,1,0,0,0,1,1,0,0,1,0,0,1,0,0,0,0,0,0,0,1,1,0,1,1,1,1,1,1,1,1,1,0,0,0,0,0,0,0,0,0,0,0,0,1,0,0,0,0,0,1,0,0,1,1,0,1,1,0,1,0,0
1383,2026-06-26,Lubero,Bukenye,Masereka,Homme,Plus de 41 ans,Famille d'accueil,,2,Oui,Coopérative,9,2,2,3,2,0,Oui,,0.1,,0.1,Oui,3,Modérée,Petits producteurs peu diversifiés,E09,9.4,True,0,0,0,0,0,1,0,1,0,0,0,0,0,0,0,0,0,0,0,0,0,0,0,0,0,0,0,0,0,0,1,1,0,0,0,1,0,1,0,1,0,0,0,1,0,0,0,1,0,0,0,0,0,0,1,0,0,0,0,0,0,1,0,0,0,0,0,0,0,0,0,0,0,1,0,1,1
1384,2026-06-26,Lubero,Bukenye,Masereka,Femme,26 à 35 ans,Ménage retourné,Moins de 6 mois,,Oui,Association,11,4,3,1,3,0,Non,Oui,,2.16,2.16,Oui,4,Modérée,Maraîchers pomme de terre,E10,10.1,True,0,0,1,0,0,1,1,1,0,0,0,0,1,0,1,0,1,0,0,0,1,0,0,0,0,0,0,1,0,1,0,0,0,0,0,1,1,0,0,1,1,0,0,1,1,1,0,0,0,0,0,0,0,0,1,0,0,0,0,0,0,0,0,0,0,0,0,0,0,1,0,1,1,1,0,0,0
1385,2026-06-26,Lubero,Buyora/Luotu,Luotu,Femme,Plus de 41 ans,Famille d'accueil,,1,Non,,5,1,1,1,2,0,Non,Oui,,0.1,0.1,Oui,4,Modérée,Maraîchers pomme de terre,E13,13.2,False,0,1,0,0,0,0,1,0,0,0,0,0,0,0,1,0,0,0,0,0,1,0,0,0,1,0,0,1,0,0,0,0,0,0,0,1,1,0,0,1,1,0,0,1,1,0,0,0,0,0,0,0,0,0,0,0,0,0,0,1,0,0,1,0,0,0,0,0,0,1,0,1,0,0,1,1,0
1386,2026-06-26,Lubero,Bukenye,Masereka,Femme,18 à 25 ans,Ménage retourné,Moins de 6 mois,,Oui,Association,6,1,1,2,2,0,Non,Oui,,0.05,0.05,Non,4,Modérée,Maraîchers pomme de terre,E10,6.6,True,0,0,0,0,0,0,0,0,0,0,0,0,1,0,1,0,1,0,0,0,1,0,0,0,0,0,0,0,0,0,0,0,0,0,0,1,0,0,0,1,0,0,0,1,1,0,0,0,0,0,0,0,0,0,1,0,0,0,0,0,0,0,1,0,0,0,0,0,0,1,0,1,1,0,0,1,0
1387,2026-06-26,Lubero,Bukenye,Kitsimba,Homme,Plus de 41 ans,Famille d'accueil,,2,Oui,Association,27,4,5,8,10,1,Non,Oui,,0.75,0.75,Oui,4,Modérée,Maraîchers pomme de terre,E06,17.1,True,0,0,0,0,0,0,0,1,1,0,0,0,1,0,1,1,1,0,0,0,1,1,0,0,1,0,0,1,0,0,0,0,0,0,0,1,1,0,1,1,1,1,1,1,1,1,1,0,0,0,0,0,0,0,0,0,0,0,0,1,0,0,0,0,0,1,1,0,1,0,1,1,0,1,0,0,1
1388,2026-06-26,Lubero,Bukenye,Masereka,Homme,Plus de 41 ans,Famille d'accueil,,3,Non,,18,3,3,6,6,0,Oui,,0.125,,0.125,Non,4,Modérée,Petits producteurs peu diversifiés,E09,26.4,True,0,0,0,0,0,0,0,1,0,0,0,0,0,0,0,0,0,0,0,0,0,0,0,0,0,0,0,0,0,0,0,0,0,0,0,1,0,0,0,1,0,0,0,1,0,0,0,1,0,0,0,0,0,0,1,0,0,0,0,0,0,1,0,0,0,0,0,0,0,0,0,0,0,1,1,1,1
1389,2026-06-26,Lubero,Bukenye,Masereka,Femme,Plus de 41 ans,Ménage retourné,Moins de 6 mois,,Oui,Association,11,3,3,2,3,0,Oui,,2.2,,2.2,Non,3,Modérée,Maraîchers pomme de terre,E10,7.1,True,0,0,1,0,0,1,1,0,0,0,0,0,1,0,1,0,1,0,0,0,0,0,0,0,0,0,0,0,0,0,0,0,0,0,0,1,0,0,0,1,0,0,0,1,1,1,0,0,0,0,0,0,0,0,1,0,0,0,0,0,0,0,0,0,0,0,0,0,0,1,0,0,1,1,0,0,0
1390,2026-06-26,Lubero,Bukenye,Masereka,Femme,26 à 35 ans,Ménage retourné,Moins de 6 mois,,Non,,5,1,1,2,1,0,Oui,,0.3,,0.3,Oui,3,Modérée,Maraîchers pomme de terre,E10,5.2,True,0,0,0,0,0,1,0,0,0,0,0,0,1,0,1,0,1,0,0,0,0,0,0,0,0,0,0,1,0,0,0,0,0,0,0,1,1,0,0,1,1,0,0,1,1,1,0,0,0,0,0,0,0,0,0,0,0,0,0,0,0,0,1,0,0,0,0,0,0,1,0,0,1,0,1,0,0
1391,2026-06-26,Lubero,Bukenye,Masereka,Femme,Plus de 41 ans,Famille d'accueil,,7,Oui,Association,7,3,3,,1,0,Non,Oui,,0.05,0.05,Oui,4,Modérée,Maraîchers pomme de terre,E10,8.0,True,0,0,0,0,0,0,0,0,0,0,0,0,1,0,1,0,1,0,0,0,1,0,0,0,0,0,0,1,1,0,0,0,0,0,0,1,1,0,0,1,1,0,0,1,1,0,1,0,0,0,0,0,0,0,1,0,0,0,0,0,0,0,1,0,0,0,0,0,0,1,0,1,0,0,0,1,1
1392,2026-06-26,Lubero,Bukenye,Masereka,Homme,Plus de 41 ans,Ménage retourné,1 à 2 ans,,Non,,10,3,4,2,1,0,Oui,,0.3,,0.3,Oui,2,Faible,Maraîchers pomme de terre,E02,8.2,True,0,0,0,0,0,0,0,1,0,0,0,0,1,0,1,0,1,0,0,0,1,0,0,0,0,0,0,1,0,0,0,0,0,0,0,1,0,0,0,1,0,0,0,1,0,0,0,1,0,0,0,0,0,0,1,0,0,0,0,0,0,0,0,0,0,1,0,0,0,0,0,0,0,1,1,0,0
1393,2026-06-26,Lubero,Bukenye,Kitsimba,Homme,Plus de 41 ans,Famille d'accueil,,5,Oui,Association,29,2,6,13,8,1,Non,Oui,,0.75,0.75,Oui,4,Modérée,Maraîchers pomme de terre,E06,18.7,True,0,0,0,0,0,0,0,1,1,0,0,0,1,0,1,1,1,0,0,0,1,1,0,0,1,0,0,1,0,0,0,0,0,0,0,1,1,0,1,1,1,1,1,1,1,1,1,0,0,0,0,0,0,0,0,0,0,0,0,1,1,0,0,0,0,1,0,0,1,0,1,1,0,1,0,0,1
1394,2026-06-26,Lubero,Bukenye,Masereka,Femme,Plus de 41 ans,Ménage retourné,1 à 2 ans,,Oui,Association,6,1,1,2,2,0,Oui,,0.3,,0.3,Oui,1,Faible,Maraîchers pomme de terre,E10,5.8,True,0,0,0,0,0,0,0,0,0,0,0,0,1,0,1,0,1,0,0,0,1,0,0,0,0,0,0,1,1,1,0,0,0,0,0,1,1,0,0,1,1,0,0,1,1,0,0,0,0,0,0,0,0,0,1,0,0,0,0,0,0,0,0,0,0,0,0,0,0,1,0,0,0,0,0,0,0
1395,2026-06-26,Lubero,Bukenye,Masereka,Homme,18 à 25 ans,Ménage retourné,1 à 2 ans,,Oui,Association,3,1,1,0,1,0,Oui,,0.06,,0.06,Oui,1,Faible,Maraîchers pomme de terre,E02,5.7,True,0,0,0,0,0,1,0,0,0,0,0,0,1,0,1,0,1,0,0,0,0,0,0,0,0,0,0,1,0,0,0,0,0,0,0,1,0,0,0,1,0,0,0,1,0,0,0,1,0,0,0,0,0,0,1,0,0,0,0,0,0,0,0,0,0,0,0,0,0,0,0,0,0,0,0,1,0
1396,2026-06-26,Lubero,Bukenye,Masereka,Femme,36 à 40 ans,Famille d'accueil,,8,Non,,8,,4,4,,0,Non,Oui,,0.3,0.3,Non,4,Modérée,Maraîchers pomme de terre,E10,9.1,True,0,0,0,0,0,0,0,0,0,0,0,0,1,0,1,0,1,0,0,0,1,0,0,0,0,0,0,0,0,0,0,0,0,0,0,1,1,0,0,1,1,0,0,1,0,0,0,0,0,0,0,0,0,0,0,0,0,0,0,0,0,0,0,0,0,0,0,0,0,1,0,1,0,0,1,0,1
1397,2026-06-26,Lubero,Bukenye,Kitsimba,Homme,36 à 40 ans,Ménage retourné,1 à 2 ans,,Oui,Association,6,1,1,2,2,0,Non,Oui,,0.2,0.2,Oui,2,Faible,Maraîchers pomme de terre,E06,10.1,True,0,0,0,0,0,0,0,1,1,0,0,0,1,0,1,1,1,0,0,0,1,1,0,0,1,0,0,0,1,0,0,0,0,0,0,1,1,0,1,1,1,1,1,1,1,1,1,0,0,0,0,0,0,0,0,0,0,0,0,1,1,0,0,0,0,1,0,0,1,0,0,1,0,0,0,1,0
1398,2026-06-26,Lubero,Buyora/Luotu,Autres villages,Homme,Plus de 41 ans,Famille d'accueil,,2,Oui,Coopérative,12,4,4,2,2,1,Oui,,0.4,,0.4,Oui,3,Modérée,Maraîchers pomme de terre,E13,18.1,False,0,1,0,0,0,0,1,0,0,0,0,0,1,0,1,0,1,0,0,0,1,0,0,0,0,0,0,1,1,0,0,0,0,0,0,1,1,0,0,1,1,0,0,1,1,0,0,1,0,0,0,0,0,0,1,0,0,0,0,0,0,0,1,0,0,0,0,0,0,0,1,0,0,1,0,0,1
1399,2026-06-26,Lubero,Bukenye,Masereka,Homme,Plus de 41 ans,Ménage retourné,plus de 2 ans,,Oui,Association,3,1,1,1,,0,Oui,,1.25,,1.25,Oui,0,Faible,Maraîchers pomme de terre,E10,11.7,True,0,0,0,0,0,1,0,1,0,0,0,0,1,0,1,0,1,0,0,0,1,0,0,0,0,0,0,0,0,0,1,1,0,0,0,1,1,0,0,1,1,0,0,1,1,0,0,0,0,0,0,0,0,0,1,0,0,0,0,0,0,0,0,0,0,0,0,0,0,0,0,0,0,0,0,0,0
1400,2026-06-26,Lubero,Bukenye,Kitsimba,Femme,36 à 40 ans,Famille d'accueil,,2,Oui,Coopérative,22,3,3,9,7,1,Non,Oui,,0.75,0.75,Oui,5,Élevée,Maraîchers pomme de terre,E06,13.1,True,0,0,0,0,0,0,0,1,1,0,0,0,1,0,1,1,1,0,0,0,1,1,0,0,1,0,0,1,0,0,0,0,0,0,0,1,1,1,0,1,1,1,1,1,1,1,1,1,0,0,0,0,0,0,1,0,0,0,1,0,1,1,0,0,0,1,0,0,0,1,1,1,0,1,0,0,1
1401,2026-06-26,Lubero,Bukenye,Masereka,Homme,26 à 35 ans,Ménage retourné,1 à 2 ans,,Oui,Coopérative,4,1,1,1,1,0,Oui,,0.15,,0.15,Oui,1,Faible,Maraîchers pomme de terre,E02,6.8,True,0,0,0,0,0,1,0,0,0,0,0,0,1,0,1,0,1,0,0,0,1,0,0,0,0,0,0,1,1,0,0,0,0,0,0,1,0,0,0,1,0,0,0,1,0,0,0,1,0,0,0,0,0,0,0,0,0,0,0,0,0,1,0,0,0,0,0,0,0,0,0,0,0,0,0,1,0
1402,2026-06-26,Lubero,Bukenye,Masereka,Homme,36 à 40 ans,Ménage retourné,Moins de 6 mois,,Oui,Association,9,2,3,4,,0,Non,Oui,,0.063,0.063,Oui,4,Modérée,Maraîchers pomme de terre,E10,12.4,True,0,0,1,0,0,0,1,1,0,0,0,0,1,0,1,0,1,0,0,0,1,0,0,0,0,0,0,0,0,0,1,0,0,0,0,1,1,0,0,1,1,0,0,1,0,0,0,0,0,0,0,0,0,0,1,0,0,0,0,0,0,1,0,0,0,0,0,0,0,0,0,1,1,1,0,1,0
1403,2026-06-26,Lubero,Bukenye,Masereka,Femme,18 à 25 ans,Ménage retourné,6 à 12 mois,,Oui,Association,1,0,1,0,0,0,Oui,,0.05,,0.05,Oui,3,Modérée,Maraîchers pomme de terre,E02,6.2,True,0,0,0,0,0,1,0,0,0,0,0,0,1,0,1,0,1,0,0,0,0,0,0,0,0,0,0,1,0,0,0,0,0,0,0,1,0,0,0,1,0,0,0,1,0,0,0,0,0,0,0,0,0,0,1,0,0,0,0,0,0,0,0,1,0,0,1,0,0,1,0,0,1,0,0,1,0
1404,2026-06-26,Lubero,Bukenye,Kitsimba,Homme,Plus de 41 ans,Famille d'accueil,,2,Oui,Organisation Paysanne,16,2,7,4,3,1,Non,Oui,,0.05,0.05,Oui,5,Élevée,Maraîchers pomme de terre,E06,15.0,True,0,0,1,0,0,0,1,1,1,0,0,0,1,0,1,1,1,0,0,0,1,0,0,0,1,0,0,1,0,1,0,0,0,0,0,1,1,0,0,1,1,0,1,1,1,1,1,0,0,0,1,0,0,0,0,0,0,0,0,0,0,0,0,0,0,1,0,0,1,0,1,1,0,1,0,1,1
1405,2026-06-26,Lubero,Buyora/Luotu,Luotu,Homme,Plus de 41 ans,Famille d'accueil,,2,Non,,11,1,3,3,4,0,Oui,,0.15,,0.15,Oui,4,Modérée,Maraîchers pomme de terre,E13,19.4,False,0,1,0,0,0,0,1,0,0,0,0,0,1,0,1,0,1,0,0,0,1,0,0,0,1,0,0,0,0,1,0,0,0,0,0,1,1,0,0,1,1,0,0,1,1,0,0,0,0,0,0,0,0,0,0,0,0,0,0,1,0,0,1,0,1,0,0,0,0,0,0,0,0,1,1,1,1
1406,2026-06-26,Lubero,Bukenye,Masereka,Femme,Plus de 41 ans,Famille d'accueil,,5,Non,,5,,1,1,3,0,Non,Oui,,1.66,1.66,Non,4,Modérée,Petits producteurs peu diversifiés,E10,6.5,True,0,0,0,0,0,0,0,1,0,0,0,0,1,0,0,0,0,0,0,0,0,0,0,0,0,0,0,0,0,0,0,0,0,0,0,1,0,0,0,1,0,0,0,1,0,0,0,0,0,0,0,0,0,0,0,0,0,0,0,0,0,0,0,0,0,0,0,0,0,1,0,1,0,0,1,0,1
1407,2026-06-26,Lubero,Bukenye,Masereka,Femme,26 à 35 ans,Famille d'accueil,,8,Oui,Association,8,1,1,2,4,0,Oui,,0.15,,0.15,Oui,3,Modérée,Maraîchers pomme de terre,E10,214.9,True,0,0,0,0,0,1,0,1,0,0,0,0,1,0,1,0,1,0,0,0,1,0,0,0,0,0,0,1,0,0,0,0,0,0,0,1,1,0,0,1,1,0,0,1,0,0,0,0,0,0,0,0,0,0,0,0,0,0,0,0,0,1,0,0,0,0,0,0,0,1,0,0,0,0,0,1,1
1408,2026-06-26,Lubero,Bukenye,Masereka,Femme,18 à 25 ans,Ménage retourné,1 à 2 ans,,Non,,4,0,2,1,1,0,Oui,,0.05,,0.05,Oui,3,Modérée,Maraîchers pomme de terre,E02,5.4,True,0,0,0,0,0,1,0,0,0,0,0,0,1,0,1,0,1,0,0,0,0,0,0,0,0,0,0,1,0,0,0,0,0,0,0,1,0,0,0,1,0,0,0,1,0,0,0,0,0,0,0,0,0,0,1,0,0,0,0,0,0,0,0,0,0,0,0,0,0,1,0,0,0,0,1,1,0
1409,2026-06-26,Lubero,Bukenye,Masereka,Femme,18 à 25 ans,Ménage retourné,6 à 12 mois,,Oui,Association,3,0,1,1,1,0,Oui,,0.05,,0.05,Oui,3,Modérée,Maraîchers pomme de terre,E02,8.4,True,0,0,0,0,1,1,1,0,0,0,0,0,1,0,1,0,1,0,0,0,0,0,0,0,0,0,0,1,1,0,0,0,0,0,0,1,0,0,0,1,0,0,0,1,0,0,0,0,0,0,0,0,0,0,1,0,0,0,0,0,0,0,1,0,0,0,0,0,0,1,0,0,1,0,0,1,0
1410,2026-06-26,Lubero,Buyora/Luotu,Luotu,Homme,Plus de 41 ans,Ménage retourné,plus de 2 ans,,Non,,6,2,1,2,1,0,Non,Oui,,0.05,0.05,Non,3,Modérée,Petits producteurs peu diversifiés,E13,35.7,False,0,1,0,0,0,0,1,1,1,0,0,0,0,0,0,0,0,0,0,0,0,0,0,0,0,0,0,0,0,0,0,0,0,0,0,1,0,0,0,1,1,0,0,1,1,0,0,1,0,0,0,0,0,0,0,0,0,0,0,0,0,0,0,0,0,0,0,0,0,0,0,1,0,0,1,1,0
1411,2026-06-26,Lubero,Bukenye,Masereka,Homme,18 à 25 ans,Ménage retourné,6 à 12 mois,,Oui,Association,3,3,0,0,0,0,Oui,,0.1,,0.1,Oui,2,Faible,Maraîchers pomme de terre,E02,7.2,True,0,0,0,0,0,1,0,0,0,0,0,0,1,0,1,0,1,0,0,0,1,0,0,0,0,0,0,1,0,1,0,0,0,0,0,1,0,0,0,1,0,0,0,1,0,0,0,0,0,0,0,0,0,0,0,0,0,0,0,0,0,1,0,0,0,0,0,0,0,0,0,0,1,0,0,1,0
1412,2026-06-26,Lubero,Bukenye,Kitsimba,Femme,Plus de 41 ans,Famille d'accueil,,2,Oui,Association,21,3,5,6,7,2,Non,Oui,,0.75,0.75,Oui,5,Élevée,Maraîchers pomme de terre,E06,14.1,True,0,0,0,0,0,1,0,1,1,0,0,0,1,0,1,1,1,0,0,0,1,0,0,0,1,0,0,1,0,0,0,0,0,0,0,1,1,0,0,1,1,1,1,1,1,1,1,0,0,0,0,0,0,0,0,0,0,0,0,1,1,0,0,0,0,1,1,0,1,1,1,1,0,1,0,0,1
1413,2026-06-26,Lubero,Bukenye,Masereka,Homme,Plus de 41 ans,Ménage retourné,6 à 12 mois,,Oui,Coopérative,5,1,2,1,1,0,Oui,,0.2,,0.2,Oui,2,Faible,Maraîchers pomme de terre,E02,7.8,True,0,0,0,0,0,0,0,1,0,0,0,0,1,0,1,0,1,0,0,0,1,0,0,0,1,0,0,1,1,0,0,0,0,0,0,1,0,0,0,1,0,0,0,1,0,0,0,0,0,0,0,0,0,0,1,0,0,0,0,0,0,1,0,0,0,0,0,0,0,0,0,0,1,0,0,1,0
1414,2026-06-26,Lubero,Bukenye,Masereka,Homme,Plus de 41 ans,Ménage retourné,6 à 12 mois,,Non,,9,1,4,1,3,0,Oui,,0.125,,0.125,Oui,4,Modérée,Maraîchers pomme de terre,E09,18.3,True,0,0,0,0,0,0,0,0,0,0,0,0,0,0,1,0,1,0,0,0,0,0,0,0,0,0,0,1,0,1,0,0,0,0,0,1,1,0,0,1,0,0,0,1,0,0,0,1,0,0,0,0,0,0,0,0,0,0,0,0,0,1,0,0,0,0,0,0,0,0,0,0,1,1,1,1,0
1415,2026-06-26,Lubero,Bukenye,Kitsimba,Femme,Plus de 41 ans,Ménage retourné,Moins de 6 mois,,Oui,Coopérative,8,2,2,2,2,1,Non,Oui,,0.075,0.075,Oui,5,Élevée,Maraîchers pomme de terre,E06,18.8,True,0,0,0,0,0,0,0,1,1,0,0,0,1,0,1,1,0,0,0,0,1,0,0,0,1,0,0,0,1,1,0,0,0,0,0,1,1,0,1,1,1,1,1,1,1,1,1,0,0,0,0,0,0,0,0,0,0,0,0,1,1,0,1,0,0,0,0,0,1,1,1,1,1,0,0,1,0
1416,2026-06-26,Lubero,Bukenye,Kitsimba,Homme,26 à 35 ans,Famille d'accueil,,2,Oui,Association,14,2,2,2,8,1,Non,Oui,,0.05,0.05,Oui,5,Élevée,Maraîchers pomme de terre,E06,18.7,True,0,0,0,0,0,0,0,1,1,0,0,0,1,0,1,1,0,0,0,0,1,1,0,0,1,0,0,0,1,0,0,0,0,0,0,1,1,0,0,1,1,1,1,1,1,1,1,0,0,0,0,0,0,0,0,0,0,0,0,1,1,0,0,0,0,1,0,0,1,0,1,1,0,1,0,1,1
1417,2026-06-26,Lubero,Bukenye,Kitsimba,Homme,26 à 35 ans,Ménage retourné,Moins de 6 mois,,Oui,Association,6,3,1,2,0,0,Non,Oui,,0.0625,0.0625,Oui,3,Modérée,Maraîchers pomme de terre,E06,14.6,True,0,0,0,0,0,0,0,1,0,0,0,0,1,0,1,1,1,0,0,0,1,0,0,0,1,0,0,0,1,0,0,0,0,0,0,1,1,0,1,1,1,1,1,1,1,1,1,0,0,0,0,0,0,0,0,0,0,0,0,0,1,0,1,0,0,1,0,0,1,0,0,1,1,0,0,1,0
1418,2026-06-26,Lubero,Bukenye,Masereka,Homme,36 à 40 ans,Famille d'accueil,,1,Non,,4,1,1,1,1,0,Oui,,0.05,,0.05,Oui,2,Faible,Petits producteurs peu diversifiés,E09,9.7,True,0,0,0,0,0,0,0,1,0,0,0,0,0,0,0,0,0,0,0,0,0,0,0,0,0,0,0,0,0,0,1,1,0,0,0,1,0,0,0,1,0,0,0,1,0,0,0,1,0,0,0,0,0,0,1,0,0,0,0,0,0,1,0,0,0,0,0,0,0,0,0,0,0,0,1,1,0
1419,2026-06-26,Lubero,Bukenye,Masereka,Homme,Plus de 41 ans,Ménage retourné,1 à 2 ans,,Oui,Coopérative,5,2,3,0,0,0,Oui,,0.3,,0.3,Oui,0,Faible,Maraîchers pomme de terre,E02,7.2,True,0,0,0,0,0,0,0,1,0,0,0,0,1,0,1,0,1,0,0,0,0,0,0,0,0,0,0,1,1,0,0,0,0,0,0,1,0,0,0,1,0,0,0,1,0,0,0,1,0,0,0,0,0,0,0,0,0,0,0,0,0,0,0,0,0,0,0,0,0,0,0,0,0,0,0,0,0
1420,2026-06-26,Lubero,Bukenye,Masereka,Femme,26 à 35 ans,Ménage retourné,Moins de 6 mois,,Non,,5,0,1,0,4,0,Oui,,0.05,,0.05,Non,4,Modérée,Maraîchers pomme de terre,E02,6.2,True,0,0,0,0,0,1,0,0,0,0,0,0,1,0,1,0,1,0,0,0,0,0,0,0,0,0,0,0,0,0,0,0,0,0,0,0,0,0,1,1,0,0,0,1,0,0,0,0,0,0,0,0,0,0,0,0,0,0,0,0,1,0,0,0,0,0,0,0,0,1,0,0,1,0,1,1,0
1421,2026-06-26,Lubero,Bukenye,Masereka,Homme,26 à 35 ans,Famille d'accueil,,1,Oui,Organisation Paysanne,6,1,1,2,2,0,Oui,,0.093,,0.093,Oui,1,Faible,Maraîchers pomme de terre,E09,20.6,True,0,0,0,0,0,0,0,0,0,0,0,0,1,0,0,0,0,0,0,0,0,0,0,0,0,0,0,1,0,0,0,0,0,0,0,0,0,0,1,1,0,0,0,1,0,1,0,1,0,0,0,0,0,0,0,0,0,0,0,0,0,1,0,0,0,0,0,0,0,0,0,0,0,0,0,1,0
1422,2026-06-26,Lubero,Bukenye,Masereka,Homme,Plus de 41 ans,Ménage retourné,1 à 2 ans,,Non,,4,2,1,0,1,0,Oui,,0.17,,0.17,Oui,2,Faible,Maraîchers pomme de terre,E02,8.2,True,0,0,0,0,0,0,0,0,0,0,0,0,1,0,0,0,0,0,0,0,0,0,0,0,0,0,0,1,0,0,0,0,0,0,0,1,0,0,0,1,0,0,0,1,0,0,0,0,0,0,0,0,0,0,0,0,0,0,0,0,0,1,0,0,0,0,0,0,0,0,0,0,0,0,1,1,0
1423,2026-06-26,Lubero,Bukenye,Masereka,Homme,Plus de 41 ans,Ménage retourné,6 à 12 mois,,Oui,Association,9,2,3,2,2,0,Oui,,0.2,,0.2,Oui,3,Modérée,Maraîchers pomme de terre,E02,12.6,True,0,0,0,0,0,1,0,1,0,0,0,0,1,0,1,0,1,0,0,0,1,0,0,0,0,0,0,1,1,0,0,0,0,0,0,1,0,0,0,1,0,0,0,1,0,0,0,0,0,0,0,0,0,0,0,0,0,0,0,0,1,1,0,1,0,0,1,0,0,0,0,0,1,1,0,1,0
1424,2026-06-26,Lubero,Bukenye,Masereka,Homme,Plus de 41 ans,Ménage retourné,1 à 2 ans,,Non,,8,2,1,3,2,0,Oui,,0.15,,0.15,Oui,2,Faible,Maraîchers pomme de terre,E09,11.8,True,0,0,0,0,0,0,0,0,0,0,0,0,1,0,0,0,0,0,0,0,0,0,0,0,0,0,0,1,0,1,1,1,0,0,0,1,1,0,0,1,0,0,0,1,0,0,0,0,0,0,0,0,0,0,1,0,0,0,0,0,0,1,0,0,0,0,0,0,0,0,0,0,0,0,1,1,0
1425,2026-06-26,Lubero,Bukenye,Masereka,Femme,36 à 40 ans,Famille d'accueil,,1,Oui,Coopérative,6,0,1,4,1,0,Oui,,0.15,,0.15,Oui,2,Faible,Maraîchers pomme de terre,E02,11.5,True,0,0,0,0,0,0,0,0,0,0,0,0,1,0,1,0,1,0,0,0,0,0,0,0,0,0,0,1,1,0,0,0,0,0,0,1,0,0,0,1,0,0,0,1,0,0,0,1,0,0,0,0,0,0,0,0,0,0,0,0,0,0,0,1,0,0,1,0,0,1,0,0,0,0,0,1,0
1426,2026-06-26,Lubero,Bukenye,Masereka,Femme,Plus de 41 ans,Ménage retourné,plus de 2 ans,,Oui,Coopérative,6,2,1,1,2,0,Oui,,0.1,,0.1,Oui,2,Faible,Petits producteurs peu diversifiés,E09,11.0,True,0,0,0,0,0,0,0,1,0,0,0,0,0,0,0,0,0,0,0,0,0,0,0,0,0,0,0,0,0,0,1,1,0,0,0,1,1,0,0,1,0,0,0,0,0,1,0,1,0,0,0,0,0,0,0,0,0,0,0,0,0,1,0,0,0,0,0,0,0,1,0,0,0,0,0,1,0
1427,2026-06-26,Lubero,Bukenye,Masereka,Femme,18 à 25 ans,Ménage retourné,6 à 12 mois,,Oui,Association,4,1,1,0,2,0,Oui,,0.15,,0.15,Oui,3,Modérée,Maraîchers pomme de terre,E02,8.8,True,0,0,0,0,0,0,0,0,0,0,0,0,1,0,1,0,1,0,0,0,0,0,0,0,0,0,0,1,1,0,0,0,0,0,0,1,0,0,0,1,0,0,0,1,0,0,0,1,0,0,0,0,0,0,0,0,0,0,0,0,0,0,0,1,0,0,1,0,0,1,0,0,1,0,0,1,0
1428,2026-06-26,Lubero,Bukenye,Masereka,Homme,Plus de 41 ans,Ménage retourné,6 à 12 mois,,Oui,Association,9,3,2,0,4,0,Non,Oui,,0.2,0.2,Non,4,Modérée,Petits producteurs peu diversifiés,E09,12.0,True,0,0,0,0,0,1,0,1,0,0,0,0,0,0,0,0,0,0,0,0,0,0,0,0,0,0,0,0,0,0,0,0,0,0,0,1,0,0,0,0,0,0,1,1,1,0,0,1,0,0,0,0,0,0,0,0,0,0,0,0,0,1,0,0,0,0,0,0,0,0,0,1,1,1,0,1,0
1429,2026-06-26,Lubero,Bukenye,Masereka,Homme,36 à 40 ans,Ménage retourné,1 à 2 ans,,Oui,Association,7,1,1,3,2,0,Non,Oui,,0.93,0.93,Oui,1,Faible,Maraîchers pomme de terre,E09,8.6,True,0,0,0,0,0,1,0,0,0,0,0,0,0,0,1,0,0,0,0,0,0,0,0,0,1,0,0,1,0,0,0,0,0,0,0,0,0,0,1,1,0,0,0,1,0,1,0,1,0,0,0,0,0,0,0,0,0,0,0,0,0,1,0,0,0,0,0,0,0,0,0,1,0,0,0,0,0
1430,2026-06-26,Lubero,Bukenye,Masereka,Homme,Plus de 41 ans,Famille d'accueil,,1,Oui,Association,2,2,0,0,0,0,Oui,,0.1,,0.1,Oui,1,Faible,Petits producteurs peu diversifiés,E09,7.2,True,0,0,0,0,0,1,0,1,0,0,0,0,0,0,0,0,0,0,0,0,0,0,0,0,0,0,0,1,1,0,0,0,0,0,0,1,1,1,0,0,1,0,0,1,0,0,0,0,0,0,0,0,0,0,0,0,0,0,0,1,0,1,0,0,0,0,0,0,0,0,0,0,0,0,0,1,0
1431,2026-06-26,Lubero,Bukenye,Masereka,Homme,Plus de 41 ans,Ménage retourné,Moins de 6 mois,,Oui,Association,6,1,1,4,0,0,Oui,,0.1,,0.1,Non,2,Faible,Maraîchers pomme de terre,E02,9.5,True,0,0,0,0,0,0,0,0,0,0,0,0,0,0,1,0,1,0,0,0,1,0,0,0,0,0,0,0,0,0,0,0,0,0,0,1,0,0,0,1,0,0,0,1,0,0,0,1,0,0,0,0,0,0,0,0,0,0,0,0,0,0,0,1,0,0,1,0,0,0,0,0,1,0,0,1,0
1432,2026-06-26,Lubero,Buyora/Luotu,Luotu,Femme,Plus de 41 ans,Famille d'accueil,,2,Oui,Organisation Paysanne,8,2,2,1,3,0,Non,Oui,,0.1,0.1,Oui,4,Modérée,Maraîchers pomme de terre,E13,804.7,False,0,1,0,0,0,0,1,1,0,0,0,0,1,0,1,0,1,0,0,0,1,0,0,0,0,0,0,1,1,0,0,0,0,0,0,1,1,0,0,1,1,0,0,1,1,0,0,0,0,0,0,0,0,0,0,0,0,0,0,0,0,0,0,0,1,0,0,0,0,1,0,1,0,0,0,1,1
1433,2026-06-26,Lubero,Bukenye,Masereka,Homme,Plus de 41 ans,Ménage retourné,6 à 12 mois,,Non,,7,1,1,1,4,0,Oui,,0.1,,0.1,Oui,3,Modérée,Maraîchers pomme de terre,E02,7.3,True,0,0,0,0,0,0,0,0,0,0,0,0,1,0,1,0,1,0,0,0,1,0,0,0,0,0,0,1,0,0,0,0,0,0,0,1,0,0,0,1,0,0,0,1,0,0,0,1,0,0,0,0,0,0,0,0,0,0,0,0,0,0,0,1,0,0,1,0,0,0,0,0,1,0,1,1,0
1434,2026-06-27,Beni,Bolema,Mbongya,Femme,Plus de 41 ans,Ménage retourné,6 à 12 mois,,Non,,9,1,1,3,4,0,Non,Oui,,0.25,0.25,Oui,5,Élevée,Petits producteurs peu diversifiés,E14,196.3,True,0,0,0,0,0,0,0,1,1,0,0,0,0,0,0,0,0,0,0,0,0,0,0,0,0,0,0,1,0,0,0,0,0,0,0,1,0,0,0,1,0,0,0,1,1,0,0,0,1,0,0,0,0,0,0,0,0,0,0,0,0,1,0,0,0,0,0,0,0,1,0,1,1,1,1,0,0
1435,2026-06-27,Lubero,Bukenye,Masereka,Femme,Plus de 41 ans,Ménage retourné,6 à 12 mois,,Oui,Coopérative,8,2,3,1,2,0,Oui,,0.15,,0.15,Oui,3,Modérée,Maraîchers pomme de terre,E02,15.0,True,0,0,0,0,0,1,0,0,0,0,0,0,1,0,1,0,1,0,0,0,0,0,0,0,0,0,0,1,0,0,0,0,0,0,0,1,0,0,0,1,0,0,0,1,0,0,0,1,0,0,0,0,0,0,1,0,0,0,0,0,0,0,0,1,0,0,1,0,0,1,0,0,1,0,0,1,0
1436,2026-06-27,Lubero,Bukenye,Masereka,Femme,26 à 35 ans,Ménage retourné,6 à 12 mois,,Non,,11,3,3,3,2,0,Oui,,0.1,,0.1,Oui,5,Élevée,Maraîchers pomme de terre,E02,9.0,True,0,0,0,0,0,0,0,0,0,0,0,0,1,0,1,0,1,0,0,0,0,0,0,0,0,0,0,1,0,0,0,0,0,0,0,1,0,0,0,1,0,0,0,1,0,0,0,0,0,0,0,0,0,0,0,0,0,0,0,0,0,1,0,0,0,0,0,0,0,1,0,0,1,1,1,1,0
1437,2026-06-27,Lubero,Bukenye,Masereka,Homme,Plus de 41 ans,Ménage retourné,1 à 2 ans,,Oui,Coopérative,5,2,0,2,1,0,Oui,,0.2,,0.2,Oui,1,Faible,Maraîchers pomme de terre,E02,15.5,True,0,0,0,0,0,0,0,0,0,0,0,0,1,0,1,0,1,0,0,0,0,0,0,0,0,0,0,1,1,0,0,0,0,0,0,1,0,0,0,1,0,0,0,1,1,0,0,0,0,0,0,0,0,0,0,0,0,0,0,0,0,0,0,0,0,0,0,0,0,0,0,0,0,0,0,1,0
1438,2026-06-27,Lubero,Bukenye,Masereka,Femme,26 à 35 ans,Ménage retourné,Moins de 6 mois,,Oui,Association,6,1,1,1,3,0,Oui,,0.05,,0.05,Oui,3,Modérée,Maraîchers pomme de terre,E02,9.7,True,0,0,0,0,0,0,0,0,0,0,0,0,1,0,1,0,1,0,0,0,0,0,0,0,0,0,0,1,1,1,0,0,0,0,0,1,0,0,0,1,0,0,0,1,0,0,0,0,0,0,0,0,0,0,1,0,0,0,0,0,0,0,0,1,0,0,1,0,0,1,0,0,1,0,0,1,0
1439,2026-06-27,Lubero,Bukenye,Masereka,Femme,36 à 40 ans,Ménage retourné,6 à 12 mois,,Oui,Coopérative,6,0,2,2,2,0,Oui,,0.12,,0.12,Oui,3,Modérée,Maraîchers pomme de terre,E02,7.1,True,0,0,0,0,0,0,0,0,0,0,0,0,1,0,1,0,1,0,0,0,0,0,0,0,0,0,0,1,0,1,0,0,0,0,0,1,0,0,0,1,0,0,0,1,1,0,0,1,0,0,0,0,0,0,0,0,0,0,0,0,0,1,0,0,0,0,0,0,0,1,0,0,1,0,0,1,0
1440,2026-06-27,Lubero,Bukenye,Masereka,Femme,Plus de 41 ans,Famille d'accueil,,1,Oui,Association,5,1,1,2,1,0,Oui,,0.2,,0.2,Oui,2,Faible,Maraîchers pomme de terre,E02,9.2,True,0,0,0,0,0,0,0,0,0,0,0,0,1,0,1,0,1,0,0,0,1,0,0,0,0,0,0,0,1,0,0,0,0,0,0,1,0,0,0,1,0,0,0,1,0,0,0,1,0,0,0,0,0,0,0,0,0,0,0,0,0,0,0,0,0,1,1,0,0,1,0,0,0,0,0,1,0
1441,2026-06-27,Lubero,Bukenye,Masereka,Homme,26 à 35 ans,Ménage retourné,6 à 12 mois,,Non,,6,1,1,1,3,0,Oui,,0.05,,0.05,Oui,3,Modérée,Maraîchers pomme de terre,E02,11.2,True,0,0,0,0,0,0,0,0,0,0,0,0,1,0,1,0,1,0,0,0,1,0,0,0,0,0,0,1,0,0,0,0,0,0,0,1,0,0,0,1,0,0,0,1,0,0,0,1,0,0,0,0,0,0,1,0,0,0,0,0,0,0,0,1,0,0,1,0,0,0,0,0,1,0,1,1,0
1442,2026-06-27,Lubero,Bukenye,Masereka,Homme,Plus de 41 ans,Ménage retourné,6 à 12 mois,,Non,,12,4,3,3,2,0,Oui,,0.1,,0.1,Oui,4,Modérée,Maraîchers pomme de terre,E02,9.7,True,0,0,0,0,0,0,0,0,1,0,0,0,1,0,1,0,1,0,0,0,0,0,0,0,0,0,0,1,1,0,0,0,0,0,0,1,0,0,0,1,0,0,0,1,0,0,0,1,0,0,0,0,0,0,1,0,0,0,0,0,0,0,0,1,0,0,1,0,0,0,0,0,1,1,1,1,0
1443,2026-06-27,Lubero,Bukenye,Masereka,Femme,Plus de 41 ans,Famille d'accueil,,1,Oui,Association,3,1,1,0,1,0,Oui,,0.1,,0.1,Oui,2,Faible,Maraîchers pomme de terre,E02,7.1,True,0,0,0,0,0,0,0,0,0,0,0,0,1,0,1,0,1,0,0,0,0,0,0,0,0,0,0,1,0,0,0,0,0,0,0,1,0,0,0,1,0,0,0,1,0,0,0,0,0,0,0,0,0,0,1,0,0,0,0,0,0,0,0,1,0,0,1,0,0,1,0,0,0,0,0,1,0
1444,2026-06-27,Lubero,Bukenye,Masereka,Homme,Plus de 41 ans,Famille d'accueil,,11,Oui,Association,11,5,3,2,1,1,Oui,,1.5,,1.5,Oui,3,Modérée,Maraîchers pomme de terre,E10,14.7,True,0,0,0,0,0,0,0,0,0,0,0,0,1,0,0,1,0,0,0,0,0,0,0,0,0,0,0,0,0,1,1,1,0,0,0,1,1,0,0,1,1,0,0,1,1,1,0,0,0,0,0,0,0,0,1,0,0,0,0,0,0,1,0,0,0,0,0,0,0,0,1,0,0,1,0,0,1
1445,2026-06-27,Lubero,Buyora/Luotu,Luotu,Femme,Plus de 41 ans,Famille d'accueil,,2,Non,,11,3,2,4,2,1,Non,Oui,,0.15,0.15,Oui,7,Élevée,Maraîchers pomme de terre,E13,14.1,False,0,1,1,0,0,1,2,0,0,0,0,0,1,0,1,0,0,0,0,0,1,0,0,0,1,0,0,0,1,0,0,0,0,0,0,1,1,0,0,1,1,0,0,1,0,0,0,0,0,0,0,0,0,0,1,0,0,0,0,0,0,0,0,0,0,0,0,0,0,1,1,1,0,1,1,1,1
1446,2026-06-27,Lubero,Bukenye,Masereka,Homme,Plus de 41 ans,Ménage retourné,Moins de 6 mois,,Non,,5,2,1,,2,0,Oui,,1.5,,1.5,Oui,2,Faible,Maraîchers pomme de terre,E10,49.6,True,0,0,1,0,0,1,1,0,0,0,0,0,0,0,1,0,1,0,0,0,0,0,0,0,0,0,0,0,0,0,1,1,0,0,0,1,1,0,0,1,1,0,0,1,1,0,0,0,0,0,0,0,0,0,1,0,0,0,0,0,0,1,0,0,0,0,0,0,0,0,0,0,1,0,1,0,0
1447,2026-06-27,Lubero,Buyora/Luotu,Luotu,Homme,36 à 40 ans,Famille d'accueil,,3,Non,,7,2,3,1,1,1,Non,Oui,,0.2,0.2,Oui,5,Élevée,Maraîchers pomme de terre,E13,18.5,False,0,1,0,0,0,0,1,1,1,0,0,0,1,0,1,0,0,0,0,0,1,0,0,0,1,0,0,1,1,0,0,0,0,0,0,1,1,0,0,1,1,0,0,1,1,0,0,0,0,0,0,0,0,0,0,0,0,0,0,0,0,0,1,0,0,0,0,0,0,0,1,1,0,0,1,1,1
1448,2026-06-27,Lubero,Bukenye,Ngumbati,Femme,36 à 40 ans,Ménage retourné,6 à 12 mois,,Oui,Association,6,1,2,2,1,0,Oui,,0.05,,0.05,Oui,3,Modérée,Maraîchers pomme de terre,E02,10.0,True,0,0,0,0,0,0,0,0,0,0,0,0,0,0,1,0,0,0,0,0,1,0,0,0,0,0,0,0,0,1,0,0,0,0,0,0,0,0,1,1,0,0,0,1,0,0,0,0,0,0,0,0,0,0,0,0,0,0,0,0,1,1,0,0,0,0,0,0,0,1,0,0,1,0,0,1,0
1449,2026-06-27,Lubero,Buyora/Luotu,Autres villages,Homme,Plus de 41 ans,Ménage retourné,6 à 12 mois,,Non,,7,1,1,3,2,0,Non,Oui,,0.05,0.05,Non,4,Modérée,Petits producteurs peu diversifiés,E13,12.5,False,0,1,0,0,0,0,1,1,1,0,0,0,1,0,0,0,0,0,0,0,0,0,0,0,0,0,0,0,0,0,0,0,0,0,0,1,0,0,0,1,0,0,1,1,1,0,0,0,0,0,0,0,0,0,0,0,0,0,0,0,1,0,1,0,0,0,0,0,0,0,0,1,1,0,1,1,0
1450,2026-06-27,Lubero,Bukenye,Ngumbati,Femme,Plus de 41 ans,Famille d'accueil,,2,Oui,Association,8,1,5,0,2,0,Oui,,0.1,,0.1,Oui,3,Modérée,Maraîchers pomme de terre,E02,11.1,True,0,0,0,0,0,0,0,0,0,0,0,0,1,0,1,0,0,0,0,0,1,0,0,0,1,0,0,0,1,1,0,0,0,0,0,1,0,0,0,1,0,0,0,1,0,0,0,1,0,0,0,0,0,0,1,0,0,0,0,0,0,0,0,0,0,1,0,0,0,1,0,0,0,0,0,1,1
1451,2026-06-27,Lubero,Bukenye,Masereka,Femme,26 à 35 ans,Ménage retourné,Moins de 6 mois,,Oui,Association,4,1,1,1,1,0,Non,Oui,,0.025,0.025,Oui,4,Modérée,Maraîchers pomme de terre,E09,10.2,True,0,0,0,0,0,0,0,0,0,0,0,0,1,0,0,0,0,0,0,0,0,0,0,0,0,0,0,1,1,0,0,0,0,0,0,1,0,0,0,1,0,0,0,1,0,1,0,1,0,0,0,0,0,0,1,0,0,0,0,0,0,1,0,0,0,0,0,0,0,1,0,1,1,0,0,1,0
1452,2026-06-27,Lubero,Bukenye,Ngumbati,Femme,Plus de 41 ans,Famille d'accueil,,1,Non,,4,0,1,1,2,0,Oui,,0.15,,0.15,Oui,3,Modérée,Maraîchers pomme de terre,E02,9.3,True,0,0,0,0,0,0,0,0,0,0,0,0,1,0,1,0,0,0,0,0,1,0,0,0,1,0,0,1,0,0,0,0,0,0,0,1,0,0,0,1,0,0,0,1,0,0,0,1,0,0,0,0,0,0,0,0,0,0,0,0,0,0,0,1,0,0,1,0,0,1,0,0,0,0,1,1,0
1453,2026-06-27,Lubero,Bukenye,Masereka,Homme,Plus de 41 ans,Ménage retourné,Moins de 6 mois,,Oui,Coopérative,3,1,1,,1,0,Oui,,0.75,,0.75,Oui,1,Faible,Maraîchers pomme de terre,E10,7.4,True,0,0,0,0,0,1,0,1,0,0,0,0,1,0,1,1,1,0,0,0,0,0,0,0,0,0,0,0,0,0,1,1,0,0,0,1,1,0,0,1,1,0,0,1,1,0,0,0,0,0,0,0,0,0,1,0,0,0,0,0,0,1,0,0,0,0,0,0,0,0,0,0,1,0,0,0,0
1454,2026-06-27,Lubero,Bukenye,Masereka,Femme,Plus de 41 ans,Famille d'accueil,,1,Oui,Association,3,0,3,0,0,0,Oui,,0.05,,0.05,Oui,2,Faible,Maraîchers pomme de terre,E09,9.1,True,0,0,0,0,0,1,0,0,0,0,0,0,1,0,1,0,1,0,0,0,0,0,0,0,0,0,0,1,0,0,0,0,0,0,0,1,0,0,0,1,0,0,0,1,0,1,0,1,0,0,0,0,0,0,1,0,0,0,0,0,0,1,0,0,0,0,0,0,0,1,0,0,0,0,0,1,0
1455,2026-06-27,Lubero,Bukenye,Ngumbati,Femme,26 à 35 ans,Famille d'accueil,,5,Oui,Association,13,4,4,2,3,1,Oui,,0.15,,0.15,Oui,5,Élevée,Maraîchers pomme de terre,E02,13.6,True,0,0,0,0,0,0,0,1,0,0,0,0,1,0,1,0,0,0,0,0,1,0,0,0,0,0,0,0,0,1,0,0,0,0,0,1,0,0,0,1,0,0,0,1,1,0,0,0,0,0,0,0,0,0,1,0,0,0,0,0,0,0,1,0,0,1,0,0,0,1,1,0,0,1,0,1,1
1456,2026-06-27,Lubero,Bukenye,Masereka,Homme,Plus de 41 ans,Famille d'accueil,,10,Oui,Association,10,3,5,2,,1,Oui,,1.66,,1.66,Oui,3,Modérée,Maraîchers pomme de terre,E10,11.5,True,0,0,0,0,0,1,0,0,0,0,0,0,1,0,1,0,1,0,0,0,1,0,0,0,0,0,0,1,1,1,1,1,1,0,0,1,1,0,0,1,1,0,0,1,1,1,1,0,0,0,0,0,0,0,0,0,0,0,0,0,0,1,0,0,0,0,0,0,0,0,1,0,0,1,0,0,1
1457,2026-06-27,Lubero,Bukenye,Irangira,Femme,Plus de 41 ans,Ménage retourné,Moins de 6 mois,,Oui,Organisation Paysanne,8,2,1,3,2,0,Non,Oui,,1.0,1.0,Oui,3,Modérée,Maraîchers pomme de terre,E06,24.8,True,0,0,0,0,0,0,0,0,0,0,0,0,1,0,0,1,0,0,0,0,0,0,0,0,0,0,0,1,1,0,0,0,0,0,0,1,1,0,1,1,1,1,1,1,1,1,1,0,0,0,0,0,0,0,0,0,0,0,0,0,0,0,0,0,0,1,0,0,1,1,0,1,1,0,0,0,0
1458,2026-06-27,Lubero,Bukenye,Masereka,Femme,Plus de 41 ans,Ménage retourné,1 à 2 ans,,Oui,Organisation Paysanne,10,4,3,1,2,0,Oui,,0.1,,0.1,Oui,3,Modérée,Maraîchers pomme de terre,E09,8.3,True,0,0,0,0,0,1,0,0,0,0,0,0,0,0,1,0,0,0,0,0,1,0,0,0,0,0,0,1,1,0,1,1,1,0,0,1,0,0,0,1,0,0,0,1,0,1,0,1,0,0,0,0,0,0,0,0,0,0,0,0,0,1,0,0,0,0,0,0,0,1,0,0,0,1,0,1,0
1459,2026-06-27,Lubero,Bukenye,Masereka,Femme,Plus de 41 ans,Famille d'accueil,,7,Oui,Association,8,1,2,4,1,0,Oui,,0.1,,0.1,Oui,3,Modérée,Maraîchers pomme de terre,E10,11.8,True,0,0,0,0,0,1,0,1,0,0,0,0,1,0,1,0,1,0,0,0,1,0,0,0,0,0,0,1,1,0,1,1,0,0,0,1,1,0,0,1,1,0,0,1,1,1,0,1,0,0,0,0,0,0,1,0,0,0,0,0,0,1,0,0,0,0,0,0,0,1,0,0,0,0,0,1,1
1460,2026-06-27,Lubero,Bukenye,Ngumbati,Femme,Plus de 41 ans,Famille d'accueil,,2,Non,,10,2,5,2,1,0,Oui,,0.06,,0.06,Non,5,Élevée,Petits producteurs peu diversifiés,E02,13.4,True,0,0,0,0,0,0,0,1,1,0,0,0,0,0,0,0,0,0,0,0,0,0,0,0,0,0,0,0,0,0,0,0,0,0,0,0,0,0,1,1,0,0,0,1,0,0,0,0,0,0,0,0,0,0,1,0,0,0,0,0,0,0,0,0,0,0,0,0,0,1,0,0,0,1,1,1,1
1461,2026-06-27,Lubero,Bukenye,Masereka,Homme,Plus de 41 ans,Famille d'accueil,,1,Oui,Organisation Paysanne,11,1,1,4,5,0,Oui,,0.3,,0.3,Oui,1,Faible,Maraîchers pomme de terre,E09,8.4,True,0,0,0,0,0,1,0,0,0,0,0,0,1,0,1,0,1,0,0,0,1,0,0,0,0,0,0,1,1,1,1,1,1,0,0,1,0,0,0,1,0,1,0,1,1,0,0,1,0,0,0,0,0,0,0,0,0,0,0,0,0,1,0,0,0,0,0,0,0,0,0,0,0,1,0,0,0
1462,2026-06-27,Lubero,Buyora/Luotu,Luotu,Femme,Plus de 41 ans,Famille d'accueil,,1,Non,,9,3,3,1,2,1,Non,Oui,,0.15,0.15,Oui,6,Élevée,Maraîchers pomme de terre,E13,10.6,False,0,1,0,0,0,0,1,1,1,0,0,0,0,0,1,0,0,0,0,0,0,0,0,0,1,0,0,1,1,0,0,0,0,0,0,1,1,0,0,1,1,0,0,1,1,0,0,0,0,0,0,0,0,0,0,0,0,0,0,0,0,0,1,0,0,0,0,0,0,1,1,1,0,1,1,1,0
1463,2026-06-27,Lubero,Bukenye,Masereka,Femme,18 à 25 ans,Famille d'accueil,,10,Non,,10,4,3,1,2,1,Oui,,3.32,,3.32,Oui,5,Élevée,Maraîchers pomme de terre,E10,9.6,True,0,0,0,0,0,0,0,0,0,0,0,0,1,0,1,0,1,0,0,0,1,0,0,0,1,0,0,1,1,1,1,0,0,0,0,1,1,1,0,1,1,1,0,1,1,1,0,0,0,0,0,0,0,0,0,0,0,0,0,0,0,0,0,0,0,0,0,0,0,1,1,0,0,1,1,0,1
1464,2026-06-27,Lubero,Bukenye,Masereka,Femme,Plus de 41 ans,Famille d'accueil,,1,Oui,Organisation Paysanne,4,1,1,2,0,0,Oui,,0.05,,0.05,Oui,2,Faible,Maraîchers pomme de terre,E09,6.1,True,0,0,0,0,0,1,0,0,0,0,0,0,1,0,0,0,0,0,0,0,0,0,0,0,0,0,0,1,1,1,0,0,0,0,0,1,0,0,0,1,0,0,0,1,0,1,0,1,0,0,0,0,0,0,0,0,0,0,0,0,0,1,0,0,0,0,0,0,0,1,0,0,0,0,0,1,0
1465,2026-06-27,Lubero,Bukenye,Ngumbati,Femme,Plus de 41 ans,Famille d'accueil,,3,Oui,Association,21,5,9,3,4,1,Oui,,0.2,,0.2,Non,5,Élevée,Maraîchers pomme de terre,E02,13.1,True,0,0,0,0,0,0,0,1,0,0,0,0,1,0,1,0,0,0,0,0,1,0,0,0,0,0,0,0,0,0,0,0,0,0,0,1,0,0,0,1,0,0,0,1,0,0,0,0,0,0,0,0,0,0,1,0,0,0,0,0,0,0,0,0,0,1,1,0,0,1,1,0,0,1,0,1,1
1466,2026-06-27,Lubero,Bukenye,Irangira,Femme,Plus de 41 ans,Ménage retourné,6 à 12 mois,,Oui,Organisation Paysanne,9,5,2,1,1,0,Non,Oui,,0.625,0.625,Oui,4,Modérée,Maraîchers pomme de terre,E06,15.5,True,0,0,0,0,0,0,0,1,1,0,0,0,1,0,1,1,1,0,0,0,1,0,0,0,1,0,0,1,1,0,0,0,0,0,0,1,1,0,1,1,1,1,1,1,1,1,1,0,0,0,0,0,0,0,0,0,0,0,0,1,0,1,0,0,0,0,0,0,1,1,0,1,1,1,0,0,0
1467,2026-06-27,Lubero,Bukenye,Masereka,Femme,Plus de 41 ans,Ménage retourné,Moins de 6 mois,,Oui,Organisation Paysanne,7,0,2,2,3,0,Oui,,0.1,,0.1,Oui,3,Modérée,Petits producteurs peu diversifiés,E09,11.8,True,0,0,0,0,0,0,0,1,0,0,0,0,0,0,0,0,0,0,0,0,0,0,0,0,0,0,0,1,1,0,0,0,0,0,0,1,0,0,0,1,0,0,0,1,0,0,0,1,0,0,0,0,0,0,1,0,0,0,0,0,0,1,0,0,0,0,0,0,0,1,0,0,1,0,0,1,0
1468,2026-06-27,Lubero,Buyora/Luotu,Luotu,Homme,Plus de 41 ans,Ménage retourné,6 à 12 mois,,Non,,11,1,3,3,4,0,Non,Oui,,0.1,0.1,Non,5,Élevée,Petits producteurs peu diversifiés,E13,11.4,False,0,1,0,0,0,1,1,1,1,0,0,0,1,0,0,0,0,0,0,0,0,0,0,0,0,0,0,0,0,0,0,0,0,0,0,1,0,0,0,1,1,0,0,1,1,0,0,0,0,0,0,0,0,0,0,0,0,0,0,0,0,0,0,0,0,0,0,0,1,0,0,1,1,1,1,1,0
1469,2026-06-27,Lubero,Bukenye,Masereka,Femme,36 à 40 ans,Famille d'accueil,,8,Oui,Association,8,2,2,2,2,0,Oui,,0.15,,0.15,Oui,3,Modérée,Maraîchers pomme de terre,E10,10.2,True,0,0,0,0,0,0,0,0,0,0,0,0,1,0,1,0,1,0,0,0,1,0,0,0,1,0,0,1,1,0,1,1,0,0,0,1,1,0,0,1,1,1,0,1,1,1,0,0,0,0,0,0,0,0,0,1,0,0,1,1,0,1,0,0,0,0,0,0,0,1,0,0,0,0,0,1,1
1470,2026-06-27,Lubero,Bukenye,Ngumbati,Homme,Plus de 41 ans,Famille d'accueil,,1,Oui,Association,4,1,2,0,1,0,Oui,,0.12,,0.12,Oui,1,Faible,Maraîchers pomme de terre,E02,7.6,True,0,0,0,0,0,1,0,0,0,0,0,0,1,0,1,0,0,0,0,0,1,0,0,0,0,0,0,1,0,0,0,0,0,0,0,1,0,0,0,1,0,0,0,1,0,0,0,0,0,0,0,0,0,0,1,0,0,0,0,0,0,0,0,1,0,0,1,0,0,0,0,0,0,0,0,1,0
1471,2026-06-27,Lubero,Bukenye,Masereka,Femme,36 à 40 ans,Ménage retourné,plus de 2 ans,,Oui,Organisation Paysanne,7,1,1,4,1,0,Oui,,0.1875,,0.1875,Oui,2,Faible,Maraîchers pomme de terre,E09,8.4,True,0,0,0,0,0,1,0,0,0,0,0,0,1,0,0,0,0,0,0,0,0,0,0,0,0,0,0,0,1,0,1,1,0,0,0,1,0,0,0,1,0,0,0,0,0,1,0,1,0,0,0,0,0,0,0,0,0,0,0,0,0,1,0,0,0,0,0,0,0,1,0,0,0,0,0,1,0
1472,2026-06-27,Lubero,Bukenye,Irangira,Femme,Plus de 41 ans,Ménage retourné,6 à 12 mois,,Oui,Organisation Paysanne,9,2,1,3,3,0,Non,Oui,,0.006,0.006,Oui,5,Élevée,Maraîchers pomme de terre,E06,14.1,True,0,0,0,0,0,0,0,1,1,0,0,0,1,0,1,1,1,0,0,0,1,0,0,0,0,0,0,1,0,0,0,0,0,0,0,1,1,0,0,1,1,1,1,1,1,1,1,0,0,0,0,0,0,0,0,0,0,0,0,1,1,0,0,0,0,0,0,0,1,1,0,1,1,1,0,1,0
1473,2026-06-27,Lubero,Bukenye,Masereka,Femme,36 à 40 ans,Famille d'accueil,,5,Oui,Association,5,1,1,2,1,0,Oui,,0.1,,0.1,Oui,3,Modérée,Maraîchers pomme de terre,E10,4.8,True,1,0,0,0,0,0,1,0,0,0,0,0,1,0,1,0,1,0,0,0,1,0,0,0,0,0,0,1,1,0,1,1,0,0,0,1,1,0,0,1,1,0,0,1,1,0,0,0,0,0,0,0,0,0,0,0,0,0,0,0,0,0,1,0,0,0,0,0,0,1,0,0,0,0,0,1,1
1474,2026-06-27,Lubero,Bukenye,Ngumbati,Homme,26 à 35 ans,Famille d'accueil,,2,Non,,5,0,2,2,1,0,Oui,,0.1,,0.1,Non,3,Modérée,Maraîchers pomme de terre,E02,10.0,True,0,0,0,0,0,0,0,0,0,0,0,0,1,0,1,0,1,0,0,0,1,0,0,0,1,0,0,0,0,0,0,0,0,0,0,0,0,0,1,1,0,0,0,1,0,0,0,0,0,0,0,0,0,0,1,0,0,0,0,0,0,1,0,0,0,0,0,0,0,0,0,0,0,0,1,1,1
1475,2026-06-27,Lubero,Bukenye,Masereka,Homme,26 à 35 ans,Ménage retourné,Moins de 6 mois,,Oui,Coopérative,3,1,1,1,,0,Oui,,0.15,,0.15,Oui,2,Faible,Maraîchers pomme de terre,E10,8.8,True,0,0,0,0,0,0,0,0,0,0,0,0,1,0,1,0,1,0,0,0,1,0,0,0,0,0,0,1,1,1,1,1,0,0,0,1,1,0,0,1,1,0,0,1,1,0,0,0,0,0,0,0,0,0,1,0,0,0,0,0,0,1,0,0,0,0,0,0,0,0,0,0,1,0,0,1,0
1476,2026-06-27,Lubero,Bukenye,Masereka,Femme,36 à 40 ans,Ménage retourné,6 à 12 mois,,Non,,10,3,2,3,2,1,Oui,,0.1,,0.1,Oui,6,Élevée,Maraîchers pomme de terre,E09,11.2,True,0,0,0,0,0,0,0,0,0,0,0,0,1,0,0,0,0,0,0,0,0,0,0,0,0,0,0,1,0,1,1,1,0,0,0,1,0,0,0,1,0,0,0,1,0,0,0,1,0,0,0,0,0,0,1,0,0,0,0,0,0,1,0,0,0,0,0,0,0,1,1,0,1,1,1,1,0
1477,2026-06-27,Lubero,Buyora/Luotu,Luotu,Femme,Plus de 41 ans,Ménage retourné,6 à 12 mois,,Non,,10,2,2,3,3,0,Non,Oui,,0.05,0.05,Non,6,Élevée,Petits producteurs peu diversifiés,E13,16.9,False,0,1,0,0,0,0,1,1,0,0,0,0,0,0,1,0,0,0,0,0,0,0,0,0,1,0,0,0,0,0,0,0,0,0,0,1,0,0,0,1,1,0,0,1,1,0,0,0,0,0,0,0,0,0,0,0,0,0,0,0,1,0,1,0,0,0,0,0,0,1,0,1,1,1,1,1,0
1478,2026-06-27,Lubero,Bukenye,Masereka,Femme,18 à 25 ans,Ménage retourné,1 à 2 ans,,Oui,Association,7,3,2,1,1,0,Oui,,0.5,,0.5,Oui,1,Faible,Maraîchers pomme de terre,E10,6.3,True,0,0,0,0,0,0,0,0,0,0,0,0,1,0,1,1,1,0,0,0,1,0,0,0,0,0,0,0,1,0,0,0,0,0,0,1,1,0,0,1,1,0,0,1,1,0,0,0,0,0,0,0,0,0,1,0,0,0,0,0,0,0,1,0,0,0,0,0,0,1,0,0,0,0,0,0,0
1479,2026-06-27,Lubero,Bukenye,Irangira,Femme,26 à 35 ans,Famille d'accueil,,4,Oui,Organisation Paysanne,20,1,5,8,6,1,Non,Oui,,0.05,0.05,Oui,6,Élevée,Maraîchers pomme de terre,E06,14.6,True,0,0,0,0,0,1,0,1,1,0,0,0,1,0,1,1,1,0,0,0,0,0,0,0,0,0,0,1,0,0,0,0,0,0,0,1,1,0,1,1,1,1,1,1,1,1,1,0,0,0,0,0,0,0,0,0,0,0,0,1,1,0,0,0,0,0,0,0,1,1,1,1,0,1,0,1,1
1480,2026-06-27,Lubero,Bukenye,Ngumbati,Femme,Plus de 41 ans,Famille d'accueil,,2,Oui,Association,11,0,2,3,6,0,Oui,,0.15,,0.15,Oui,4,Modérée,Maraîchers pomme de terre,E02,10.3,True,0,0,0,0,0,0,0,0,0,0,0,0,1,0,1,0,0,0,0,0,1,0,0,0,0,0,0,1,0,0,0,0,0,0,0,1,0,0,0,1,0,0,0,1,0,0,0,1,0,0,0,0,0,0,1,0,0,0,0,0,0,0,1,0,0,1,0,0,0,1,0,0,0,1,0,1,1
1481,2026-06-27,Lubero,Bukenye,Masereka,Femme,36 à 40 ans,Ménage retourné,Moins de 6 mois,,Oui,Association,7,1,1,2,3,0,Oui,,1.66,,1.66,Oui,2,Faible,Maraîchers pomme de terre,E10,38.3,True,0,0,0,0,0,1,0,0,0,0,0,0,1,0,1,0,1,0,0,0,1,0,0,0,0,0,0,1,1,0,0,0,0,0,0,1,1,0,0,1,1,0,0,1,1,0,0,0,0,0,0,0,0,0,1,0,0,0,0,0,0,0,0,0,0,0,0,0,0,1,0,0,1,0,0,0,0
1482,2026-06-27,Lubero,Bukenye,Masereka,Femme,18 à 25 ans,Ménage retourné,1 à 2 ans,,Oui,Coopérative,4,1,1,2,0,0,Oui,,0.1,,0.1,Oui,2,Faible,Petits producteurs peu diversifiés,E09,6.2,True,0,0,0,0,0,0,0,1,0,0,0,0,0,0,0,0,0,0,0,0,0,0,0,0,0,0,0,0,1,0,1,1,0,0,0,1,0,0,0,1,0,1,0,1,0,0,0,1,0,0,0,0,0,0,0,0,0,0,0,0,0,1,0,0,0,0,0,0,0,1,0,0,0,0,0,1,0
1483,2026-06-27,Lubero,Bukenye,Ngumbati,Femme,Plus de 41 ans,Ménage retourné,6 à 12 mois,,Non,,8,1,2,0,5,0,Oui,,0.15,,0.15,Oui,4,Modérée,Maraîchers pomme de terre,E02,8.9,True,0,0,0,0,0,1,0,1,0,0,0,0,1,0,1,0,0,0,0,0,1,0,0,0,0,0,0,1,0,0,0,0,0,0,0,1,0,0,0,1,0,0,0,1,0,0,0,1,0,0,0,0,0,0,0,0,0,0,0,0,0,0,0,0,0,1,1,0,0,1,0,0,1,0,1,1,0
1484,2026-06-27,Lubero,Bukenye,Masereka,Femme,36 à 40 ans,Ménage retourné,1 à 2 ans,,Oui,Coopérative,9,1,1,6,1,0,Oui,,0.1875,,0.1875,Oui,3,Modérée,Petits producteurs peu diversifiés,E09,9.1,True,0,0,0,0,0,1,0,1,0,0,0,0,0,0,0,0,0,0,0,0,0,0,0,0,0,0,0,1,0,1,0,0,0,0,0,1,0,0,0,1,0,0,0,1,0,0,0,1,0,0,0,0,0,0,1,0,0,0,0,0,0,1,0,0,0,0,0,0,0,1,0,0,0,1,0,1,0
1485,2026-06-27,Lubero,Bukenye,Irangira,Femme,Plus de 41 ans,Ménage retourné,6 à 12 mois,,Oui,Organisation Paysanne,5,1,2,1,1,0,Non,Oui,,0.25,0.25,Oui,3,Modérée,Maraîchers pomme de terre,E06,15.8,True,0,0,1,0,0,0,1,1,1,0,0,0,1,0,1,0,1,0,0,0,0,0,0,0,0,0,0,1,1,0,1,1,0,0,0,1,1,0,1,1,1,1,1,1,1,1,1,0,0,0,0,0,0,0,0,0,0,0,0,1,1,0,0,0,0,0,0,0,1,1,0,1,1,0,0,0,0
1486,2026-06-27,Lubero,Bukenye,Ngumbati,Homme,26 à 35 ans,Ménage retourné,Moins de 6 mois,,Non,,6,1,1,2,2,0,Oui,,0.1,,0.1,Non,3,Modérée,Maraîchers pomme de terre,E02,12.0,True,0,0,0,0,0,0,0,0,0,0,0,0,1,0,1,0,1,0,0,0,1,0,0,0,0,0,0,0,0,0,0,0,0,0,0,1,0,0,0,1,0,0,0,1,0,0,0,0,0,0,0,0,0,0,1,0,0,0,0,0,0,0,1,0,0,0,1,0,0,0,0,0,1,0,1,1,0
1487,2026-06-27,Lubero,Bukenye,Ngumbati,Homme,36 à 40 ans,Famille d'accueil,,2,Oui,Association,13,3,3,3,4,0,Oui,,0.15,,0.15,Oui,3,Modérée,Maraîchers pomme de terre,E02,11.6,True,0,0,0,0,0,0,0,0,0,0,0,0,1,0,1,0,1,0,0,0,1,0,0,0,0,0,0,0,1,0,0,0,0,0,0,1,0,0,0,1,0,0,0,1,0,0,0,1,0,0,0,0,0,0,1,0,0,0,0,0,0,0,1,0,0,0,1,0,0,0,0,0,0,1,0,1,1
1488,2026-06-27,Lubero,Bukenye,Irangira,Homme,Plus de 41 ans,Ménage retourné,6 à 12 mois,,Oui,Organisation Paysanne,14,9,2,2,1,1,Non,Oui,,0.15,0.15,Non,5,Élevée,Maraîchers pomme de terre,E06,15.5,True,0,0,0,0,0,0,0,0,0,0,0,0,1,0,1,0,1,0,0,0,0,0,0,0,0,0,0,0,0,0,0,0,0,0,0,1,0,0,0,1,1,1,1,1,1,1,1,0,0,0,0,0,0,0,0,0,0,0,0,1,1,1,1,1,0,0,1,0,1,0,1,1,1,1,0,1,0
1489,2026-06-27,Lubero,Bukenye,Masereka,Femme,Plus de 41 ans,Famille d'accueil,,2,Oui,Coopérative,8,2,2,2,2,0,Oui,,0.1,,0.1,Oui,3,Modérée,Petits producteurs peu diversifiés,E09,7.9,True,0,0,0,0,0,0,0,1,0,0,0,0,0,0,0,0,0,0,0,0,0,0,0,0,0,0,0,1,0,0,0,0,0,0,0,1,0,0,0,1,0,0,0,1,0,0,0,1,0,0,0,0,0,0,1,0,0,0,0,0,0,1,0,0,0,0,0,0,0,1,0,0,0,0,0,1,1
1490,2026-06-27,Lubero,Bukenye,Masereka,Femme,Plus de 41 ans,Famille d'accueil,,8,Oui,Association,8,2,2,3,1,0,Oui,,0.15,,0.15,Oui,3,Modérée,Maraîchers pomme de terre,E10,8.3,True,0,0,0,0,0,0,0,0,0,0,0,0,1,0,1,0,1,0,0,0,1,0,0,0,1,0,0,1,1,0,1,1,0,0,0,1,1,0,0,1,1,0,0,1,1,0,0,0,0,0,0,0,0,0,1,0,0,0,0,0,0,0,1,0,0,0,0,0,0,1,0,0,0,0,0,1,1
1491,2026-06-27,Lubero,Buyora/Luotu,Luotu,Homme,Plus de 41 ans,Famille d'accueil,,2,Non,,12,3,3,2,4,0,Oui,,0.2,,0.2,Oui,4,Modérée,Maraîchers pomme de terre,E13,11.4,False,0,1,0,0,0,1,1,0,0,0,0,0,1,0,1,0,0,0,0,0,1,0,0,0,1,0,0,1,1,1,0,0,0,0,0,1,1,0,0,1,1,0,0,1,1,0,0,0,0,0,0,0,0,0,0,0,0,0,0,0,0,0,1,0,0,0,0,0,0,0,0,0,0,1,1,1,1
1492,2026-06-27,Lubero,Bukenye,Ngumbati,Homme,Plus de 41 ans,Ménage retourné,1 à 2 ans,,Non,,10,1,2,2,5,0,Oui,,0.1,,0.1,Oui,3,Modérée,Maraîchers pomme de terre,E02,9.0,True,0,0,0,0,0,0,0,0,0,0,0,0,1,0,1,0,1,0,0,0,1,0,0,0,0,0,0,1,0,0,0,0,0,0,0,1,0,0,0,1,0,0,0,1,0,0,0,1,0,0,0,0,0,0,1,0,0,0,0,0,0,0,1,0,0,1,1,0,0,0,0,0,0,1,1,1,0
1493,2026-06-27,Lubero,Bukenye,Masereka,Homme,Plus de 41 ans,Famille d'accueil,,1,Oui,Coopérative,4,0,1,1,2,0,Oui,,0.1,,0.1,Non,1,Faible,Maraîchers pomme de terre,E09,6.0,True,0,0,0,0,0,1,0,0,0,0,0,0,0,0,1,0,1,0,0,0,0,0,0,0,0,0,0,0,0,0,0,0,0,0,0,0,0,0,1,1,0,0,0,0,0,1,0,1,0,0,0,0,0,0,0,0,0,0,0,0,0,1,0,0,0,0,0,0,0,0,0,0,0,0,0,1,0
1494,2026-06-27,Lubero,Bukenye,Irangira,Femme,Plus de 41 ans,Famille d'accueil,,3,Oui,Association,17,1,5,5,6,1,Non,Oui,,0.25,0.25,Oui,5,Élevée,Maraîchers pomme de terre,E06,18.6,True,0,0,1,0,0,0,1,1,1,0,0,0,1,0,1,0,1,0,0,0,0,0,0,0,1,0,0,1,0,0,0,0,0,0,0,1,1,0,1,1,1,1,1,1,1,1,1,1,0,0,0,0,0,0,0,0,0,0,0,1,0,1,1,0,0,0,1,0,1,1,1,1,0,1,0,0,1
1495,2026-06-27,Lubero,Bukenye,Masereka,Femme,Plus de 41 ans,Famille d'accueil,,1,Oui,Coopérative,2,1,1,0,0,0,Oui,,0.1875,,0.1875,Oui,2,Faible,Maraîchers pomme de terre,E09,6.9,True,0,0,0,0,0,1,0,0,0,0,0,0,0,0,1,0,1,0,0,0,1,0,0,0,0,0,0,1,0,0,0,0,0,0,0,0,0,1,0,1,0,1,0,0,0,1,0,1,0,0,0,0,0,0,0,0,0,0,0,0,0,1,0,0,0,0,0,0,0,1,0,0,0,0,0,1,0
1496,2026-06-27,Lubero,Bukenye,Masereka,Femme,36 à 40 ans,Famille d'accueil,,8,Non,,8,2,3,2,1,0,Non,Oui,,0.5,0.5,Non,4,Modérée,Maraîchers pomme de terre,E10,6.7,True,0,0,0,0,0,0,0,0,0,0,0,0,1,0,1,0,1,0,0,0,0,0,0,0,0,0,0,0,0,0,0,0,0,0,0,1,0,0,0,1,0,0,0,1,1,0,0,0,0,0,0,0,0,0,0,0,0,0,0,0,0,0,0,0,0,0,0,0,0,1,0,1,0,0,1,0,1
1497,2026-06-27,Lubero,Buyora/Luotu,Luotu,Homme,18 à 25 ans,Ménage retourné,6 à 12 mois,,Non,,5,1,1,2,1,0,Non,Oui,,0.05,0.05,Oui,4,Modérée,Maraîchers pomme de terre,E13,8.9,False,0,1,1,0,0,0,2,0,0,0,0,0,0,0,1,0,0,0,0,0,1,0,0,0,1,0,0,1,0,0,0,0,0,0,0,1,1,0,0,1,1,0,0,1,1,0,0,0,0,0,0,0,0,0,0,0,0,0,0,0,0,0,1,0,0,0,0,0,0,0,0,1,1,0,1,1,0
1498,2026-06-27,Lubero,Bukenye,Masereka,Femme,36 à 40 ans,Famille d'accueil,,1,Oui,Coopérative,7,2,2,1,2,0,Oui,,0.1,,0.1,Oui,2,Faible,Maraîchers pomme de terre,E09,6.0,True,0,0,0,0,0,0,0,0,0,0,0,0,0,0,1,0,1,0,0,0,0,0,0,0,0,0,0,1,1,0,0,0,0,0,0,1,0,1,0,1,0,1,0,1,0,0,0,1,0,0,0,0,0,0,1,0,0,0,0,0,0,1,0,0,0,0,0,0,0,1,0,0,0,0,0,1,0
1499,2026-06-27,Lubero,Bukenye,Masereka,Homme,36 à 40 ans,Famille d'accueil,,6,Oui,Coopérative,6,1,1,2,2,0,Oui,,0.15,,0.15,Oui,2,Faible,Maraîchers pomme de terre,E10,8.6,True,0,0,0,0,0,0,0,0,0,0,0,0,1,0,1,0,1,0,0,0,1,0,0,0,0,0,0,1,1,0,1,1,0,0,0,1,1,0,0,1,1,0,0,1,0,0,0,0,0,0,0,0,0,0,1,0,0,0,0,0,0,0,0,0,0,0,0,0,0,0,0,0,0,0,0,1,1
1500,2026-06-27,Lubero,Bukenye,Ngumbati,Homme,Plus de 41 ans,Ménage retourné,6 à 12 mois,,Non,,7,2,1,1,3,0,Oui,,0.05,,0.05,Non,3,Modérée,Maraîchers pomme de terre,E02,8.5,True,0,0,0,0,0,0,0,0,0,0,0,0,1,0,1,0,0,0,0,0,0,0,0,0,1,0,0,0,0,0,0,0,0,0,0,0,0,0,1,1,0,0,0,1,0,0,0,0,0,0,0,0,0,0,0,0,0,0,0,0,1,0,0,0,0,0,0,0,0,0,0,0,1,0,1,1,0
1501,2026-06-27,Lubero,Bukenye,Masereka,Femme,Plus de 41 ans,Famille d'accueil,,6,Oui,Coopérative,5,1,3,,1,0,Oui,,0.15,,0.15,Oui,3,Modérée,Maraîchers pomme de terre,E10,7.8,True,0,0,0,0,0,1,0,0,0,0,0,0,1,0,1,0,1,0,0,0,1,0,0,0,0,0,0,1,1,0,0,0,0,0,0,1,0,0,0,1,1,0,0,1,0,0,0,0,0,0,0,0,0,0,1,0,0,0,0,0,0,0,1,0,0,0,0,0,0,1,0,0,0,0,0,1,1
1502,2026-06-27,Lubero,Bukenye,Ngumbati,Femme,26 à 35 ans,Famille d'accueil,,1,Non,,3,2,1,0,0,0,Oui,,0.05,,0.05,Oui,3,Modérée,Maraîchers pomme de terre,E02,9.0,True,0,0,0,0,0,0,0,0,0,0,0,0,1,0,1,0,0,0,0,0,1,0,0,0,0,0,0,1,0,0,0,0,0,0,0,0,0,0,1,1,0,0,0,1,0,0,0,1,0,0,0,0,0,0,1,0,0,0,0,0,0,0,1,0,0,1,1,0,0,1,0,0,0,0,1,1,0
1503,2026-06-27,Lubero,Bukenye,Irangira,Femme,26 à 35 ans,Ménage retourné,6 à 12 mois,,Oui,Association,7,1,1,2,3,0,Non,Oui,,0.0625,0.0625,Oui,4,Modérée,Maraîchers pomme de terre,E06,12.9,True,0,0,0,0,0,0,0,0,0,0,0,0,1,0,1,0,1,0,0,0,0,0,0,0,0,0,0,0,1,0,0,0,0,0,0,1,1,0,1,1,1,1,1,1,1,1,1,0,0,0,0,0,0,0,0,0,0,0,0,1,1,0,0,0,0,0,0,0,1,1,0,1,1,0,0,1,0
1504,2026-06-27,Lubero,Bukenye,Masereka,Femme,Plus de 41 ans,Ménage retourné,Moins de 6 mois,,Oui,Coopérative,2,,1,,1,0,Oui,,0.0625,,0.0625,Oui,3,Modérée,Maraîchers pomme de terre,E10,6.8,True,0,0,0,0,0,1,0,0,0,0,0,0,1,0,1,0,1,0,0,0,1,0,0,1,1,0,0,1,0,0,1,1,0,0,0,1,1,0,0,1,1,0,0,1,1,0,0,0,0,0,0,0,0,0,1,0,0,0,0,0,0,1,0,0,0,0,0,0,0,1,0,0,1,0,0,1,0
1505,2026-06-27,Lubero,Bukenye,Ngumbati,Femme,36 à 40 ans,Ménage retourné,6 à 12 mois,,Non,,9,1,1,3,4,1,Oui,,0.05,,0.05,Oui,6,Élevée,Maraîchers pomme de terre,E02,7.7,True,0,0,0,0,0,0,0,0,0,0,0,0,1,0,1,0,0,0,0,0,1,0,0,0,0,0,0,1,0,0,0,0,0,0,0,1,0,0,0,1,0,0,0,1,0,0,0,0,0,0,0,0,0,0,1,0,0,0,0,0,0,0,1,0,0,1,0,0,0,1,1,0,1,1,1,1,0
1506,2026-06-27,Lubero,Bukenye,Masereka,Femme,Plus de 41 ans,Ménage retourné,6 à 12 mois,,Oui,Association,8,1,1,1,5,0,Oui,,0.3125,,0.3125,Oui,2,Faible,Maraîchers pomme de terre,E09,8.5,True,0,0,0,0,0,0,0,0,0,0,0,0,1,0,0,0,0,0,0,0,0,0,0,0,0,0,0,0,1,0,1,1,0,0,0,1,0,0,0,1,0,0,0,1,0,0,0,1,0,0,0,0,0,0,1,0,0,0,0,0,0,1,0,0,0,0,0,0,0,1,0,0,1,0,0,0,0
1507,2026-06-27,Lubero,Buyora/Luotu,Autres villages,Femme,Plus de 41 ans,Famille d'accueil,,3,Non,,11,3,3,2,3,0,Oui,,0.1,,0.1,Oui,5,Élevée,Maraîchers pomme de terre,E13,19.8,False,0,1,0,0,0,0,1,1,0,0,0,0,0,0,1,0,0,0,0,0,1,0,0,0,1,0,1,1,1,0,0,0,0,0,0,1,1,0,0,1,1,0,0,1,1,0,0,0,0,0,0,0,0,0,0,0,0,0,0,0,0,0,1,0,0,0,0,0,0,1,0,0,0,1,1,1,1
1508,2026-06-27,Lubero,Bukenye,Masereka,Femme,18 à 25 ans,Famille d'accueil,,6,Oui,Association,6,1,1,2,2,0,Oui,,0.15,,0.15,Oui,3,Modérée,Maraîchers pomme de terre,E10,7.2,True,0,0,0,0,0,1,0,0,0,0,0,0,1,0,1,0,1,0,0,0,1,0,0,0,0,0,0,1,0,0,1,0,1,0,0,1,1,0,0,1,1,0,0,1,1,0,0,0,0,0,0,0,0,0,1,0,0,0,0,0,0,0,0,0,0,0,0,0,0,1,0,0,0,0,0,1,1
1509,2026-06-27,Lubero,Bukenye,Ngumbati,Homme,Plus de 41 ans,Famille d'accueil,,1,Non,,4,1,1,1,1,0,Oui,,0.1,,0.1,Oui,2,Faible,Maraîchers pomme de terre,E02,6.2,True,0,0,0,0,0,0,0,0,0,0,0,0,1,0,1,0,0,0,0,0,1,0,0,0,1,0,0,0,0,1,0,0,0,0,0,1,0,0,0,1,0,0,0,1,0,0,0,1,0,0,0,0,0,0,1,0,0,0,0,0,0,0,1,0,0,1,1,0,1,0,0,0,0,0,1,1,0
1510,2026-06-27,Lubero,Bukenye,Irangira,Femme,Plus de 41 ans,Famille d'accueil,,3,Oui,Association,14,3,4,4,3,3,Non,Oui,,0.0625,0.0625,Oui,6,Élevée,Maraîchers pomme de terre,E06,15.0,True,0,0,0,0,0,0,0,1,1,0,0,0,1,0,1,1,1,0,0,0,1,1,0,0,0,0,0,1,0,0,0,0,0,0,0,1,1,0,1,1,1,1,1,1,1,1,1,0,0,0,0,0,0,0,0,0,0,0,0,1,0,0,1,0,0,0,1,0,1,1,1,1,0,1,0,1,1
1511,2026-06-27,Lubero,Bukenye,Masereka,Femme,Plus de 41 ans,Famille d'accueil,,2,Oui,Association,6,2,2,1,1,0,Oui,,0.2,,0.2,Oui,3,Modérée,Petits producteurs peu diversifiés,E09,8.1,True,0,0,0,0,0,0,0,1,0,0,0,0,0,0,0,0,0,0,0,0,0,0,0,0,0,0,0,1,1,0,1,1,0,0,0,1,0,0,0,1,0,0,0,1,0,0,0,1,0,0,0,0,0,0,0,0,0,0,0,0,0,1,0,0,0,0,0,0,0,1,0,0,0,0,0,1,1
1512,2026-06-27,Lubero,Bukenye,Ngumbati,Femme,18 à 25 ans,Ménage retourné,Moins de 6 mois,,Non,,4,0,1,1,2,0,Oui,,0.05,,0.05,Oui,4,Modérée,Maraîchers pomme de terre,E02,8.8,True,0,0,0,0,0,0,0,0,0,0,0,0,1,0,1,0,0,0,0,0,1,0,0,0,1,0,0,1,0,0,0,0,0,0,0,1,0,0,0,1,0,0,0,1,0,0,0,0,0,0,0,0,0,0,0,0,0,0,0,0,1,0,0,1,0,0,1,0,0,1,0,0,1,0,1,1,0
1513,2026-06-27,Lubero,Bukenye,Masereka,Femme,Plus de 41 ans,Famille d'accueil,,12,Oui,Association,12,2,3,2,5,0,Oui,,0.25,,0.25,Oui,3,Modérée,Maraîchers pomme de terre,E10,8.4,True,0,0,0,0,0,0,0,0,0,0,0,0,1,0,1,0,1,0,0,0,1,0,0,0,1,0,0,0,1,0,1,1,0,0,0,1,1,0,0,1,1,0,0,1,1,1,0,1,0,0,0,0,0,0,1,0,0,0,0,0,0,0,1,0,0,0,0,0,0,1,0,0,0,1,0,0,1
1514,2026-06-27,Lubero,Bukenye,Masereka,Femme,Plus de 41 ans,Famille d'accueil,,10,Oui,Association,11,4,3,1,3,0,Oui,,0.15,,0.15,Oui,4,Modérée,Maraîchers pomme de terre,E10,6.9,True,0,0,1,0,0,0,1,1,0,0,0,0,1,0,1,0,1,0,0,0,1,0,0,0,1,0,0,1,1,0,1,1,0,0,0,1,1,0,0,1,1,0,0,1,1,0,0,0,0,0,0,0,0,0,1,0,0,0,0,0,0,0,0,0,0,0,0,0,0,1,0,0,0,1,0,1,1
1515,2026-06-27,Lubero,Bukenye,Masereka,Femme,Plus de 41 ans,Famille d'accueil,,1,Oui,Association,3,0,1,1,1,0,Oui,,0.125,,0.125,Oui,2,Faible,Maraîchers pomme de terre,E09,6.1,True,0,0,0,0,0,0,0,0,0,0,0,0,0,0,1,0,1,0,0,0,0,0,0,0,0,0,0,0,1,0,1,1,0,0,0,0,0,0,1,1,0,0,1,1,0,0,0,1,0,0,0,0,0,0,0,0,0,0,0,0,0,1,0,0,0,0,0,0,0,1,0,0,0,0,0,1,0
1516,2026-06-27,Lubero,Bukenye,Irangira,Femme,18 à 25 ans,Famille d'accueil,,2,Oui,Organisation Paysanne,15,3,3,3,6,1,Oui,,1.0,,1.0,Oui,4,Modérée,Maraîchers pomme de terre,E06,14.9,True,0,0,0,0,0,0,0,1,1,0,0,0,1,0,1,1,1,0,0,0,0,1,0,0,1,0,0,1,0,0,0,0,0,0,0,1,1,0,1,1,1,1,1,1,1,1,1,0,0,0,0,0,0,0,0,0,0,0,0,1,0,1,0,0,0,0,0,0,1,1,1,0,0,1,0,0,1
1517,2026-06-27,Lubero,Bukenye,Ngumbati,Femme,Plus de 41 ans,Famille d'accueil,,3,Non,,9,3,2,2,2,0,Oui,,0.06,,0.06,Oui,5,Élevée,Maraîchers pomme de terre,E02,7.6,True,0,0,0,0,0,0,0,1,0,0,0,0,1,0,0,0,0,0,0,0,0,0,0,0,0,0,0,0,1,0,0,0,0,0,0,1,0,0,0,1,0,0,0,1,0,0,0,0,0,0,0,0,0,0,1,0,0,0,0,0,0,0,1,0,0,1,1,0,0,1,0,0,0,1,1,1,1
1518,2026-06-27,Lubero,Bukenye,Masereka,Femme,26 à 35 ans,Famille d'accueil,,6,Oui,Association,6,1,1,2,2,0,Non,Oui,,0.062,0.062,Oui,4,Modérée,Maraîchers pomme de terre,E10,8.7,True,0,0,0,0,0,1,0,1,0,0,0,0,1,0,1,0,1,0,0,0,1,0,0,0,1,0,0,1,0,0,0,0,0,0,0,1,1,0,0,1,1,0,0,1,1,0,0,1,0,0,0,0,0,0,1,0,0,0,0,0,0,0,0,0,0,0,0,0,0,1,0,1,0,0,0,1,1
1519,2026-06-27,Lubero,Non précisé,Autres villages,Homme,Plus de 41 ans,Famille d'accueil,,2,Non,,8,2,2,2,2,0,Oui,,0.15,,0.15,Oui,3,Modérée,Maraîchers pomme de terre,E13,15.5,False,0,1,0,0,0,0,1,1,0,0,0,0,0,0,1,0,0,0,0,0,1,0,0,0,0,0,0,1,1,0,0,0,0,0,0,1,1,0,0,1,1,0,0,1,1,0,0,0,0,0,0,0,0,0,0,0,0,0,0,0,0,0,0,0,1,0,0,0,0,0,0,0,0,0,1,1,1
1520,2026-06-27,Lubero,Bukenye,Masereka,Homme,36 à 40 ans,Famille d'accueil,,1,Oui,Association,4,1,1,2,0,0,Oui,,0.1875,,0.1875,Oui,1,Faible,Petits producteurs peu diversifiés,E09,6.3,True,0,0,0,0,0,0,0,1,0,0,0,0,0,0,1,0,1,0,0,0,0,0,0,0,0,0,0,0,1,0,0,0,0,0,0,0,0,0,1,0,0,0,1,0,0,1,0,1,0,0,0,0,0,0,1,0,0,0,0,0,0,1,0,0,0,0,0,0,0,0,0,0,0,0,0,1,0
1521,2026-06-27,Lubero,Bukenye,Ngumbati,Femme,36 à 40 ans,Ménage retourné,1 à 2 ans,,Non,,9,1,2,2,4,0,Oui,,0.05,,0.05,Oui,4,Modérée,Maraîchers pomme de terre,E02,9.8,True,0,0,1,0,0,0,1,0,0,0,0,0,1,0,0,0,0,0,0,0,0,0,0,0,0,0,0,1,0,0,0,0,0,0,0,0,0,0,1,1,0,0,0,1,0,0,0,0,0,0,0,0,0,0,0,0,0,0,0,0,1,0,0,0,0,0,0,0,0,1,0,0,0,1,1,1,0
1522,2026-06-27,Lubero,Bukenye,Masereka,Femme,18 à 25 ans,Famille d'accueil,,7,Oui,Association,6,1,2,,3,0,Oui,,0.75,,0.75,Oui,2,Faible,Maraîchers pomme de terre,E10,7.8,True,0,0,1,0,0,1,1,1,0,0,0,0,1,0,1,0,1,0,0,0,1,0,0,0,1,0,0,1,1,0,0,0,0,0,0,1,1,0,0,1,1,0,0,1,1,0,0,1,0,0,0,0,0,0,1,0,0,0,0,0,0,0,1,0,0,0,0,0,0,1,0,0,0,0,0,0,1
1523,2026-06-27,Lubero,Bukenye,Irangira,Femme,36 à 40 ans,Famille d'accueil,,2,Oui,Organisation Paysanne,19,4,3,8,4,0,Non,Oui,,0.2,0.2,Oui,5,Élevée,Maraîchers pomme de terre,E06,18.3,True,0,0,0,0,0,1,0,1,1,0,0,0,1,0,1,1,1,0,0,0,0,0,0,0,0,0,0,1,1,0,0,0,0,0,0,1,1,0,1,1,1,1,1,1,1,1,1,0,0,0,0,0,0,0,0,0,0,0,0,1,0,0,1,0,0,1,1,0,0,1,0,1,0,1,0,1,1
1524,2026-06-27,Lubero,Bukenye,Ngumbati,Femme,Plus de 41 ans,Famille d'accueil,,2,Non,,4,1,2,0,1,0,Oui,,0.06,,0.06,Non,4,Modérée,Maraîchers pomme de terre,E02,7.7,True,0,0,0,0,0,1,0,0,0,0,0,0,1,0,1,0,1,0,0,0,0,0,0,0,0,0,0,0,0,0,0,0,0,0,0,0,0,0,1,1,0,0,0,1,0,0,0,1,0,0,0,0,0,0,0,0,0,0,0,0,0,0,1,0,0,1,1,0,0,1,0,0,0,0,1,1,1
1525,2026-06-27,Lubero,Bukenye,Masereka,Femme,36 à 40 ans,Famille d'accueil,,1,Oui,Association,2,0,0,0,2,0,Oui,,0.1875,,0.1875,Oui,2,Faible,Maraîchers pomme de terre,E09,9.3,True,0,0,0,0,0,0,0,1,0,0,0,0,1,0,1,0,1,0,0,0,0,0,0,0,0,0,0,0,1,0,1,1,0,0,0,1,0,0,0,1,1,1,1,1,0,0,0,1,1,0,0,0,0,0,1,0,0,0,0,0,0,1,0,0,0,0,0,0,0,1,0,0,0,0,0,1,0
1526,2026-06-27,Lubero,Buyora/Luotu,Luotu,Homme,36 à 40 ans,Ménage retourné,6 à 12 mois,,Non,,8,1,1,2,4,0,Non,Oui,,0.05,0.05,Non,4,Modérée,Petits producteurs peu diversifiés,E13,11.9,False,0,1,0,0,0,0,1,1,0,0,0,0,0,0,1,0,0,0,0,0,1,0,0,0,1,0,0,0,0,0,0,0,0,0,0,1,1,0,0,1,1,0,0,1,1,0,0,0,0,0,0,0,0,0,0,0,0,0,0,0,0,0,1,0,0,0,0,0,0,0,0,1,1,0,1,1,0
1527,2026-06-27,Lubero,Bukenye,Ngumbati,Femme,26 à 35 ans,Ménage retourné,6 à 12 mois,,Oui,Association,5,0,1,2,2,0,Oui,,0.1,,0.1,Oui,3,Modérée,Maraîchers pomme de terre,E02,9.0,True,0,0,0,0,0,0,0,1,1,0,0,0,1,0,0,0,0,0,0,0,0,0,0,0,0,0,0,1,0,0,0,0,0,0,0,0,0,0,1,1,0,0,0,1,0,0,0,1,0,0,0,0,0,0,1,0,0,0,0,0,0,0,0,0,0,1,1,0,0,1,0,0,1,0,0,1,0
1528,2026-06-27,Lubero,Bukenye,Ngumbati,Homme,36 à 40 ans,Ménage retourné,1 à 2 ans,,Non,,7,1,1,4,1,0,Oui,,0.06,,0.06,Oui,2,Faible,Maraîchers pomme de terre,E02,12.0,True,0,0,0,0,0,0,0,0,0,0,0,0,1,0,1,0,0,0,0,0,1,0,0,0,0,0,0,1,0,1,0,0,0,0,0,0,0,0,1,1,0,0,0,1,0,0,0,1,0,0,0,0,0,0,0,0,0,0,0,0,0,1,0,0,0,1,0,0,0,0,0,0,0,0,1,1,0
1529,2026-06-27,Lubero,Bukenye,Irangira,Femme,26 à 35 ans,Ménage retourné,6 à 12 mois,,Oui,Association,4,0,1,2,1,0,Non,Oui,,0.03,0.03,Oui,4,Modérée,Maraîchers pomme de terre,E06,14.4,True,0,0,0,0,0,0,0,1,1,0,0,0,1,0,1,0,1,0,0,0,0,0,0,0,0,0,0,1,0,0,0,0,0,0,0,1,1,0,1,1,1,1,1,1,1,1,1,1,0,0,0,0,0,0,0,0,0,0,0,1,1,1,1,1,0,0,1,0,1,1,0,1,1,0,0,1,0
1530,2026-06-27,Lubero,Buyora/Luotu,Luotu,Femme,Plus de 41 ans,Famille d'accueil,,2,Non,,9,2,2,2,3,1,Oui,,0.2,,0.2,Oui,6,Élevée,Maraîchers pomme de terre,E13,7.7,False,0,1,1,0,0,0,2,1,1,0,0,0,1,0,1,0,0,0,0,0,1,0,0,0,1,0,0,1,1,1,0,0,0,0,0,1,1,0,0,1,1,0,0,1,1,0,0,0,0,0,0,0,0,0,0,0,0,0,0,0,0,0,0,0,0,0,0,0,0,1,1,0,0,1,1,1,1
1531,2026-06-27,Lubero,Buyora/Luotu,Luotu,Femme,18 à 25 ans,Famille d'accueil,,2,Non,,10,2,2,3,3,0,Non,Oui,,0.2,0.2,Oui,6,Élevée,Maraîchers pomme de terre,E13,15.9,False,0,1,0,0,0,1,1,0,0,0,0,0,1,0,1,0,0,0,0,0,1,0,0,0,1,0,0,1,1,0,0,0,0,0,0,1,1,0,0,1,1,0,0,1,1,0,0,0,0,0,0,0,0,0,0,0,0,0,0,0,0,0,1,0,0,0,0,0,0,1,0,1,0,1,1,1,1
1532,2026-06-27,Lubero,Bukenye,Ngumbati,Femme,36 à 40 ans,Ménage retourné,6 à 12 mois,,Non,,6,1,1,1,3,0,Oui,,0.15,,0.15,Non,4,Modérée,Maraîchers pomme de terre,E02,7.3,True,0,0,0,0,0,0,0,0,0,0,0,0,1,0,1,0,1,0,0,0,1,0,0,0,0,0,0,0,0,0,0,0,0,0,0,1,0,0,0,1,0,0,0,1,0,0,0,0,0,0,0,0,0,0,1,0,0,0,0,0,0,0,0,1,0,0,1,0,0,1,0,0,1,0,1,1,0
1533,2026-06-27,Lubero,Bukenye,Irangira,Femme,18 à 25 ans,Ménage retourné,Moins de 6 mois,,Oui,Organisation Paysanne,9,3,4,1,1,1,Non,Oui,,0.0625,0.0625,Oui,6,Élevée,Maraîchers pomme de terre,E06,15.1,True,0,0,0,0,0,1,0,1,1,0,0,0,1,0,1,0,1,0,0,0,0,1,0,0,1,0,0,1,1,0,0,0,0,0,0,1,1,0,1,1,1,1,1,1,1,1,1,0,0,0,0,0,0,0,0,0,0,0,0,1,1,0,0,0,0,0,0,0,0,1,1,1,1,1,0,1,0
1534,2026-06-27,Lubero,Bukenye,Ngumbati,Femme,26 à 35 ans,Famille d'accueil,,1,Non,,4,2,0,0,2,0,Oui,,0.15,,0.15,Non,3,Modérée,Maraîchers pomme de terre,E02,8.3,True,0,0,0,0,0,0,0,0,0,0,0,0,1,0,1,0,1,0,0,0,1,0,0,0,0,0,0,0,0,0,0,0,0,0,0,0,0,0,1,1,0,0,0,1,0,0,0,1,0,0,0,0,0,0,1,0,0,0,0,0,0,0,0,0,0,1,1,0,0,1,0,0,0,0,1,1,0
1535,2026-06-27,Lubero,Bukenye,Irangira,Femme,36 à 40 ans,Famille d'accueil,,2,Oui,Organisation Paysanne,15,2,4,5,4,0,Non,Oui,,0.0625,0.0625,Non,5,Élevée,Maraîchers pomme de terre,E06,16.7,True,0,0,0,0,0,0,0,1,1,0,0,0,1,0,1,0,1,0,0,0,0,0,0,0,0,0,0,0,0,0,0,0,0,0,0,1,0,0,1,1,1,1,1,1,1,1,1,1,0,0,0,0,0,0,0,0,0,0,0,1,0,1,1,1,0,0,1,0,1,1,0,1,0,1,0,1,1
1536,2026-06-27,Lubero,Bukenye,Irangira,Femme,Plus de 41 ans,Ménage retourné,6 à 12 mois,,Oui,Organisation Paysanne,5,1,3,0,1,1,Non,Oui,,0.2,0.2,Oui,5,Élevée,Maraîchers pomme de terre,E06,10.7,True,0,0,0,0,0,0,0,1,1,0,0,0,1,0,1,0,1,0,0,0,0,0,0,0,0,0,0,1,0,0,0,0,0,0,0,1,1,0,1,1,1,1,1,1,1,1,1,1,0,0,0,0,0,0,0,0,0,0,0,0,1,0,0,0,0,0,0,0,1,1,1,1,1,0,0,1,0
1537,2026-06-27,Lubero,Bukenye,Irangira,Femme,26 à 35 ans,Ménage retourné,6 à 12 mois,,Oui,Organisation Paysanne,5,0,1,1,3,1,Non,Oui,,0.0625,0.0625,Oui,5,Élevée,Maraîchers pomme de terre,E06,11.3,True,0,0,0,0,0,0,0,1,1,0,0,0,1,0,1,0,1,0,0,0,0,0,0,0,0,0,0,1,0,0,0,0,0,0,0,1,1,0,1,1,1,1,1,1,1,1,1,0,0,0,0,0,0,0,0,0,0,0,0,1,0,0,1,0,0,0,1,0,1,1,1,1,1,0,0,1,0
1538,2026-06-27,Lubero,Bukenye,Ngumbati,Femme,26 à 35 ans,Ménage retourné,1 à 2 ans,,Non,,5,1,1,2,1,0,Oui,,0.2,,0.2,Oui,3,Modérée,Maraîchers pomme de terre,E02,8.4,True,0,0,0,0,0,0,0,0,0,0,0,0,1,0,1,0,1,0,0,0,1,0,0,0,0,0,0,1,0,0,0,0,0,0,0,0,0,0,1,1,0,0,0,1,0,0,0,0,0,0,0,0,0,0,0,0,0,0,0,0,1,0,0,1,0,0,1,0,0,1,0,0,0,0,1,1,0
1539,2026-06-27,Lubero,Bukenye,Irangira,Femme,26 à 35 ans,Ménage retourné,Moins de 6 mois,,Oui,Organisation Paysanne,6,1,1,1,3,0,Non,Oui,,0.0625,0.0625,Oui,4,Modérée,Maraîchers pomme de terre,E06,7.6,True,0,0,0,0,0,0,0,0,0,0,0,0,1,0,1,0,1,0,0,0,0,0,0,0,0,0,0,0,1,0,0,0,0,0,0,1,1,0,1,1,1,1,1,1,1,1,1,1,0,0,0,0,0,0,0,0,0,0,0,1,0,0,1,0,0,0,1,0,1,1,0,1,1,0,0,1,0
1540,2026-06-27,Lubero,Bukenye,Ngumbati,Femme,26 à 35 ans,Ménage retourné,6 à 12 mois,,Oui,Association,4,1,1,1,1,0,Oui,,0.1,,0.1,Non,3,Modérée,Maraîchers pomme de terre,E02,6.4,True,0,0,0,0,0,1,0,0,0,0,0,0,1,0,1,0,0,0,0,0,1,0,0,0,0,0,0,0,0,0,0,0,0,0,0,0,0,0,1,1,0,0,0,1,1,0,0,0,0,0,0,0,0,0,1,0,0,0,0,0,1,0,0,0,0,1,1,0,0,1,0,0,1,0,0,1,0
1541,2026-06-27,Lubero,Bukenye,Irangira,Femme,26 à 35 ans,Ménage retourné,6 à 12 mois,,Oui,Organisation Paysanne,5,1,1,2,1,0,Non,Oui,,0.125,0.125,Oui,4,Modérée,Maraîchers pomme de terre,E06,11.6,True,0,0,0,0,0,1,0,0,0,0,0,0,1,0,1,0,1,0,0,0,0,0,0,0,0,0,0,0,1,0,0,0,0,0,0,1,1,0,1,1,1,1,1,1,1,1,1,0,0,0,0,0,0,0,0,0,0,0,0,1,0,0,0,0,0,0,0,0,1,1,0,1,1,0,0,1,0
1542,2026-06-27,Lubero,Buyora/Luotu,Autres villages,Femme,Plus de 41 ans,Famille d'accueil,,2,Non,,10,2,2,3,3,0,Non,Oui,,0.1,0.1,Non,6,Élevée,Petits producteurs peu diversifiés,E13,16.3,False,0,1,0,0,0,1,1,1,1,0,0,0,0,0,0,0,0,0,0,0,0,0,0,0,0,0,0,0,0,0,0,0,0,0,0,1,0,0,0,1,1,0,0,1,1,0,0,0,0,0,0,0,0,0,0,0,0,0,0,0,0,0,1,0,0,0,0,0,0,1,0,1,0,1,1,1,1
1543,2026-06-27,Lubero,Bukenye,Masereka,Femme,Plus de 41 ans,Famille d'accueil,,5,Oui,Association,5,2,2,1,,0,Non,Oui,,0.5,0.5,Oui,3,Modérée,Maraîchers pomme de terre,E09,16.0,True,0,0,0,0,0,1,0,0,0,0,0,0,1,0,1,0,1,0,0,0,1,0,0,0,0,0,0,1,0,0,0,0,0,0,0,1,1,0,0,1,1,0,0,1,1,1,0,0,0,0,0,0,0,0,1,0,0,0,0,0,0,0,1,0,0,0,0,1,0,1,0,1,0,0,0,0,1
1544,2026-06-27,Lubero,Bukenye,Irangira,Femme,Plus de 41 ans,Famille d'accueil,,3,Oui,Organisation Paysanne,18,0,4,3,11,0,Non,Oui,,0.085,0.085,Non,5,Élevée,Maraîchers pomme de terre,E06,12.5,True,0,0,0,0,0,1,0,1,0,0,0,0,1,0,1,0,1,0,0,0,0,0,0,0,0,0,0,0,0,0,0,0,0,0,0,1,0,0,1,1,1,1,1,1,1,1,1,0,0,0,0,0,0,0,0,0,0,0,0,1,1,0,1,0,0,0,1,0,1,1,0,1,0,1,0,1,1
1545,2026-06-27,Lubero,Bukenye,Ngumbati,Femme,Plus de 41 ans,Famille d'accueil,,1,Non,,8,1,1,2,4,0,Oui,,0.15,,0.15,Oui,3,Modérée,Maraîchers pomme de terre,E02,5.3,True,0,0,0,0,0,0,0,1,0,0,0,0,1,0,1,0,0,0,0,0,1,0,0,0,1,0,0,1,0,1,0,0,0,0,0,1,0,0,0,1,0,0,0,1,1,0,0,1,0,0,0,0,0,0,0,0,0,0,0,0,0,1,0,0,0,0,0,0,0,1,0,0,0,0,1,1,0
1546,2026-06-27,Lubero,Bukenye,Irangira,Femme,Plus de 41 ans,Famille d'accueil,,2,Oui,Organisation Paysanne,13,1,4,3,5,2,Non,Oui,,0.125,0.125,Non,6,Élevée,Maraîchers pomme de terre,E06,14.9,True,0,0,0,0,0,1,0,0,0,0,0,0,1,0,1,0,1,0,0,0,0,0,0,0,0,0,0,0,0,0,0,0,0,0,0,1,0,0,1,1,1,1,1,1,1,1,1,0,0,0,0,0,0,0,0,0,0,0,0,1,0,0,0,0,0,0,0,0,1,1,1,1,0,1,0,1,1
1547,2026-06-27,Lubero,Bukenye,Ngumbati,Femme,36 à 40 ans,Famille d'accueil,,1,Oui,Association,8,1,2,3,2,0,Oui,,0.18,,0.18,Oui,2,Faible,Maraîchers pomme de terre,E02,13.1,True,0,0,0,0,0,0,0,1,0,0,0,0,1,0,1,0,1,0,0,0,1,0,0,0,1,0,0,1,0,0,0,0,0,0,0,0,0,0,1,1,0,0,0,1,0,0,0,0,0,0,0,0,0,0,0,0,0,0,0,0,1,0,0,1,0,0,1,1,0,1,0,0,0,0,0,1,0
1548,2026-06-27,Lubero,Bukenye,Masereka,Femme,Plus de 41 ans,Ménage retourné,Moins de 6 mois,,Oui,Coopérative,8,2,2,2,2,0,Oui,,0.1,,0.1,Non,3,Modérée,Maraîchers pomme de terre,E09,11.7,True,0,0,0,0,0,1,0,0,0,0,0,0,1,0,0,0,0,0,0,0,0,0,0,0,0,0,0,0,0,0,0,0,0,0,0,1,0,0,0,1,0,0,0,1,1,0,0,1,0,0,0,0,0,0,1,0,0,0,0,0,0,1,0,0,0,0,0,0,0,1,0,0,1,0,0,1,0
1549,2026-06-27,Lubero,Buyora/Luotu,Luotu,Homme,26 à 35 ans,Ménage retourné,Moins de 6 mois,,Non,,6,1,2,1,2,0,Non,Oui,,0.05,0.05,Oui,4,Modérée,Maraîchers pomme de terre,E13,9.2,False,0,1,0,0,0,1,1,1,1,0,0,0,0,0,1,0,0,0,0,0,1,0,0,0,1,0,0,1,1,0,0,0,0,0,0,1,1,0,0,1,1,0,0,1,1,0,0,1,0,0,0,0,0,0,0,0,0,0,0,0,0,0,1,0,0,0,0,0,0,0,0,1,1,0,1,1,0
1550,2026-06-27,Lubero,Buyora/Luotu,Luotu,Femme,26 à 35 ans,Famille d'accueil,,2,Non,,8,2,2,1,3,0,Oui,,0.15,,0.15,Oui,4,Modérée,Maraîchers pomme de terre,E13,12.5,False,0,1,0,0,0,1,1,1,1,0,0,0,0,0,1,0,0,0,0,0,1,0,0,0,1,0,0,1,1,0,0,0,0,0,0,1,1,0,0,1,1,0,0,1,1,0,0,0,0,0,0,0,0,0,0,0,0,0,0,0,1,0,0,0,1,0,0,0,0,1,0,0,0,0,1,1,1
1551,2026-06-27,Lubero,Bukenye,Irangira,Femme,36 à 40 ans,Famille d'accueil,,2,Oui,Organisation Paysanne,16,5,3,5,3,0,Non,Oui,,0.125,0.125,Oui,5,Élevée,Maraîchers pomme de terre,E06,9.3,True,0,0,1,0,0,0,1,0,0,0,0,0,1,0,1,0,1,0,0,0,0,0,0,0,0,0,0,0,1,0,0,0,0,0,0,1,1,0,1,1,1,1,1,1,1,1,1,0,0,0,0,0,0,0,0,0,0,0,0,1,0,0,0,0,0,0,0,0,0,1,0,1,0,1,0,1,1
1552,2026-06-27,Lubero,Bukenye,Ngumbati,Femme,Plus de 41 ans,Famille d'accueil,,1,Oui,Association,8,3,3,0,2,0,Oui,,0.06,,0.06,Oui,2,Faible,Maraîchers pomme de terre,E02,8.7,True,0,0,0,0,0,0,0,1,0,0,0,0,1,0,1,0,1,0,0,0,0,0,0,0,0,0,0,1,0,1,0,0,0,0,0,1,0,0,0,1,0,0,0,1,0,0,0,1,0,0,0,0,0,0,0,0,0,0,0,0,0,0,0,1,0,0,1,0,0,1,0,0,0,0,0,1,0
1553,2026-06-27,Lubero,Bukenye,Masereka,Femme,Plus de 41 ans,Ménage retourné,plus de 2 ans,,Non,,4,3,1,0,0,0,Non,Oui,,0.125,0.125,Non,4,Modérée,Maraîchers pomme de terre,E09,10.2,True,0,0,0,0,0,1,0,0,0,0,0,0,1,0,0,0,0,0,0,0,0,0,0,0,0,0,0,0,0,0,0,0,0,0,0,1,0,0,0,1,0,0,0,1,0,0,0,0,0,0,0,0,0,0,1,0,0,0,0,0,0,1,1,0,0,0,0,0,0,1,0,1,0,0,1,1,0
1554,2026-06-27,Lubero,Bukenye,Irangira,Femme,18 à 25 ans,Ménage retourné,Moins de 6 mois,,Oui,Organisation Paysanne,6,1,2,1,2,0,Non,Oui,,0.625,0.625,Non,3,Modérée,Maraîchers pomme de terre,E06,11.2,True,0,0,0,0,0,0,0,1,0,0,0,0,1,0,1,0,1,0,0,0,1,1,0,0,0,0,0,0,0,0,0,0,0,0,0,1,0,0,1,1,1,1,1,1,1,1,1,1,0,0,0,0,0,0,0,0,0,0,0,1,1,1,0,0,0,0,0,0,1,1,0,1,1,0,0,0,0
1555,2026-06-27,Lubero,Bukenye,Ngumbati,Femme,Plus de 41 ans,Famille d'accueil,,1,Oui,Coopérative,4,1,1,0,2,0,Oui,,0.2,,0.2,Oui,2,Faible,Maraîchers pomme de terre,E02,12.6,True,0,0,0,0,0,0,0,0,0,0,0,0,1,0,1,0,0,0,0,0,1,0,0,0,1,0,0,1,1,0,0,0,0,0,0,1,0,0,0,1,0,0,0,1,0,0,0,1,0,0,0,0,0,0,0,0,0,0,0,0,0,0,0,0,0,1,0,0,0,1,0,0,0,0,0,1,0
1556,2026-06-27,Lubero,Bukenye,Masereka,Femme,Plus de 41 ans,Ménage retourné,6 à 12 mois,,Non,,8,1,4,1,2,0,Oui,,0.125,,0.125,Oui,4,Modérée,Vivriers diversifiés + élevage,E09,11.4,True,0,0,0,0,1,0,1,1,0,0,0,0,0,0,0,0,0,0,0,0,0,0,0,0,0,0,0,1,1,1,1,1,0,0,0,0,0,1,0,1,0,1,0,0,0,1,0,0,0,0,0,0,0,0,1,0,0,0,0,0,0,1,1,0,0,0,0,0,0,1,0,0,1,0,1,1,0
1557,2026-06-27,Lubero,Buyora/Luotu,Luotu,Femme,18 à 25 ans,Ménage retourné,Moins de 6 mois,,Non,,7,1,1,1,4,0,Non,Oui,,0.05,0.05,Oui,5,Élevée,Maraîchers pomme de terre,E13,13.4,False,0,1,0,0,0,1,1,0,0,0,0,0,1,0,0,0,0,0,0,0,0,0,0,0,0,0,0,1,1,0,0,0,0,0,0,1,1,0,0,1,1,0,0,1,1,0,0,0,0,0,0,0,0,0,0,0,0,0,0,0,0,0,1,0,0,0,0,0,0,1,0,1,1,0,1,1,0
1558,2026-06-27,Lubero,Bukenye,Irangira,Femme,Plus de 41 ans,Ménage retourné,Moins de 6 mois,,Oui,Organisation Paysanne,7,2,1,2,2,1,Non,Oui,,0.125,0.125,Oui,5,Élevée,Maraîchers pomme de terre,E06,11.1,True,0,0,0,0,0,1,0,1,0,0,0,0,1,0,1,0,1,0,0,0,1,0,0,0,0,0,0,1,1,0,0,0,0,0,0,1,1,0,1,1,1,1,1,1,1,1,1,0,0,0,0,0,0,0,0,0,0,0,0,1,1,0,0,0,0,0,0,0,1,1,1,1,1,0,0,1,0
1559,2026-06-27,Lubero,Bukenye,Masereka,Femme,18 à 25 ans,Ménage retourné,Moins de 6 mois,,Non,,6,1,1,2,2,0,Oui,,0.0937,,0.0937,Oui,4,Modérée,Maraîchers pomme de terre,E09,21.0,True,0,0,0,0,0,0,0,0,0,0,0,0,0,0,1,0,0,0,0,0,1,0,0,0,0,0,0,1,1,0,0,0,0,0,0,1,0,0,1,1,0,0,0,1,0,0,0,0,0,0,0,0,0,0,1,0,0,0,0,0,0,1,1,0,0,0,0,0,0,1,0,0,1,0,1,1,0
1560,2026-06-27,Lubero,Bukenye,Ngumbati,Homme,Plus de 41 ans,Famille d'accueil,,1,Oui,Association,3,0,1,0,2,2,Oui,,0.3,,0.3,Oui,1,Faible,Maraîchers pomme de terre,E02,8.4,True,0,0,0,0,0,0,0,1,1,0,0,0,1,0,1,0,1,0,0,0,0,0,0,0,0,0,0,1,1,1,0,0,0,0,0,1,0,0,0,1,0,0,0,1,0,0,0,0,0,0,0,0,0,0,1,0,0,0,0,0,0,1,0,0,0,1,0,0,0,0,1,0,0,0,0,0,0
1561,2026-06-27,Lubero,Bukenye,Irangira,Femme,36 à 40 ans,Ménage retourné,6 à 12 mois,,Oui,Organisation Paysanne,7,1,1,1,4,1,Non,Oui,,0.0625,0.0625,Oui,5,Élevée,Maraîchers pomme de terre,E06,13.4,True,0,0,0,0,0,0,0,0,0,0,0,0,1,0,1,0,1,0,0,0,0,0,0,0,0,0,0,1,1,0,0,0,0,0,0,1,1,0,1,1,1,1,1,1,1,1,1,1,0,0,0,0,0,0,0,0,0,0,0,1,1,0,1,0,0,0,0,0,1,1,1,1,1,0,0,1,0
1562,2026-06-27,Lubero,Buyora/Luotu,Luotu,Homme,Plus de 41 ans,Famille d'accueil,,2,Non,,11,4,3,2,2,0,Oui,,0.2,,0.2,Oui,4,Modérée,Maraîchers pomme de terre,E13,14.0,False,0,1,0,0,0,0,1,1,1,0,0,0,0,0,1,0,0,0,0,0,1,0,0,0,1,0,0,1,1,0,0,0,0,0,0,1,1,0,0,1,1,0,0,1,1,0,0,0,0,0,0,0,0,0,0,0,0,0,0,0,0,0,0,0,1,0,0,0,0,0,0,0,0,1,1,1,1
1563,2026-06-27,Lubero,Bukenye,Irangira,Femme,Plus de 41 ans,Ménage retourné,6 à 12 mois,,Oui,Organisation Paysanne,6,0,1,1,4,0,Non,Oui,,0.0625,0.0625,Oui,4,Modérée,Maraîchers pomme de terre,E06,15.0,True,0,0,0,0,0,1,0,1,0,0,0,0,1,0,1,0,1,0,0,0,1,0,0,0,0,0,0,1,0,0,0,0,0,0,0,1,1,0,1,1,1,1,1,1,1,1,1,0,0,0,0,0,0,0,0,0,0,0,0,1,0,0,0,1,0,0,0,0,1,1,0,1,1,0,0,1,0
1564,2026-06-27,Lubero,Buyora/Luotu,Luotu,Homme,Plus de 41 ans,Ménage retourné,1 à 2 ans,,Non,,6,1,1,2,2,0,Non,Oui,,0.2,0.2,Oui,3,Modérée,Maraîchers pomme de terre,E13,13.6,False,0,1,0,0,0,0,1,0,0,0,0,0,1,0,1,0,0,0,0,0,1,0,0,0,1,0,0,1,1,0,0,0,0,0,0,1,1,0,0,1,1,0,0,1,1,0,0,0,0,0,0,0,0,0,0,0,0,0,0,0,0,0,0,0,0,0,0,0,0,0,0,1,0,0,1,1,0
1565,2026-06-27,Lubero,Bukenye,Irangira,Homme,Plus de 41 ans,Ménage retourné,6 à 12 mois,,Oui,Organisation Paysanne,8,2,1,1,4,1,Non,Oui,,0.0625,0.0625,Oui,4,Modérée,Maraîchers pomme de terre,E06,12.5,True,0,0,1,0,0,0,1,0,0,0,0,0,1,0,1,0,1,0,0,0,1,0,0,0,0,0,0,0,0,1,0,0,0,0,0,1,1,0,0,1,1,1,1,1,1,1,1,0,0,0,0,0,0,0,0,0,0,0,0,1,0,0,0,0,0,0,0,0,1,0,1,1,1,0,0,1,0
1566,2026-06-27,Lubero,Bukenye,Irangira,Homme,Plus de 41 ans,Ménage retourné,6 à 12 mois,,Oui,Organisation Paysanne,5,2,2,0,1,1,Non,Oui,,0.125,0.125,Oui,4,Modérée,Maraîchers pomme de terre,E06,9.3,True,0,0,0,0,0,1,0,1,1,0,0,0,1,0,1,0,1,0,0,0,1,0,0,0,0,0,0,1,0,0,0,0,0,0,0,1,1,0,1,1,1,1,1,1,1,1,1,0,0,0,0,0,0,0,0,0,0,0,0,1,1,1,0,1,0,0,0,0,1,0,1,1,1,0,0,1,0
1567,2026-06-27,Lubero,Bukenye,Irangira,Femme,Plus de 41 ans,Ménage retourné,6 à 12 mois,,Oui,Organisation Paysanne,4,1,1,2,0,0,Oui,,0.125,,0.125,Oui,3,Modérée,Maraîchers pomme de terre,E06,9.8,True,0,0,0,0,0,1,0,1,0,0,0,0,1,0,1,0,1,0,0,0,0,0,0,0,0,0,0,1,0,0,0,0,0,0,0,1,1,0,1,1,1,1,1,1,1,1,1,0,0,0,0,0,0,0,0,0,0,0,0,1,1,1,0,1,0,0,0,0,1,1,0,0,1,0,0,1,0
1568,2026-06-27,Lubero,Bukenye,Irangira,Femme,26 à 35 ans,Ménage retourné,Moins de 6 mois,,Oui,Organisation Paysanne,5,0,1,0,4,0,Non,Oui,,0.0625,0.0625,Non,4,Modérée,Maraîchers pomme de terre,E06,8.8,True,0,0,0,0,0,1,0,0,0,0,0,0,1,0,1,0,1,0,0,0,0,0,0,0,0,0,0,0,0,0,0,0,0,0,0,1,0,0,1,1,1,1,1,1,1,1,1,0,0,0,0,0,0,0,0,0,0,0,0,1,0,0,0,0,0,0,0,0,1,1,0,1,1,0,0,1,0
1569,2026-06-27,Lubero,Bukenye,Irangira,Homme,Plus de 41 ans,Ménage retourné,6 à 12 mois,,Oui,Organisation Paysanne,7,4,2,1,0,1,Non,Oui,,0.145,0.145,Oui,4,Modérée,Maraîchers pomme de terre,E06,10.5,True,0,0,0,0,0,0,0,1,0,0,0,0,1,0,1,0,1,0,0,0,1,0,0,0,0,0,0,1,1,0,0,0,0,0,0,1,1,0,1,1,1,1,1,1,1,1,1,0,0,0,0,0,0,0,0,0,0,0,0,0,1,0,0,0,0,0,0,0,1,0,1,1,1,0,0,1,0
1570,2026-06-27,Lubero,Bukenye,Irangira,Homme,Plus de 41 ans,Ménage retourné,6 à 12 mois,,Oui,Organisation Paysanne,9,2,2,4,1,0,Non,Oui,,0.925,0.925,Oui,3,Modérée,Maraîchers pomme de terre,E06,9.8,True,0,0,1,0,0,0,1,1,0,0,0,0,1,0,1,0,1,0,0,0,1,0,0,0,1,0,0,0,1,1,0,0,0,0,0,1,1,0,0,1,1,1,1,1,1,1,1,0,0,0,0,0,0,0,0,0,0,0,0,1,1,1,0,0,0,0,0,0,1,0,0,1,1,1,0,0,0
1571,2026-06-27,Lubero,Bukenye,Irangira,Femme,Plus de 41 ans,Famille d'accueil,,3,Oui,Organisation Paysanne,8,2,3,2,1,1,Non,Oui,,0.145,0.145,Oui,5,Élevée,Maraîchers pomme de terre,E06,10.6,True,0,0,0,0,0,1,0,1,0,0,0,0,1,0,1,0,1,0,0,0,1,0,0,0,0,0,0,1,0,0,0,0,0,0,0,1,1,0,0,1,1,1,1,1,1,1,1,0,0,0,0,0,0,0,0,0,0,0,0,1,1,1,0,0,0,0,0,0,1,1,1,1,0,0,0,1,1
1572,2026-06-27,Lubero,Bukenye,Irangira,Femme,Plus de 41 ans,Famille d'accueil,,4,Oui,Organisation Paysanne,18,3,5,7,3,1,Non,Oui,,0.25,0.25,Oui,5,Élevée,Maraîchers pomme de terre,E06,7.9,True,0,0,0,0,0,0,0,1,1,0,0,0,1,0,1,0,1,0,0,0,1,0,0,0,0,0,0,1,1,1,0,0,0,0,0,1,1,0,1,1,1,1,1,1,1,1,1,0,0,0,0,0,0,0,0,0,0,0,0,1,0,0,0,1,0,0,0,0,1,1,1,1,0,1,0,0,1
1573,2026-06-27,Lubero,Bukenye,Masereka,Femme,Plus de 41 ans,Famille d'accueil,,2,Oui,Coopérative,7,2,1,2,2,0,Oui,,0.15,,0.15,Oui,3,Modérée,Maraîchers pomme de terre,E02,10.8,True,0,0,1,0,0,1,1,1,0,0,0,0,1,0,1,0,1,0,0,0,0,0,0,0,0,0,0,1,0,0,0,0,0,0,0,0,0,0,1,1,0,0,0,1,0,0,0,1,0,0,0,0,0,0,0,0,0,0,0,0,1,1,0,1,0,0,1,0,0,1,0,0,0,0,0,1,1
1574,2026-06-28,Lubero,Bukenye,Masereka,Femme,26 à 35 ans,Ménage retourné,6 à 12 mois,,Non,,6,1,2,1,2,0,Oui,,0.15,,0.15,Oui,4,Modérée,Maraîchers pomme de terre,E02,9.5,True,0,0,0,0,0,0,0,0,0,0,0,0,1,0,1,0,1,0,0,0,1,0,0,0,0,0,0,1,0,0,0,0,0,0,0,0,0,0,1,1,0,0,0,1,0,0,0,1,0,0,0,0,0,0,0,0,0,0,0,0,0,1,0,0,0,0,0,0,0,1,0,0,1,0,1,1,0
1575,2026-06-28,Lubero,Bukenye,Masereka,Femme,Plus de 41 ans,Famille d'accueil,,10,Oui,Association,11,4,3,1,3,0,Oui,,1.66,,1.66,Oui,3,Modérée,Maraîchers pomme de terre,E10,9.4,True,0,0,1,0,0,0,1,1,1,0,0,0,1,0,1,0,1,0,0,0,1,0,0,0,1,0,0,1,1,0,0,0,0,0,0,1,1,0,0,1,1,0,0,1,1,1,0,0,0,0,0,0,0,0,0,0,0,0,0,0,0,0,0,1,0,0,0,0,0,1,0,0,0,1,0,0,1
1576,2026-06-28,Lubero,Buyora/Luotu,Autres villages,Femme,Plus de 41 ans,Famille d'accueil,,2,Non,,8,1,2,1,4,0,Non,Oui,,0.1,0.1,Oui,5,Élevée,Maraîchers pomme de terre,E13,11.9,False,0,1,1,0,0,1,2,1,1,0,0,0,1,0,1,0,1,0,0,0,1,0,0,0,1,0,0,1,1,0,0,0,0,0,0,1,1,0,0,1,1,0,0,1,1,0,0,0,0,0,0,0,0,0,0,0,0,0,0,0,0,0,0,0,0,1,1,0,0,1,0,1,0,0,1,1,1
1577,2026-06-28,Lubero,Buyora/Luotu,Autres villages,Homme,18 à 25 ans,Ménage retourné,6 à 12 mois,,Non,,6,2,1,1,2,0,Non,Non,,,,Oui,4,Modérée,Maraîchers pomme de terre,E13,17.4,False,0,1,0,0,0,0,1,0,0,0,0,0,0,0,0,0,0,0,0,0,0,0,0,0,0,0,0,1,1,0,0,0,0,0,0,1,1,0,0,1,1,0,0,1,1,0,0,0,0,0,0,0,0,0,0,0,0,0,0,0,0,0,1,0,1,0,0,0,0,0,0,1,1,0,1,1,0
1578,2026-06-28,Lubero,Bukenye,Luhiri,Femme,Plus de 41 ans,Ménage retourné,6 à 12 mois,,Oui,Association,10,2,3,3,2,0,Oui,,0.15,,0.15,Oui,4,Modérée,Maraîchers pomme de terre,E02,10.1,True,0,0,0,0,0,1,0,1,0,0,0,0,1,0,1,0,1,0,0,0,0,0,0,0,1,0,0,1,1,0,0,0,0,0,0,1,0,0,0,1,0,0,0,1,0,0,0,1,0,0,0,0,0,0,1,0,0,0,0,0,0,0,1,0,0,1,1,0,0,1,0,0,1,1,0,1,0
1579,2026-06-28,Lubero,Buyora/Luotu,Autres villages,Femme,26 à 35 ans,Ménage retourné,Moins de 6 mois,,Non,,7,1,1,1,4,1,Non,Non,,,,Non,6,Élevée,Petits producteurs peu diversifiés,E13,17.1,False,0,1,0,0,0,0,1,0,0,0,0,0,0,0,0,0,0,0,0,0,0,0,0,0,0,0,0,0,0,0,0,0,0,0,0,1,0,0,1,1,1,0,0,1,1,0,0,0,0,0,0,0,0,0,0,0,0,0,0,0,0,0,0,0,0,0,0,0,1,1,1,1,1,0,1,1,0
1580,2026-06-28,Lubero,Bukenye,Luhiri,Femme,Plus de 41 ans,Ménage retourné,1 à 2 ans,,Oui,Association,11,2,5,2,2,0,Oui,,0.06,,0.06,Oui,3,Modérée,Maraîchers pomme de terre,E02,10.4,True,0,0,0,0,0,0,0,0,1,0,0,0,1,0,1,0,1,0,0,0,1,0,0,0,1,0,0,0,0,0,1,1,0,0,0,1,0,0,0,1,0,0,0,1,0,0,0,1,0,0,0,0,0,0,0,0,0,0,0,0,0,1,0,0,0,1,0,0,0,1,0,0,0,1,0,1,0
1581,2026-06-28,Lubero,Bukenye,Irangira,Femme,36 à 40 ans,Ménage retourné,6 à 12 mois,,Oui,Organisation Paysanne,10,1,2,4,3,1,Non,Oui,,0.2,0.2,Oui,6,Élevée,Maraîchers pomme de terre,E06,10.8,True,0,0,0,0,0,0,0,0,0,0,0,0,1,0,1,0,1,0,0,0,0,0,0,0,0,0,0,1,1,0,0,0,0,0,0,1,1,0,1,1,1,1,1,1,1,1,1,0,0,0,0,0,0,0,0,0,0,0,0,1,0,0,0,0,0,0,0,0,1,1,1,1,1,1,0,1,0
1582,2026-06-28,Lubero,Bukenye,Masereka,Femme,Plus de 41 ans,Ménage retourné,plus de 2 ans,,Non,,9,4,3,1,1,0,Oui,,0.2,,0.2,Oui,4,Modérée,Maraîchers pomme de terre,E09,9.8,True,0,0,0,0,0,0,0,1,0,0,0,0,0,0,1,0,1,0,0,0,0,0,0,0,0,0,0,1,0,0,1,1,0,0,0,1,0,0,0,1,1,0,0,0,0,1,0,1,0,0,0,0,0,0,1,0,0,0,0,0,0,1,0,0,0,0,0,0,0,1,0,0,0,1,1,1,0
1583,2026-06-28,Lubero,Bukenye,Luhiri,Femme,Plus de 41 ans,Famille d'accueil,,3,Oui,Association,16,4,3,5,4,0,Oui,,0.06,,0.06,Oui,4,Modérée,Maraîchers pomme de terre,E02,10.5,True,0,0,0,0,0,0,0,0,0,0,0,0,1,0,1,0,0,0,0,0,1,0,0,0,1,0,0,1,0,0,0,0,0,0,0,0,0,1,0,1,0,0,0,1,0,0,0,0,0,0,0,0,0,0,1,0,0,0,0,0,0,1,0,0,0,0,0,0,0,1,0,0,0,1,0,1,1
1584,2026-06-28,Lubero,Bukenye,Irangira,Femme,Plus de 41 ans,Ménage retourné,6 à 12 mois,,Oui,Organisation Paysanne,17,7,4,4,2,0,Non,Oui,,0.625,0.625,Oui,4,Modérée,Maraîchers pomme de terre,E06,12.8,True,0,0,0,0,0,1,0,0,0,0,0,0,1,0,1,0,1,0,0,0,0,0,0,0,0,0,0,1,0,0,0,0,0,0,0,1,1,0,1,1,1,1,1,1,1,1,1,0,0,0,0,0,0,0,0,0,0,0,0,1,1,1,0,0,0,0,0,0,1,1,0,1,1,1,0,0,0
1585,2026-06-28,Lubero,Bukenye,Masereka,Homme,36 à 40 ans,Famille d'accueil,,2,Non,,10,4,3,1,2,0,Oui,,0.1,,0.1,Oui,4,Modérée,Maraîchers pomme de terre,E09,11.5,True,0,0,0,0,0,0,0,0,0,0,0,0,0,0,1,0,1,0,0,0,0,0,0,0,0,0,0,1,0,0,1,0,1,0,0,1,0,0,0,1,0,0,0,0,0,1,0,1,0,0,0,0,0,0,1,0,0,0,0,0,0,1,1,0,0,0,0,0,0,0,0,0,0,1,1,1,1
1586,2026-06-28,Lubero,Buyora/Luotu,Autres villages,Femme,26 à 35 ans,Famille d'accueil,,1,Non,,10,1,2,3,4,0,Non,Non,,,,Oui,5,Élevée,Maraîchers pomme de terre,E13,19.1,False,0,1,1,0,0,1,2,0,0,0,0,0,0,0,0,0,0,0,0,0,0,0,0,0,0,0,0,1,0,0,0,0,0,0,0,1,1,0,0,1,1,0,0,1,1,0,0,0,0,0,0,0,0,0,0,0,0,0,0,0,0,0,1,0,1,0,0,0,0,1,0,1,0,1,1,1,0
1587,2026-06-28,Lubero,Bukenye,Luhiri,Femme,26 à 35 ans,Famille d'accueil,,1,Oui,Association,4,0,3,1,0,0,Oui,,0.05,,0.05,Oui,2,Faible,Maraîchers pomme de terre,E02,8.2,True,0,0,0,0,0,0,0,0,0,0,0,0,1,0,0,0,0,0,0,0,0,0,0,0,0,0,0,1,0,0,0,0,0,0,0,0,0,0,1,1,0,0,0,1,0,0,0,0,0,0,0,0,0,0,0,0,0,0,0,0,1,1,0,0,0,0,0,0,0,1,0,0,0,0,0,1,0
1588,2026-06-28,Lubero,Bukenye,Masereka,Homme,36 à 40 ans,Famille d'accueil,,1,Oui,Coopérative,7,0,1,3,3,0,Oui,,0.15,,0.15,Oui,1,Faible,Maraîchers pomme de terre,E09,5.6,True,0,0,1,0,0,0,1,0,0,0,0,0,1,0,0,0,0,0,0,0,0,0,0,0,0,0,0,1,1,0,1,1,0,0,0,1,0,0,0,1,0,0,0,0,0,1,0,1,0,0,0,0,0,0,0,0,0,0,0,0,0,1,0,0,0,0,0,0,0,0,0,0,0,0,0,1,0
1589,2026-06-28,Lubero,Bukenye,Irangira,Femme,Plus de 41 ans,Famille d'accueil,,3,Oui,Organisation Paysanne,25,4,5,10,6,0,Non,Oui,,0.2,0.2,Oui,5,Élevée,Maraîchers pomme de terre,E06,9.8,True,0,0,0,0,0,1,0,0,0,0,0,0,1,0,1,0,1,0,0,0,0,0,0,0,0,0,0,1,0,1,0,0,0,0,0,1,1,0,1,1,1,1,1,1,1,1,1,0,0,0,0,0,0,0,0,0,0,0,0,1,1,1,0,0,0,0,0,0,1,1,0,1,0,1,0,1,1
1590,2026-06-28,Lubero,Bukenye,Masereka,Femme,Plus de 41 ans,Famille d'accueil,,1,Oui,Coopérative,8,0,0,3,5,0,Oui,,0.1875,,0.1875,Oui,2,Faible,Petits producteurs peu diversifiés,E09,8.1,True,0,0,0,0,0,0,0,1,0,0,0,0,0,0,1,0,1,0,0,0,0,0,0,0,0,0,0,0,1,0,0,0,0,0,0,1,0,0,0,1,0,0,0,0,0,1,0,1,0,0,0,0,0,0,1,0,0,0,0,0,0,1,1,0,0,0,0,0,0,1,0,0,0,0,0,1,0
1591,2026-06-28,Lubero,Bukenye,Luhiri,Femme,26 à 35 ans,Famille d'accueil,,1,Oui,Association,2,1,1,0,0,0,Oui,,0.05,,0.05,Oui,2,Faible,Maraîchers pomme de terre,E02,7.3,True,0,0,0,0,0,0,0,0,0,0,0,0,1,0,1,0,1,0,0,0,1,0,0,0,0,0,0,1,0,0,0,0,0,0,0,0,0,0,1,1,0,0,0,1,1,0,0,0,0,0,0,0,0,0,0,0,0,0,0,0,1,1,0,0,0,0,0,0,0,1,0,0,0,0,0,1,0
1592,2026-06-28,Lubero,Bukenye,Masereka,Homme,36 à 40 ans,Famille d'accueil,,1,Oui,Coopérative,5,1,2,1,1,0,Oui,,0.1875,,0.1875,Oui,1,Faible,Maraîchers pomme de terre,E09,8.1,True,0,0,0,0,0,0,0,0,0,0,0,0,0,0,1,0,1,0,0,0,1,0,0,0,0,0,0,0,0,0,1,1,0,0,0,1,0,0,0,1,0,0,0,1,0,1,0,1,0,0,0,0,0,0,0,0,0,0,0,0,0,1,0,0,0,0,0,0,0,0,0,0,0,0,0,1,0
1593,2026-06-28,Lubero,Bukenye,Luhiri,Femme,36 à 40 ans,Ménage retourné,6 à 12 mois,,Oui,Association,8,1,1,0,6,0,Oui,,0.05,,0.05,Oui,3,Modérée,Maraîchers pomme de terre,E02,7.7,True,0,0,0,0,0,0,0,0,0,0,0,0,1,0,1,0,0,0,0,0,1,0,0,0,1,0,0,1,0,1,0,0,0,0,0,0,0,0,1,1,0,0,0,1,0,0,0,0,0,0,0,0,0,0,0,0,0,0,0,0,1,0,0,0,0,0,0,0,0,1,0,0,1,0,0,1,0
1594,2026-06-28,Lubero,Bukenye,Kitsimba,Femme,26 à 35 ans,Famille d'accueil,,3,Oui,Association,23,2,5,11,5,1,Non,Oui,,0.125,0.125,Oui,6,Élevée,Maraîchers pomme de terre,E06,10.2,True,0,0,0,0,0,0,0,1,1,0,0,0,1,0,1,1,1,0,0,0,1,0,0,0,0,0,0,1,1,0,0,0,0,0,0,1,1,0,1,1,1,1,1,1,1,1,1,1,0,0,0,0,0,0,0,0,0,0,0,1,1,0,0,0,0,0,0,0,1,1,1,1,0,1,0,1,1
1595,2026-06-28,Lubero,Buyora/Luotu,Luotu,Femme,Plus de 41 ans,Ménage retourné,1 à 2 ans,,Non,,5,1,1,1,2,0,Non,Oui,,0.05,0.05,Oui,4,Modérée,Maraîchers pomme de terre,E13,13.5,False,0,1,0,0,0,1,1,1,1,0,0,0,1,0,1,0,0,0,0,0,1,0,0,0,1,0,0,0,1,1,0,0,0,0,0,1,1,0,0,1,1,0,0,1,1,0,0,0,0,0,0,0,0,0,0,0,0,0,0,0,0,0,1,0,0,0,1,0,0,1,0,1,0,0,1,1,0
1596,2026-06-28,Lubero,Bukenye,Masereka,Homme,36 à 40 ans,Famille d'accueil,,1,Oui,Coopérative,6,1,1,2,2,0,Oui,,0.25,,0.25,Oui,0,Faible,Maraîchers pomme de terre,E09,6.4,True,0,0,0,0,0,0,0,0,0,0,0,0,1,0,1,0,1,0,0,0,1,0,0,0,0,0,0,1,0,0,1,1,0,0,0,1,0,0,0,1,1,0,0,0,0,1,1,1,0,0,0,0,0,0,1,0,0,0,0,0,0,1,1,0,0,0,0,0,0,0,0,0,0,0,0,0,0
1597,2026-06-28,Lubero,Bukenye,Luhiri,Femme,Plus de 41 ans,Famille d'accueil,,2,Oui,Association,11,0,7,3,1,0,Oui,,0.06,,0.06,Oui,4,Modérée,Maraîchers pomme de terre,E02,12.8,True,0,0,0,0,0,1,0,0,0,0,0,0,1,0,1,0,1,0,0,0,1,0,0,0,0,0,0,1,0,0,0,0,0,0,0,1,0,0,0,1,0,0,0,1,0,0,0,0,0,0,0,0,0,0,1,0,0,0,0,0,0,0,1,0,0,1,0,0,0,1,0,0,0,1,0,1,1
1598,2026-06-28,Lubero,Bukenye,Masereka,Femme,18 à 25 ans,Famille d'accueil,,1,Non,,5,1,1,2,1,0,Oui,,0.1,,0.1,Oui,3,Modérée,Maraîchers pomme de terre,E09,4.9,True,1,0,0,0,0,0,1,0,0,0,0,0,0,0,1,0,1,0,0,0,0,0,0,0,0,0,0,0,0,0,1,1,0,0,0,1,0,0,0,0,0,0,1,1,0,1,0,1,0,0,0,0,0,0,1,0,0,0,0,0,0,1,1,0,0,0,0,0,0,1,0,0,0,0,1,1,0
1599,2026-06-28,Lubero,Buyora/Luotu,Luotu,Homme,Plus de 41 ans,Famille d'accueil,,2,Non,,12,2,2,3,5,0,Oui,,0.2,,0.2,Oui,4,Modérée,Maraîchers pomme de terre,E13,12.9,False,0,1,1,0,0,1,2,1,1,0,0,0,1,0,1,0,0,0,0,0,1,0,0,0,1,0,0,1,1,1,0,0,0,0,0,1,1,0,0,1,1,0,0,1,1,0,0,0,0,0,0,0,0,0,0,0,0,0,0,1,0,0,0,0,0,0,0,0,0,0,0,0,0,1,1,1,1
1600,2026-06-28,Lubero,Bukenye,Luhiri,Femme,Plus de 41 ans,Famille d'accueil,,1,Non,,5,0,1,2,2,0,Oui,,0.1,,0.1,Oui,3,Modérée,Maraîchers pomme de terre,E02,9.3,True,0,0,0,0,0,0,0,0,0,0,0,0,1,0,1,0,1,0,0,0,1,0,0,0,1,0,0,1,0,0,0,0,0,0,0,1,0,0,0,1,0,0,0,1,0,0,0,0,0,0,0,0,0,0,1,0,0,0,0,0,0,0,0,0,0,1,0,0,0,1,0,0,0,0,1,1,0
1601,2026-06-28,Lubero,Bukenye,Kitsimba,Femme,Plus de 41 ans,Famille d'accueil,,1,Oui,Organisation Paysanne,13,1,3,4,5,1,Non,Oui,,0.625,0.625,Oui,4,Modérée,Maraîchers pomme de terre,E06,13.8,True,0,0,0,0,0,1,0,1,1,0,0,0,1,0,1,0,1,0,0,0,1,0,0,0,0,0,0,1,0,1,0,0,0,0,0,1,1,0,0,1,1,1,1,1,1,1,1,1,0,0,0,0,0,0,0,0,0,0,0,1,1,1,0,0,0,0,0,0,1,1,1,1,0,1,0,0,0
1602,2026-06-28,Lubero,Bukenye,Luhiri,Homme,26 à 35 ans,Ménage retourné,1 à 2 ans,,Non,,5,1,1,3,0,0,Oui,,0.05,,0.05,Oui,2,Faible,Maraîchers pomme de terre,E02,6.9,True,0,0,0,0,0,0,0,0,0,0,0,0,1,0,1,0,0,0,0,0,1,0,0,0,0,0,0,0,1,0,0,0,0,0,0,1,0,0,0,1,0,0,0,1,0,0,0,1,0,0,0,0,0,0,1,0,0,0,0,0,0,1,0,0,0,0,0,0,0,0,0,0,0,0,1,1,0
1603,2026-06-28,Lubero,Bukenye,Luhiri,Femme,36 à 40 ans,Famille d'accueil,,1,Oui,Association,5,1,1,1,2,0,Oui,,0.1,,0.1,Oui,2,Faible,Maraîchers pomme de terre,E02,6.6,True,0,0,0,0,0,1,0,0,0,0,0,0,1,0,1,0,0,0,0,0,1,0,0,0,1,0,0,1,0,0,0,0,0,0,0,0,0,1,0,1,0,0,0,1,0,0,0,1,0,0,0,0,0,0,0,0,0,0,0,0,0,1,0,0,0,0,0,0,0,1,0,0,0,0,0,1,0
1604,2026-06-28,Lubero,Bukenye,Kitsimba,Homme,Plus de 41 ans,Ménage retourné,plus de 2 ans,,Oui,Organisation Paysanne,9,2,1,4,2,1,Non,Oui,,0.125,0.125,Oui,4,Modérée,Maraîchers pomme de terre,E06,10.9,True,0,0,0,0,0,1,0,0,0,0,0,0,1,0,1,1,1,0,0,0,1,0,0,0,1,0,0,1,0,0,0,0,0,0,0,1,1,0,1,1,1,1,1,1,1,1,1,0,0,0,0,0,0,0,0,0,0,0,0,1,1,0,0,0,0,0,0,0,1,0,1,1,0,1,0,1,0
1605,2026-06-28,Lubero,Bukenye,Luhiri,Femme,26 à 35 ans,Famille d'accueil,,2,Oui,Association,10,2,2,2,4,0,Oui,,0.15,,0.15,Non,4,Modérée,Maraîchers pomme de terre,E02,8.1,True,0,0,0,0,0,0,0,0,0,0,0,0,1,0,1,0,1,0,0,0,1,0,0,0,0,0,0,0,0,0,0,0,0,0,0,1,0,0,0,1,0,0,0,1,0,0,0,1,0,0,0,0,0,0,0,0,0,0,0,0,0,1,0,1,0,0,1,0,0,1,0,0,0,1,0,1,1
1606,2026-06-28,Lubero,Bukenye,Kitsimba,Homme,Plus de 41 ans,Famille d'accueil,,2,Oui,Organisation Paysanne,11,4,3,1,3,1,Non,Oui,,0.2,0.2,Oui,5,Élevée,Maraîchers pomme de terre,E06,12.6,True,0,0,1,0,0,1,1,1,1,0,0,0,1,0,1,1,1,0,0,0,0,0,0,0,1,0,0,0,0,0,1,0,1,0,0,1,1,0,0,1,1,1,1,1,1,1,1,0,0,0,0,0,0,0,0,0,0,0,0,1,1,1,0,0,0,0,0,0,1,0,1,1,0,1,0,1,1
1607,2026-06-28,Lubero,Bukenye,Luhiri,Femme,Plus de 41 ans,Famille d'accueil,,2,Non,,14,2,2,5,5,0,Oui,,0.16,,0.16,Oui,5,Élevée,Maraîchers pomme de terre,E02,9.9,True,0,0,0,0,0,0,0,0,0,0,0,0,1,0,1,0,0,0,0,0,1,0,0,0,1,0,0,1,1,0,0,0,0,0,0,1,0,0,0,1,0,0,0,1,0,0,0,1,0,0,0,0,0,0,0,0,0,0,0,0,0,0,0,0,0,0,1,0,0,1,0,0,0,1,1,1,1
1608,2026-06-28,Lubero,Bukenye,Kitsimba,Femme,Plus de 41 ans,Ménage retourné,6 à 12 mois,,Oui,Organisation Paysanne,7,3,4,0,0,1,Non,Oui,,0.3,0.3,Oui,4,Modérée,Maraîchers pomme de terre,E06,12.2,True,0,0,0,0,0,0,0,1,1,0,0,0,1,0,1,1,1,0,0,0,0,0,0,0,0,0,0,1,0,0,0,0,0,0,0,1,1,0,1,1,1,1,1,1,1,1,1,0,0,0,0,0,0,0,0,0,0,0,0,1,1,1,0,0,0,0,0,0,1,1,1,1,1,0,0,0,0
1609,2026-06-28,Lubero,Buyora/Luotu,Luotu,Femme,Plus de 41 ans,Ménage retourné,1 à 2 ans,,Non,,9,1,2,2,4,0,Non,Oui,,0.1,0.1,Oui,5,Élevée,Maraîchers pomme de terre,E13,21.9,False,0,1,0,0,0,0,1,1,1,0,0,0,0,0,1,0,0,0,0,0,1,0,0,0,1,0,0,1,1,0,0,0,0,0,0,1,1,0,0,1,1,0,0,1,1,0,0,0,0,0,0,0,0,0,1,0,0,0,0,0,0,0,0,0,0,0,0,0,0,1,0,1,0,1,1,1,0
1610,2026-06-28,Lubero,Bukenye,Luhiri,Femme,Plus de 41 ans,Famille d'accueil,,3,Oui,Association,9,1,2,2,4,0,Oui,,0.3,,0.3,Oui,3,Modérée,Maraîchers pomme de terre,E02,10.8,True,0,0,1,0,0,0,1,1,0,0,0,0,1,0,1,0,0,0,0,0,1,0,0,0,1,0,0,0,1,0,0,0,0,0,0,0,0,1,0,1,0,0,0,1,0,0,0,0,0,0,1,0,0,0,0,0,0,0,0,0,1,1,0,1,0,0,1,0,0,1,0,0,0,1,0,0,1
1611,2026-06-28,Lubero,Bukenye,Masereka,Femme,36 à 40 ans,Famille d'accueil,,3,Oui,Coopérative,33,7,11,8,7,0,Oui,,0.375,,0.375,Oui,3,Modérée,Maraîchers pomme de terre,E09,12.1,True,0,0,0,0,0,0,0,0,0,0,0,0,0,0,1,0,1,0,0,0,0,0,0,0,0,0,0,0,0,1,1,0,1,0,0,1,1,0,0,1,0,0,0,0,1,1,0,1,0,0,0,0,0,0,1,0,0,0,0,0,0,1,1,0,0,0,0,0,0,1,0,0,0,1,0,0,1
1612,2026-06-28,Lubero,Bukenye,Kitsimba,Homme,Plus de 41 ans,Famille d'accueil,,2,Oui,Organisation Paysanne,10,4,3,2,1,1,Non,Oui,,0.2,0.2,Oui,5,Élevée,Maraîchers pomme de terre,E06,10.8,True,0,0,0,0,0,1,0,0,0,0,0,0,1,0,1,0,1,0,0,0,1,0,0,0,0,0,0,1,0,0,0,0,0,0,0,1,1,0,0,1,1,1,1,1,1,1,1,0,0,0,0,0,0,0,0,0,0,0,0,1,1,0,0,0,0,0,0,0,1,0,1,1,0,1,0,1,1
1613,2026-06-28,Lubero,Bukenye,Luhiri,Femme,Plus de 41 ans,Famille d'accueil,,1,Oui,Association,12,2,2,5,3,0,Oui,,0.16,,0.16,Oui,3,Modérée,Maraîchers pomme de terre,E02,7.7,True,0,0,0,0,0,0,0,0,1,0,0,0,1,0,1,0,0,0,0,0,1,0,0,0,0,0,0,1,1,0,0,0,0,0,0,0,0,0,1,1,0,0,0,1,0,0,0,1,0,0,0,0,0,0,0,0,0,0,0,0,0,0,0,1,0,0,1,0,0,1,0,0,0,1,0,1,0
1614,2026-06-28,Lubero,Bukenye,Luhiri,Femme,26 à 35 ans,Ménage retourné,6 à 12 mois,,Non,,8,1,1,4,2,0,Oui,,0.05,,0.05,Oui,4,Modérée,Maraîchers pomme de terre,E02,7.6,True,0,0,0,0,0,1,0,0,0,0,0,0,1,0,0,0,0,0,0,0,0,0,0,0,0,0,0,1,0,0,0,0,0,0,0,0,0,0,1,1,0,0,0,1,0,0,0,0,0,0,0,0,0,0,0,0,0,0,0,0,1,0,0,0,0,0,0,0,0,1,0,0,1,0,1,1,0
1615,2026-06-28,Lubero,Bukenye,Kitsimba,Femme,Plus de 41 ans,Ménage retourné,6 à 12 mois,,Oui,Organisation Paysanne,8,2,2,2,2,0,Non,Oui,,0.2,0.2,Oui,4,Modérée,Maraîchers pomme de terre,E06,10.0,True,0,0,0,0,0,1,0,1,1,0,0,0,1,0,1,1,1,1,0,0,0,0,0,0,1,0,0,1,0,1,0,0,0,0,0,1,1,0,1,1,1,1,1,1,1,1,1,0,0,0,0,0,0,0,0,0,0,0,0,0,1,0,0,0,0,0,0,0,1,1,0,1,1,0,0,1,0
1616,2026-06-28,Lubero,Bukenye,Masereka,Femme,18 à 25 ans,Ménage retourné,Moins de 6 mois,,Non,,3,1,1,,1,0,Oui,,0.15,,0.15,Non,4,Modérée,Maraîchers pomme de terre,E10,12.6,True,0,0,0,0,0,0,0,0,0,0,0,0,1,0,1,0,1,0,0,0,0,0,0,0,0,0,0,0,0,0,0,0,0,0,0,1,0,0,0,1,0,0,0,1,1,0,0,0,0,0,0,0,0,0,0,0,0,0,0,0,0,0,1,0,0,0,0,0,0,1,0,0,1,0,1,1,0
1617,2026-06-28,Lubero,Bukenye,Luhiri,Femme,36 à 40 ans,Ménage retourné,6 à 12 mois,,Non,,10,1,3,3,3,0,Oui,,0.05,,0.05,Oui,5,Élevée,Maraîchers pomme de terre,E02,7.0,True,0,0,0,0,0,0,0,0,0,0,0,0,1,0,1,0,0,0,0,0,1,0,0,0,1,0,0,1,0,0,0,0,0,0,0,1,0,0,0,1,0,0,0,1,0,0,0,0,0,0,0,0,0,0,0,0,0,0,0,0,1,1,0,0,0,0,0,0,0,1,0,0,1,1,1,1,0
1618,2026-06-28,Lubero,Bukenye,Masereka,Femme,26 à 35 ans,Famille d'accueil,,1,Non,,6,0,1,2,3,0,Oui,,0.1,,0.1,Non,3,Modérée,Petits producteurs peu diversifiés,E09,8.6,True,0,0,0,0,0,0,0,1,0,0,0,0,0,0,0,0,0,0,0,0,0,0,0,0,0,0,0,0,0,0,0,0,0,0,0,0,0,0,1,1,0,0,0,0,0,1,0,1,0,0,0,0,0,0,0,0,0,0,0,0,0,1,0,0,0,0,0,0,0,1,0,0,0,0,1,1,0
1619,2026-06-28,Lubero,Bukenye,Kitsimba,Femme,26 à 35 ans,Ménage retourné,6 à 12 mois,,Oui,Organisation Paysanne,6,1,1,2,2,0,Non,Oui,,0.25,0.25,Oui,3,Modérée,Maraîchers pomme de terre,E06,11.8,True,0,0,0,0,0,0,0,1,1,0,0,0,1,0,1,1,1,0,0,0,1,0,0,0,1,0,0,1,0,0,0,0,0,0,0,1,1,0,1,1,1,1,1,1,1,1,1,0,0,0,0,0,0,0,0,0,0,0,0,0,1,1,0,0,0,0,0,0,1,1,0,1,1,0,0,0,0
1620,2026-06-28,Lubero,Bukenye,Luhiri,Femme,Plus de 41 ans,Ménage retourné,6 à 12 mois,,Oui,Association,9,2,2,2,3,0,Oui,,0.15,,0.15,Oui,4,Modérée,Maraîchers pomme de terre,E02,7.7,True,0,0,0,0,0,0,0,0,0,0,0,0,1,0,1,0,0,0,0,0,1,0,0,0,0,0,0,1,0,0,0,0,0,0,0,0,0,1,0,1,0,0,0,1,0,0,0,1,0,0,0,0,0,0,0,0,0,0,0,0,0,0,0,1,0,0,1,0,0,1,0,0,1,1,0,1,0
1621,2026-06-28,Lubero,Buyora/Luotu,Luotu,Homme,Plus de 41 ans,Famille d'accueil,,2,Non,,12,4,3,2,3,0,Oui,,0.25,,0.25,Oui,3,Modérée,Maraîchers pomme de terre,E13,13.8,False,0,1,0,0,0,0,1,1,1,0,0,0,1,0,1,0,1,0,0,0,1,0,0,0,1,0,0,1,1,1,0,0,0,0,0,1,1,0,0,1,1,0,0,1,1,0,0,0,0,0,0,0,0,0,0,0,0,0,0,0,0,0,0,0,1,0,0,1,0,0,0,0,0,1,1,0,1
1622,2026-06-28,Lubero,Bukenye,Masereka,Femme,26 à 35 ans,Ménage retourné,6 à 12 mois,,Oui,Association,7,2,1,1,3,0,Oui,,1.25,,1.25,Oui,2,Faible,Maraîchers pomme de terre,E10,8.7,True,0,0,0,0,0,0,0,1,0,0,0,0,1,0,1,0,1,0,0,0,0,0,0,0,0,0,0,1,0,0,0,0,0,0,0,1,0,0,0,1,0,0,0,1,1,0,0,0,0,0,0,0,0,0,0,0,0,0,0,0,0,0,0,1,0,0,0,0,0,1,0,0,1,0,0,0,0
1623,2026-06-28,Lubero,Bukenye,Masereka,Femme,36 à 40 ans,Famille d'accueil,,1,Non,,6,1,1,2,2,0,Oui,,0.05,,0.05,Oui,3,Modérée,Maraîchers pomme de terre,E09,6.2,True,0,0,0,0,0,0,0,0,0,0,0,0,0,0,1,0,1,0,0,0,0,0,0,0,0,0,0,1,0,1,0,0,0,0,0,1,0,0,0,0,0,1,0,1,1,0,0,1,0,0,0,0,0,0,1,0,0,0,0,0,0,1,1,0,0,0,0,0,0,1,0,0,0,0,1,1,0
1624,2026-06-28,Lubero,Bukenye,Luhiri,Femme,26 à 35 ans,Ménage retourné,1 à 2 ans,,Oui,Association,10,1,2,0,7,0,Oui,,0.15,,0.15,Oui,3,Modérée,Maraîchers pomme de terre,E02,7.5,True,0,0,0,0,0,0,0,0,0,0,0,0,1,0,1,0,1,0,0,0,1,0,0,0,0,0,0,1,0,0,0,0,0,0,0,1,0,0,0,1,0,0,0,1,0,0,0,0,0,0,0,0,0,0,1,0,0,0,0,0,1,0,0,0,0,0,0,0,0,1,0,0,0,1,0,1,0
1625,2026-06-28,Lubero,Bukenye,Kitsimba,Homme,Plus de 41 ans,Ménage retourné,6 à 12 mois,,Oui,Organisation Paysanne,12,4,2,4,2,1,Non,Oui,,0.125,0.125,Non,5,Élevée,Maraîchers pomme de terre,E06,10.8,True,0,0,0,0,0,1,0,1,1,0,0,0,1,0,1,1,1,0,0,0,1,1,0,0,1,0,0,0,0,0,0,0,0,0,0,1,0,1,0,1,1,1,1,1,1,1,1,0,0,0,1,0,0,0,0,0,0,0,0,1,0,0,0,0,0,0,0,0,1,0,1,1,1,1,0,1,0
1626,2026-06-28,Lubero,Bukenye,Masereka,Femme,18 à 25 ans,Famille d'accueil,,1,Oui,Association,13,1,4,4,4,0,Oui,,3.32,,3.32,Oui,2,Faible,Maraîchers pomme de terre,E10,30.8,True,0,0,0,0,0,0,0,0,0,0,0,0,1,0,1,0,1,0,0,0,1,0,0,0,0,0,0,1,1,0,1,1,0,0,0,1,1,0,0,1,1,0,0,1,1,0,1,0,0,0,0,0,0,0,1,0,0,0,0,0,0,1,0,0,0,0,0,0,0,1,0,0,0,1,0,0,0
1627,2026-06-28,Lubero,Buyora/Luotu,Luotu,Femme,Plus de 41 ans,Ménage retourné,6 à 12 mois,,Non,,10,2,2,2,4,0,Non,Oui,,0.15,0.15,Non,6,Élevée,Petits producteurs peu diversifiés,E13,13.1,False,0,1,0,0,0,0,1,1,1,0,0,0,0,0,1,0,0,0,0,0,1,0,0,0,1,0,0,0,0,0,0,0,0,0,0,1,1,0,0,1,1,0,0,1,1,0,0,0,0,0,0,0,0,0,0,0,0,0,0,0,0,0,0,0,0,0,0,0,1,1,0,1,1,1,1,1,0
1628,2026-06-28,Lubero,Bukenye,Luhiri,Femme,Plus de 41 ans,Famille d'accueil,,1,Oui,Association,9,0,4,3,2,0,Oui,,0.16,,0.16,Oui,3,Modérée,Maraîchers pomme de terre,E02,5.7,True,0,0,0,0,0,1,0,0,0,0,0,0,1,0,1,0,0,0,0,0,1,0,0,0,0,0,0,1,1,0,0,0,0,0,0,0,0,0,1,1,0,0,0,1,0,0,0,0,0,0,0,0,0,0,0,0,0,0,0,0,1,0,1,0,0,0,1,0,0,1,0,0,0,1,0,1,0
1629,2026-06-28,Lubero,Bukenye,Masereka,Femme,36 à 40 ans,Ménage retourné,6 à 12 mois,,Non,,12,3,2,4,3,0,Oui,,0.05,,0.05,Oui,5,Élevée,Maraîchers pomme de terre,E09,14.2,True,0,0,0,0,0,0,0,0,0,0,0,0,0,0,1,0,1,0,0,0,0,0,0,0,0,0,0,1,1,0,0,0,0,0,0,0,0,0,1,1,0,0,0,1,0,0,0,1,0,0,0,0,0,0,0,0,0,0,0,0,0,1,0,0,0,0,0,0,0,1,0,0,1,1,1,1,0
1630,2026-06-28,Lubero,Bukenye,Autres villages,Femme,Plus de 41 ans,Ménage retourné,6 à 12 mois,,Oui,Association,6,1,2,0,3,0,Oui,,0.05,,0.05,Non,3,Modérée,Petits producteurs peu diversifiés,E02,8.3,True,0,0,0,0,0,0,0,1,1,0,0,0,1,0,0,0,0,0,0,0,0,0,0,0,0,0,0,0,0,0,0,0,0,0,0,0,0,0,1,1,0,0,0,1,0,0,0,0,0,0,0,0,0,0,0,0,0,0,0,0,1,0,0,0,0,0,0,0,0,1,0,0,1,0,0,1,0
1631,2026-06-28,Lubero,Bukenye,Kitsimba,Femme,36 à 40 ans,Famille d'accueil,,2,Oui,Organisation Paysanne,15,1,2,5,7,0,Non,Oui,,0.25,0.25,Oui,4,Modérée,Maraîchers pomme de terre,E06,11.4,True,0,0,0,0,0,0,0,1,1,0,0,0,1,0,1,0,1,0,0,0,1,0,0,0,0,0,0,0,1,0,0,0,0,0,0,1,1,0,1,1,1,1,1,1,1,1,1,0,0,0,1,0,0,0,0,0,0,0,0,1,0,1,0,0,0,0,0,0,1,1,0,1,0,1,0,0,1
1632,2026-06-28,Lubero,Buyora/Luotu,Luotu,Homme,Plus de 41 ans,Famille d'accueil,,2,Non,,15,5,6,2,2,0,Non,Oui,,0.25,0.25,Oui,4,Modérée,Maraîchers pomme de terre,E13,10.2,False,0,1,0,0,0,0,1,1,1,0,0,0,1,0,1,0,0,0,0,0,1,0,0,0,1,0,0,1,1,0,0,0,0,0,0,1,1,0,0,1,1,0,0,1,1,0,0,0,0,0,0,0,0,0,0,0,0,0,0,0,0,0,0,0,0,0,0,0,1,0,0,1,0,1,1,0,1
1633,2026-06-28,Lubero,Bukenye,Luhiri,Femme,26 à 35 ans,Ménage retourné,6 à 12 mois,,Non,,5,1,1,1,2,0,Oui,,0.05,,0.05,Non,4,Modérée,Maraîchers pomme de terre,E02,9.3,True,0,0,0,0,0,0,0,1,0,0,0,0,1,0,1,0,0,0,0,0,1,0,0,0,1,0,0,0,0,0,0,0,0,0,0,0,0,0,1,1,0,0,0,1,0,0,0,0,0,0,0,0,0,0,0,0,0,0,0,0,1,0,0,0,0,0,0,0,0,1,0,0,1,0,1,1,0
1634,2026-06-28,Lubero,Bukenye,Kitsimba,Femme,18 à 25 ans,Ménage retourné,6 à 12 mois,,Oui,Organisation Paysanne,7,1,1,3,2,1,Non,Oui,,0.125,0.125,Non,5,Élevée,Maraîchers pomme de terre,E06,6.7,True,0,0,0,0,0,0,0,0,0,0,0,0,1,0,1,0,1,0,0,0,1,0,0,0,0,0,0,0,0,0,0,0,0,0,0,1,0,0,1,1,1,1,1,1,1,1,1,0,0,0,0,0,0,0,0,0,0,0,0,1,0,0,0,0,0,0,0,0,1,1,1,1,1,0,0,1,0
1635,2026-06-28,Lubero,Bukenye,Masereka,Femme,26 à 35 ans,Ménage retourné,6 à 12 mois,,Non,,4,1,1,1,1,0,Non,Oui,,0.0625,0.0625,Oui,5,Élevée,Maraîchers pomme de terre,E09,7.8,True,0,0,0,0,0,0,0,0,0,0,0,0,0,0,1,0,1,0,0,0,0,0,0,0,0,0,0,1,0,0,0,0,0,0,0,1,0,0,0,1,0,0,0,1,0,0,0,1,0,0,0,0,0,0,1,0,0,0,0,0,0,1,0,0,0,0,0,0,0,1,0,1,1,0,1,1,0
1636,2026-06-28,Lubero,Bukenye,Kitsimba,Femme,Plus de 41 ans,Famille d'accueil,,2,Oui,Organisation Paysanne,13,1,4,2,6,1,Non,Oui,,0.25,0.25,Non,5,Élevée,Maraîchers pomme de terre,E06,12.8,True,0,0,0,0,0,0,0,1,1,0,0,0,1,0,1,1,1,0,0,0,1,1,0,0,1,0,0,0,0,0,0,0,0,0,0,1,0,0,1,1,1,1,1,1,1,1,1,0,0,0,0,0,0,0,0,0,0,0,0,1,1,1,0,0,0,0,0,0,1,1,1,1,0,1,0,0,1
1637,2026-06-28,Lubero,Bukenye,Masereka,Femme,18 à 25 ans,Ménage retourné,Moins de 6 mois,,Oui,Association,4,1,1,2,,0,Non,Oui,,0.15,0.15,Oui,4,Modérée,Maraîchers pomme de terre,E10,11.2,True,0,0,0,0,0,1,0,0,0,0,0,0,1,0,1,0,1,0,0,0,1,0,0,0,0,0,0,1,1,0,0,0,0,0,0,1,0,0,0,1,0,0,0,1,1,1,0,0,0,0,0,0,0,0,1,0,0,0,0,0,0,0,1,0,0,0,0,0,0,1,0,1,1,0,0,1,0
1638,2026-06-28,Lubero,Bukenye,Luhiri,Femme,Plus de 41 ans,Famille d'accueil,,1,Oui,Association,10,2,3,2,3,0,Oui,,0.05,,0.05,Oui,3,Modérée,Maraîchers pomme de terre,E02,8.5,True,0,0,1,0,0,0,1,0,0,0,0,0,1,0,1,0,0,0,0,0,1,0,0,0,1,0,0,1,1,0,0,0,0,0,0,0,0,0,1,1,0,0,0,1,0,0,0,0,0,0,0,0,0,0,0,0,0,0,0,0,1,0,0,0,0,0,0,0,0,1,0,0,0,1,0,1,0
1639,2026-06-28,Lubero,Bukenye,Masereka,Femme,36 à 40 ans,Ménage retourné,6 à 12 mois,,Non,,7,1,2,3,1,0,Non,Oui,,0.1,0.1,Oui,5,Élevée,Maraîchers pomme de terre,E09,9.2,True,0,0,0,0,0,1,0,0,0,0,0,0,0,0,1,0,1,0,0,0,0,0,0,0,0,0,0,1,0,0,0,0,0,0,0,0,0,1,0,0,0,1,1,1,0,0,0,1,0,0,0,0,0,0,0,0,0,0,0,0,0,1,0,0,0,0,0,0,0,1,0,1,1,0,1,1,0
1640,2026-06-28,Lubero,Bukenye,Masereka,Femme,26 à 35 ans,Ménage retourné,Moins de 6 mois,,Non,,9,1,2,3,3,0,Non,Oui,,0.15,0.15,Non,6,Élevée,Maraîchers pomme de terre,E10,11.3,True,0,0,0,0,0,0,0,1,0,0,0,0,1,0,1,0,1,0,0,0,1,0,0,0,0,0,0,0,0,0,0,0,0,0,0,1,0,0,0,1,1,0,0,1,1,0,0,0,0,0,0,0,0,0,0,0,0,0,0,0,0,0,0,0,0,0,0,0,0,1,0,1,1,1,1,1,0
1641,2026-06-28,Lubero,Bukenye,Kitsimba,Homme,Plus de 41 ans,Ménage retourné,6 à 12 mois,,Oui,Organisation Paysanne,3,1,2,0,0,1,Non,Oui,,0.625,0.625,Non,3,Modérée,Maraîchers pomme de terre,E06,9.4,True,0,0,0,0,0,1,0,0,0,0,0,0,1,0,1,1,1,0,0,0,1,0,0,0,0,0,0,0,0,0,0,0,0,0,0,1,0,0,1,1,1,1,1,1,1,1,1,1,0,0,0,0,0,0,0,0,0,0,0,1,0,1,0,0,0,0,0,0,1,0,1,1,1,0,0,0,0
1642,2026-06-28,Lubero,Bukenye,Luhiri,Femme,Plus de 41 ans,Famille d'accueil,,1,Oui,Association,9,1,1,3,4,0,Oui,,0.05,,0.05,Non,3,Modérée,Maraîchers pomme de terre,E02,9.4,True,0,0,0,0,0,0,0,0,0,0,0,0,1,0,1,0,0,0,0,0,1,0,0,0,1,0,0,0,0,0,0,0,0,0,0,0,0,0,1,1,0,0,0,1,0,0,0,0,0,0,0,0,0,0,0,0,0,0,0,0,1,0,0,0,0,0,0,0,0,1,0,0,0,1,0,1,0
1643,2026-06-28,Lubero,Bukenye,Masereka,Femme,Plus de 41 ans,Famille d'accueil,,1,Non,,9,2,2,3,2,0,Oui,,0.1,,0.1,Oui,4,Modérée,Petits producteurs peu diversifiés,E09,10.5,True,0,0,0,0,0,0,0,1,0,0,0,0,0,0,0,0,0,0,0,0,0,0,0,0,0,0,0,1,0,0,0,0,0,0,0,1,0,0,0,1,1,0,0,0,0,1,0,1,0,0,0,0,0,0,1,0,0,0,0,0,0,1,0,0,0,0,0,0,0,1,0,0,0,1,1,1,0
1644,2026-06-28,Lubero,Bukenye,Kitsimba,Femme,Plus de 41 ans,Ménage retourné,Moins de 6 mois,,Oui,Organisation Paysanne,13,4,6,1,2,0,Non,Oui,,0.2,0.2,Oui,5,Élevée,Maraîchers pomme de terre,E06,9.9,True,0,0,0,0,0,1,0,1,1,0,0,0,1,0,1,1,1,0,0,0,1,0,0,0,1,0,0,0,1,0,0,0,0,0,0,1,1,0,1,1,1,1,1,1,1,1,1,0,0,0,1,0,0,0,0,0,0,0,0,1,0,1,0,0,0,0,0,0,1,1,0,1,1,1,0,1,0
1645,2026-06-28,Lubero,Bukenye,Luhiri,Femme,Plus de 41 ans,Famille d'accueil,,1,Non,,11,2,2,3,4,0,Oui,,0.1,,0.1,Non,4,Modérée,Petits producteurs peu diversifiés,E02,5.3,True,0,0,0,0,0,0,0,1,1,0,0,0,1,0,0,0,0,0,0,0,0,0,0,0,0,0,0,0,0,0,0,0,0,0,0,0,0,0,1,1,0,0,0,1,0,0,0,0,0,0,0,0,0,0,0,0,0,0,0,0,1,1,0,0,0,0,0,0,0,1,0,0,0,1,1,1,0
1646,2026-06-28,Lubero,Bukenye,Masereka,Femme,36 à 40 ans,Famille d'accueil,,1,Non,,13,4,3,3,3,1,Oui,,3.32,,3.32,Oui,4,Modérée,Maraîchers pomme de terre,E10,10.0,True,0,0,0,0,0,1,0,1,0,0,0,0,1,0,1,0,1,0,0,0,1,0,0,0,0,0,0,1,1,0,1,1,0,0,0,1,1,0,0,1,1,0,0,1,1,1,0,1,0,0,0,0,0,0,0,0,0,0,0,0,0,0,0,0,0,0,0,0,0,1,1,0,0,1,1,0,0
1647,2026-06-28,Lubero,Bukenye,Luhiri,Femme,36 à 40 ans,Ménage retourné,6 à 12 mois,,Oui,Association,2,1,1,0,0,1,Oui,,0.1,,0.1,Oui,4,Modérée,Maraîchers pomme de terre,E02,8.8,True,0,0,1,0,0,0,1,1,1,0,0,0,1,0,0,0,0,0,0,0,0,0,0,0,0,0,0,1,1,1,0,0,0,0,0,0,0,1,0,1,0,0,0,1,0,0,0,0,0,0,0,0,0,0,0,0,0,0,0,0,1,1,0,0,0,0,0,0,0,1,1,0,1,0,0,1,0
1648,2026-06-28,Lubero,Bukenye,Masereka,Homme,26 à 35 ans,Famille d'accueil,,1,Non,,4,2,2,0,0,0,Oui,,0.0625,,0.0625,Oui,2,Faible,Maraîchers pomme de terre,E09,9.1,True,0,0,0,0,0,0,0,0,0,0,0,0,0,0,1,0,1,0,0,0,0,0,0,0,0,0,0,1,1,0,0,0,0,0,0,1,0,0,0,1,0,0,0,1,0,0,0,1,0,0,0,0,0,0,0,0,0,0,0,0,0,1,0,0,0,0,0,0,0,0,0,0,0,0,1,1,0
1649,2026-06-28,Lubero,Bukenye,Kitsimba,Femme,Plus de 41 ans,Ménage retourné,Moins de 6 mois,,Oui,Organisation Paysanne,6,1,2,1,2,0,Non,Oui,,0.2,0.2,Oui,4,Modérée,Maraîchers pomme de terre,E06,11.5,True,0,0,0,0,0,1,0,1,1,0,0,0,1,0,1,1,1,0,0,0,1,0,0,0,0,0,0,1,1,0,1,0,1,0,0,1,0,0,1,1,1,1,1,1,1,1,1,0,0,0,1,0,0,0,0,0,0,0,0,1,0,0,0,0,0,0,0,0,1,1,0,1,1,0,0,1,0
1650,2026-06-28,Lubero,Bukenye,Masereka,Femme,36 à 40 ans,Ménage retourné,Moins de 6 mois,,Non,,12,2,2,3,5,0,Non,Oui,,0.15,0.15,Non,6,Élevée,Maraîchers pomme de terre,E10,7.0,True,0,0,0,0,0,1,0,0,0,0,0,0,1,0,1,0,1,0,0,0,1,0,0,0,0,0,0,0,0,0,0,0,0,0,0,1,0,0,0,1,0,0,0,1,1,1,0,1,0,0,0,0,0,0,1,0,0,0,0,0,0,0,1,0,0,0,0,0,0,1,0,1,1,1,1,1,0
1651,2026-06-28,Lubero,Bukenye,Luhiri,Femme,Plus de 41 ans,Ménage retourné,6 à 12 mois,,Oui,Association,9,1,1,5,2,0,Oui,,0.16,,0.16,Non,4,Modérée,Maraîchers pomme de terre,E02,5.8,True,0,0,0,0,0,0,0,0,0,0,0,0,1,0,1,0,0,0,0,0,1,0,0,0,1,0,0,0,0,0,0,0,0,0,0,0,0,0,1,1,0,0,0,1,0,0,0,1,0,0,0,0,0,0,0,0,0,0,0,0,0,1,0,0,0,0,0,0,0,1,0,0,1,1,0,1,0
1652,2026-06-28,Lubero,Bukenye,Masereka,Femme,26 à 35 ans,Ménage retourné,Moins de 6 mois,,Non,,8,2,2,3,1,0,Non,Oui,,0.0625,0.0625,Oui,5,Élevée,Maraîchers pomme de terre,E09,13.0,True,0,0,0,0,0,1,0,0,0,0,0,0,1,0,0,0,0,0,0,0,0,0,0,0,0,0,0,1,0,0,0,0,0,0,0,0,0,0,1,1,0,0,0,1,0,0,0,1,0,0,0,0,0,0,0,0,0,0,0,0,0,1,0,0,0,0,0,0,0,1,0,1,1,0,1,1,0
1653,2026-06-28,Lubero,Bukenye,Autres villages,Femme,Plus de 41 ans,Famille d'accueil,,3,Oui,Association,11,3,5,2,1,0,Oui,,0.1,,0.1,Oui,4,Modérée,Maraîchers pomme de terre,E10,9.2,True,0,0,0,0,0,0,0,0,0,0,0,0,1,0,1,0,1,0,0,0,1,0,0,0,0,0,0,1,0,0,0,0,0,0,0,1,0,0,0,1,0,0,0,1,1,0,0,0,0,0,0,0,0,0,1,0,0,0,0,0,0,0,1,0,0,0,0,0,0,1,0,0,0,1,0,1,1
1654,2026-06-28,Lubero,Bukenye,Luhiri,Femme,Plus de 41 ans,Ménage retourné,1 à 2 ans,,Oui,Association,6,0,2,2,2,0,Oui,,0.1,,0.1,Oui,2,Faible,Maraîchers pomme de terre,E02,8.0,True,0,0,0,0,0,1,0,0,0,0,0,0,1,0,1,0,0,0,0,0,1,0,0,0,0,0,0,1,1,0,0,0,0,0,0,1,0,0,0,1,0,0,0,1,0,0,0,1,0,0,0,0,0,0,0,0,0,0,0,0,0,1,0,0,0,0,0,0,0,1,0,0,0,0,0,1,0
1655,2026-06-28,Lubero,Bukenye,Kitsimba,Femme,Plus de 41 ans,Famille d'accueil,,2,Oui,Organisation Paysanne,19,3,5,3,8,1,Non,Oui,,0.4,0.4,Non,5,Élevée,Maraîchers pomme de terre,E06,20.5,True,0,0,0,0,0,0,0,1,1,0,0,0,1,0,1,1,1,0,0,0,1,0,0,0,1,0,0,0,0,0,0,0,0,0,0,1,0,0,1,1,1,1,1,1,1,1,1,0,0,0,0,0,0,0,0,0,0,0,0,1,1,1,0,0,0,0,0,0,1,1,1,1,0,1,0,0,1
1656,2026-06-28,Lubero,Bukenye,Luhiri,Femme,26 à 35 ans,Famille d'accueil,,1,Oui,Association,10,0,4,4,2,1,Oui,,0.1,,0.1,Oui,4,Modérée,Maraîchers pomme de terre,E02,6.5,True,0,0,0,0,0,0,0,0,0,0,0,0,1,0,1,0,1,0,0,0,1,0,0,0,1,0,0,1,0,0,0,0,0,0,0,0,0,1,0,1,0,0,0,1,0,0,0,0,0,0,0,0,0,0,1,0,0,0,0,0,0,1,0,0,0,0,0,0,0,1,1,0,0,1,0,1,0
1657,2026-06-28,Lubero,Bukenye,Masereka,Femme,26 à 35 ans,Ménage retourné,Moins de 6 mois,,Oui,Association,8,2,2,3,1,0,Oui,,0.625,,0.625,Oui,2,Faible,Maraîchers pomme de terre,E10,15.0,True,0,0,0,0,0,1,0,1,0,0,0,0,1,0,1,0,1,0,0,0,1,0,0,0,0,0,0,1,0,0,0,0,0,0,0,1,1,0,0,1,0,0,0,1,1,1,0,0,0,0,0,0,0,0,1,0,0,0,0,0,0,1,0,0,0,0,0,0,0,1,0,0,1,0,0,0,0
1658,2026-06-28,Lubero,Bukenye,Masereka,Femme,Plus de 41 ans,Famille d'accueil,,2,Non,,8,2,2,2,2,0,Non,Oui,,0.0625,0.0625,Oui,5,Élevée,Maraîchers pomme de terre,E09,7.0,True,0,0,0,0,0,1,0,0,0,0,0,0,1,0,0,0,0,0,0,0,0,0,0,0,0,0,0,1,0,0,0,0,0,0,0,1,1,0,0,1,1,0,0,1,0,0,0,1,0,0,0,0,0,0,0,0,0,0,0,0,0,1,0,0,0,0,0,0,0,1,0,1,0,0,1,1,1
1659,2026-06-28,Lubero,Bukenye,Masereka,Homme,Plus de 41 ans,Famille d'accueil,,3,Oui,Coopérative,11,2,2,3,4,0,Oui,,0.1,,0.1,Oui,3,Modérée,Maraîchers pomme de terre,E09,9.2,True,0,0,0,0,0,0,0,0,0,0,0,0,1,0,0,0,0,0,0,0,0,0,0,0,0,0,0,0,0,0,1,1,0,0,0,1,0,0,0,1,0,0,0,1,0,0,0,1,0,0,0,0,0,0,1,0,0,0,0,0,0,1,1,0,0,0,0,0,0,0,0,0,0,1,0,1,1
1660,2026-06-28,Lubero,Bukenye,Masereka,Femme,26 à 35 ans,Famille d'accueil,,2,Oui,Association,11,3,3,3,2,0,Oui,,,,,Oui,4,Modérée,Maraîchers pomme de terre,E10,10.0,True,0,0,0,1,0,0,1,0,0,0,0,0,1,0,1,1,1,0,0,0,1,0,0,0,0,0,0,1,0,0,1,0,0,0,0,1,1,0,0,1,0,0,0,1,1,1,0,0,0,0,0,0,0,0,1,0,0,0,0,0,0,0,1,0,0,0,0,0,0,1,0,0,0,1,0,1,1
1661,2026-06-28,Lubero,Bukenye,Kitsimba,Homme,Plus de 41 ans,Ménage retourné,6 à 12 mois,,Oui,Organisation Paysanne,9,3,2,2,2,1,Non,Oui,,0.125,0.125,Oui,5,Élevée,Maraîchers pomme de terre,E06,14.9,True,0,0,0,0,0,0,0,1,1,0,0,0,1,0,1,0,1,0,0,0,0,0,0,0,0,0,0,1,0,0,0,0,0,0,0,1,1,0,0,1,1,1,1,1,1,1,1,0,0,0,0,0,0,0,0,0,0,0,0,1,0,0,0,0,0,0,0,0,1,0,1,1,1,1,0,1,0
1662,2026-06-28,Lubero,Bukenye,Masereka,Homme,18 à 25 ans,Ménage retourné,1 à 2 ans,,Non,,3,2,0,1,0,0,Non,Oui,,0.0625,0.0625,Oui,3,Modérée,Maraîchers pomme de terre,E09,14.7,True,0,0,1,0,0,0,1,0,0,0,0,0,0,0,1,0,1,0,0,0,0,0,0,0,0,0,0,1,0,0,0,0,0,0,0,1,0,0,0,1,0,0,0,1,0,0,0,1,0,0,0,0,0,0,1,0,0,0,0,0,0,1,0,0,0,0,0,0,0,0,0,1,0,0,1,1,0
1663,2026-06-28,Lubero,Bukenye,Masereka,Femme,18 à 25 ans,Ménage retourné,6 à 12 mois,,Non,,3,,1,1,1,0,Non,Oui,,0.1,0.1,Oui,5,Élevée,Maraîchers pomme de terre,E10,11.7,True,0,0,0,0,0,0,0,0,0,0,0,0,1,0,1,0,1,0,0,0,1,0,0,0,1,0,0,1,0,0,0,0,0,0,0,1,0,0,0,1,1,0,1,1,1,1,0,0,0,0,0,0,0,0,0,0,0,0,0,0,0,0,1,1,0,0,1,0,0,1,0,1,1,0,1,1,0
1664,2026-06-28,Lubero,Bukenye,Kitsimba,Femme,26 à 35 ans,Famille d'accueil,,1,Oui,Organisation Paysanne,14,1,3,5,5,3,Non,Oui,,0.125,0.125,Oui,5,Élevée,Maraîchers pomme de terre,E06,21.0,True,0,0,0,0,0,0,0,1,1,0,0,0,1,0,1,0,1,0,0,0,1,1,0,0,0,0,0,1,1,0,0,0,0,0,0,1,1,0,1,1,1,1,1,1,1,1,1,1,0,0,0,0,0,0,0,0,0,0,0,1,0,0,0,0,0,0,0,0,1,1,1,1,0,1,0,1,0
1665,2026-06-28,Lubero,Bukenye,Masereka,Femme,18 à 25 ans,Ménage retourné,plus de 2 ans,,Non,,4,1,1,1,1,0,Non,Oui,,0.0625,0.0625,Non,4,Modérée,Maraîchers pomme de terre,E09,10.5,True,0,0,0,0,0,0,0,0,0,0,0,0,1,0,0,0,0,0,0,0,0,0,0,0,0,0,0,0,0,0,0,0,0,0,0,0,0,0,1,1,0,0,0,1,0,0,0,1,0,0,0,0,0,0,1,0,0,0,0,0,0,1,1,0,0,0,0,0,0,1,0,1,0,0,1,1,0
1666,2026-06-28,Lubero,Bukenye,Masereka,Femme,26 à 35 ans,Ménage retourné,1 à 2 ans,,Non,,6,1,1,2,2,0,Non,Oui,,0.093,0.093,Non,4,Modérée,Maraîchers pomme de terre,E10,9.9,True,0,0,0,0,0,0,0,0,0,0,0,0,1,0,1,0,1,0,0,0,1,0,0,0,0,0,0,0,0,0,0,0,0,0,0,1,0,0,0,1,1,0,0,1,0,0,0,0,0,0,0,0,0,0,0,0,0,0,0,0,0,0,1,0,0,0,0,0,0,1,0,1,0,0,1,1,0
1667,2026-06-28,Lubero,Bukenye,Luhiri,Homme,Plus de 41 ans,Ménage retourné,6 à 12 mois,,Non,,5,4,1,0,0,0,Oui,,0.2,,0.2,Oui,3,Modérée,Maraîchers pomme de terre,E02,7.7,True,0,0,0,0,0,0,0,0,0,0,0,0,1,0,1,0,1,0,0,0,1,0,0,0,0,0,0,1,1,0,0,0,0,0,0,1,0,0,0,1,0,0,0,1,0,0,0,1,0,0,0,0,0,0,0,0,0,0,0,0,0,1,0,0,0,1,0,0,0,0,0,0,1,0,1,1,0
1668,2026-06-28,Lubero,Buyora/Luotu,Luotu,Femme,Plus de 41 ans,Ménage retourné,1 à 2 ans,,Non,,7,1,1,1,4,0,Non,Non,,,,Oui,4,Modérée,Maraîchers pomme de terre,E13,10.3,False,0,1,1,0,0,0,2,0,0,0,0,0,0,0,0,0,0,0,0,0,0,0,0,0,0,0,0,1,0,0,0,0,0,0,0,1,1,0,0,1,1,0,0,1,1,0,0,0,0,0,0,0,0,0,0,0,0,0,0,0,0,0,1,0,0,1,0,0,0,1,0,1,0,0,1,1,0
1669,2026-06-28,Lubero,Bukenye,Masereka,Femme,18 à 25 ans,Famille d'accueil,,1,Oui,Coopérative,13,5,3,2,3,0,Non,Oui,,0.0625,0.0625,Oui,4,Modérée,Maraîchers pomme de terre,E10,9.4,True,0,0,0,0,0,0,0,0,0,0,0,0,1,0,1,0,1,0,0,0,1,0,0,0,0,0,0,0,0,1,0,0,0,0,0,1,0,0,0,1,0,0,0,1,1,1,0,0,0,0,0,0,0,0,1,0,0,0,0,0,0,0,1,0,0,0,0,0,0,1,0,1,0,1,0,1,0
1670,2026-06-28,Lubero,Bukenye,Kitsimba,Femme,18 à 25 ans,Ménage retourné,Moins de 6 mois,,Oui,Organisation Paysanne,12,4,4,2,2,2,Non,Oui,,0.2,0.2,Oui,6,Élevée,Maraîchers pomme de terre,E06,9.5,True,0,0,0,0,0,0,0,1,1,0,0,0,1,0,1,1,1,0,0,0,0,0,0,0,1,0,0,0,1,0,0,0,0,0,0,1,1,0,1,1,1,1,1,1,1,1,1,0,0,0,0,0,0,0,0,0,0,0,0,1,0,0,0,0,0,0,0,0,1,1,1,1,1,1,0,1,0
1671,2026-06-28,Lubero,Buyora/Luotu,Luotu,Femme,Plus de 41 ans,Famille d'accueil,,2,Non,,8,2,3,2,1,0,Oui,,0.15,,0.15,Oui,4,Modérée,Maraîchers pomme de terre,E13,11.4,False,0,1,0,0,0,0,1,1,1,0,0,0,1,0,1,0,0,0,0,0,1,0,0,0,1,0,1,1,1,1,0,0,0,0,0,1,1,0,0,1,1,0,0,1,1,0,0,0,0,0,0,0,0,0,0,0,0,0,0,0,0,0,1,0,0,0,0,0,0,1,0,0,0,0,1,1,1
1672,2026-06-28,Lubero,Bukenye,Kitsimba,Homme,Plus de 41 ans,Famille d'accueil,,2,Oui,Organisation Paysanne,15,3,3,7,2,1,Non,Oui,,0.175,0.175,Oui,5,Élevée,Maraîchers pomme de terre,E06,11.2,True,0,0,0,0,0,1,0,1,1,0,0,0,1,0,1,1,1,0,0,0,1,1,0,0,1,0,0,1,0,0,1,0,1,0,0,1,1,0,1,1,1,1,1,1,1,1,1,1,0,0,0,0,0,0,0,0,0,0,0,1,0,1,0,0,0,0,0,0,1,0,1,1,0,1,0,1,1
1673,2026-06-28,Lubero,Bukenye,Masereka,Femme,36 à 40 ans,Famille d'accueil,,2,Oui,Association,12,2,3,4,3,0,Oui,,0.1,,0.1,Oui,4,Modérée,Maraîchers pomme de terre,E09,9.9,True,0,0,0,0,0,1,0,0,0,0,0,0,1,0,0,0,0,0,0,0,0,0,0,0,0,0,0,0,1,0,0,0,0,0,0,1,0,0,0,1,0,0,0,1,0,0,0,1,0,0,0,0,0,0,1,0,0,0,0,0,0,1,0,0,0,0,0,0,0,1,0,0,0,1,0,1,1
1674,2026-06-28,Lubero,Bukenye,Masereka,Femme,36 à 40 ans,Famille d'accueil,,3,Oui,Association,10,1,3,1,5,0,Oui,,0.015,,0.015,Oui,4,Modérée,Maraîchers pomme de terre,E10,6.7,True,0,0,0,0,0,1,0,0,0,0,0,0,1,0,1,0,1,0,0,0,1,0,0,0,0,0,0,0,0,0,1,0,1,0,0,1,1,0,0,1,1,0,0,1,1,1,0,1,0,0,0,0,0,0,0,0,0,0,0,0,0,1,0,0,0,0,0,0,0,1,0,0,0,1,0,1,1
1675,2026-06-28,Lubero,Buyora/Luotu,Luotu,Femme,Plus de 41 ans,Famille d'accueil,,1,Non,,7,1,2,2,2,0,Non,Oui,,0.15,0.15,Oui,4,Modérée,Petits producteurs peu diversifiés,E13,15.2,False,0,1,1,0,0,1,2,1,1,0,0,0,0,0,1,0,0,0,0,0,1,0,0,0,1,0,1,1,0,0,0,0,0,0,0,1,1,0,0,1,1,0,0,1,1,0,0,0,0,0,0,0,0,0,0,0,0,0,0,0,0,0,0,0,0,0,0,0,1,1,0,1,0,0,1,1,0
1676,2026-06-28,Lubero,Bukenye,Kitsimba,Homme,Plus de 41 ans,Ménage retourné,6 à 12 mois,,Oui,Organisation Paysanne,10,5,1,1,3,0,Non,Oui,,0.2,0.2,Non,4,Modérée,Maraîchers pomme de terre,E06,10.2,True,0,0,0,0,0,0,0,1,1,0,0,0,1,0,1,1,1,0,0,0,1,0,0,0,1,0,0,0,0,0,0,0,0,0,0,1,0,0,1,1,1,1,1,1,1,1,1,0,0,0,0,0,0,0,0,0,0,0,0,1,0,1,0,0,0,0,0,0,1,0,0,1,1,1,0,1,0
1677,2026-06-28,Lubero,Bukenye,Masereka,Femme,26 à 35 ans,Famille d'accueil,,1,Non,,12,2,4,4,2,0,Oui,,0.0625,,0.0625,Oui,4,Modérée,Maraîchers pomme de terre,E10,10.0,True,0,0,1,0,0,0,1,0,0,0,0,0,0,0,1,0,1,0,0,0,1,0,0,0,0,0,0,1,0,0,0,0,0,0,0,1,1,0,0,1,0,0,0,1,1,1,0,0,0,0,0,0,0,0,1,0,0,0,0,0,0,0,0,1,0,0,0,0,0,1,0,0,0,1,1,1,0
1678,2026-06-28,Lubero,Bukenye,Kitsimba,Homme,Plus de 41 ans,Ménage retourné,6 à 12 mois,,Oui,Organisation Paysanne,12,3,2,4,3,1,Non,Oui,,0.2,0.2,Non,5,Élevée,Maraîchers pomme de terre,E06,13.5,True,0,0,0,0,0,0,0,1,1,0,0,0,1,0,1,1,1,0,0,0,1,1,0,0,0,0,0,0,0,0,0,0,0,0,0,1,0,0,1,1,1,1,1,1,1,1,1,0,0,0,1,0,0,0,0,0,0,0,0,1,1,1,0,1,0,0,0,0,1,0,1,1,1,1,0,1,0
1679,2026-06-28,Lubero,Buyora/Luotu,Luotu,Femme,Plus de 41 ans,Famille d'accueil,,2,Oui,Organisation Paysanne,9,3,3,2,1,0,Non,Oui,,0.1,0.1,Oui,5,Élevée,Maraîchers pomme de terre,E13,13.4,False,0,1,0,0,0,0,1,1,1,0,0,0,0,0,1,0,0,0,0,0,1,0,0,0,1,0,0,1,1,1,0,0,0,0,0,1,1,0,0,1,1,0,0,1,1,0,0,0,0,0,0,0,0,0,0,0,0,0,0,0,0,0,1,0,0,0,0,0,0,1,0,1,0,1,0,1,1
1680,2026-06-28,Lubero,Bukenye,Masereka,Femme,36 à 40 ans,Ménage retourné,6 à 12 mois,,Oui,Coopérative,9,5,3,1,,0,Oui,,0.125,,0.125,Oui,4,Modérée,Maraîchers pomme de terre,E10,9.2,True,0,0,0,0,0,0,0,1,1,0,0,0,1,0,1,0,1,0,0,0,0,0,0,0,0,0,0,1,0,0,1,0,0,0,1,1,1,0,0,1,1,0,0,1,0,1,0,0,0,0,0,0,0,0,1,0,0,0,0,0,0,0,1,0,0,0,0,0,0,1,0,0,1,1,0,1,0
1681,2026-06-28,Lubero,Bukenye,Kitsimba,Femme,26 à 35 ans,Ménage retourné,Moins de 6 mois,,Oui,Organisation Paysanne,9,2,1,3,3,0,Non,Oui,,0.25,0.25,Non,4,Modérée,Maraîchers pomme de terre,E06,17.3,True,0,0,0,0,0,1,0,1,1,0,0,0,1,0,1,1,1,0,0,0,1,0,0,0,1,0,0,0,0,0,0,0,0,0,0,1,0,1,1,1,1,1,1,1,1,1,1,0,0,0,0,0,0,0,0,0,0,0,0,1,0,1,0,0,0,0,0,0,1,1,0,1,1,1,0,0,0
1682,2026-06-28,Lubero,Buyora/Luotu,Luotu,Femme,Plus de 41 ans,Ménage retourné,6 à 12 mois,,Non,,7,1,1,2,3,0,Non,Oui,,0.05,0.05,Oui,5,Élevée,Maraîchers pomme de terre,E13,23.0,False,0,1,0,0,0,0,1,1,0,0,0,0,0,0,1,1,0,0,0,0,0,1,0,0,1,0,1,1,0,0,0,0,0,0,0,1,1,0,0,1,1,0,0,1,1,0,0,0,0,0,0,0,0,0,0,0,0,0,0,0,0,0,0,0,0,0,0,0,1,1,0,1,1,0,1,1,0
1683,2026-06-28,Lubero,Bukenye,Kitsimba,Femme,26 à 35 ans,Famille d'accueil,,2,Oui,Organisation Paysanne,13,3,3,6,1,0,Non,Oui,,0.125,0.125,Non,5,Élevée,Maraîchers pomme de terre,E06,11.8,True,0,0,0,0,0,1,0,1,1,0,0,0,1,0,1,1,1,0,0,0,1,0,0,0,1,0,0,0,0,0,0,0,0,0,0,1,0,1,1,1,1,1,1,1,1,1,1,0,0,0,0,0,0,0,0,0,0,0,0,1,0,1,0,0,0,0,0,0,1,1,0,1,0,1,0,1,1
1684,2026-06-28,Lubero,Buyora/Luotu,Luotu,Homme,Plus de 41 ans,Famille d'accueil,,3,Oui,Organisation Paysanne,15,3,3,3,6,0,Non,Oui,,0.5,0.5,Oui,3,Modérée,Maraîchers pomme de terre,E13,13.9,False,0,1,0,0,0,0,1,1,1,0,0,0,1,0,1,0,0,0,0,0,0,0,0,0,1,0,1,1,1,1,0,0,0,0,0,1,1,0,0,1,1,0,0,1,1,0,0,0,0,0,0,0,0,0,0,0,0,0,0,0,0,0,1,0,0,1,0,0,0,0,0,1,0,1,0,0,1
1685,2026-06-28,Lubero,Bukenye,Kitsimba,Homme,Plus de 41 ans,Ménage retourné,6 à 12 mois,,Oui,Organisation Paysanne,8,2,2,2,2,0,Non,Oui,,0.125,0.125,Oui,3,Modérée,Maraîchers pomme de terre,E06,12.6,True,0,0,0,0,0,0,0,1,1,0,0,0,1,0,1,1,1,0,0,0,1,0,0,0,1,0,0,1,0,1,0,0,0,0,0,1,1,1,1,1,1,1,1,1,1,1,1,0,0,0,0,0,0,0,0,0,0,0,0,1,0,0,0,0,0,0,0,0,1,0,0,1,1,0,0,1,0
1686,2026-06-28,Lubero,Buyora/Luotu,Luotu,Homme,Plus de 41 ans,Ménage retourné,Moins de 6 mois,,Non,,14,4,3,3,4,2,Non,Oui,,0.2,0.2,Oui,6,Élevée,Maraîchers pomme de terre,E13,18.4,False,0,1,0,0,0,0,1,1,1,0,0,0,1,0,1,0,0,0,0,0,1,0,0,0,1,0,1,1,1,1,0,0,0,0,0,1,1,0,0,1,1,0,0,1,1,0,0,0,0,0,0,0,0,0,0,0,0,0,0,0,0,0,0,0,0,0,0,0,0,0,1,1,1,1,1,1,0
1687,2026-06-28,Lubero,Bukenye,Kitsimba,Homme,26 à 35 ans,Ménage retourné,6 à 12 mois,,Oui,Organisation Paysanne,7,2,1,2,2,0,Non,Oui,,0.125,0.125,Oui,3,Modérée,Maraîchers pomme de terre,E06,11.5,True,0,0,0,0,0,1,0,1,1,0,0,0,1,0,1,1,1,0,0,1,1,1,0,0,1,0,0,0,1,0,0,0,0,0,0,1,1,1,1,1,1,1,1,1,1,1,1,0,0,0,1,0,0,0,0,0,0,0,0,1,1,0,0,0,0,1,0,0,1,0,0,1,1,0,0,1,0
1688,2026-06-28,Lubero,Bukenye,Kitsimba,Femme,Plus de 41 ans,Ménage retourné,6 à 12 mois,,Oui,Organisation Paysanne,5,0,3,1,1,1,Non,Oui,,0.0625,0.0625,Oui,5,Élevée,Maraîchers pomme de terre,E06,10.0,True,0,0,0,0,0,1,0,1,1,0,0,0,1,0,1,1,1,0,0,0,0,0,0,0,0,0,0,1,0,0,0,0,0,0,0,1,1,1,1,1,1,1,1,1,1,1,1,0,0,0,0,0,0,0,0,0,0,0,0,1,0,1,0,0,0,0,0,0,1,1,1,1,1,0,0,1,0
1689,2026-06-28,Lubero,Bukenye,Masereka,Femme,36 à 40 ans,Famille d'accueil,,1,Oui,Coopérative,8,3,3,1,1,0,Oui,,0.3125,,0.3125,Oui,1,Faible,Vivriers diversifiés + élevage,E09,7.3,True,0,0,1,0,0,1,1,1,0,0,0,0,0,0,0,0,0,0,0,0,0,0,0,0,0,0,0,1,1,1,1,1,0,0,0,1,1,0,0,1,1,0,0,0,1,1,0,0,0,0,0,0,0,0,1,0,0,0,0,0,0,1,1,0,0,0,0,0,0,1,0,0,0,0,0,0,0
1690,2026-06-28,Lubero,Bukenye,Masereka,Homme,36 à 40 ans,Famille d'accueil,,1,Oui,Coopérative,9,3,4,0,2,0,Oui,,0.625,,0.625,Oui,1,Faible,Maraîchers pomme de terre,E09,4.1,True,1,0,0,0,0,1,1,0,0,0,0,0,1,0,0,0,0,0,0,0,0,0,0,0,0,0,0,1,1,0,0,0,0,0,0,1,0,0,0,1,0,0,0,0,1,1,0,1,0,0,0,0,0,0,1,0,0,0,0,0,0,1,0,0,0,0,0,0,0,0,0,0,0,1,0,0,0
1691,2026-06-28,Lubero,Bukenye,Masereka,Femme,26 à 35 ans,Ménage retourné,6 à 12 mois,,Oui,Coopérative,10,3,2,3,2,0,Oui,,0.5,,0.5,Oui,3,Modérée,Petits producteurs peu diversifiés,E09,5.5,True,0,0,0,0,0,1,0,1,0,0,0,0,0,0,0,0,0,0,0,0,0,0,0,0,0,0,0,1,1,0,1,1,0,0,0,1,0,0,0,1,0,0,0,1,0,1,0,1,0,0,0,0,0,0,1,0,0,0,0,0,0,1,0,0,0,0,0,0,0,1,0,0,1,1,0,0,0
1692,2026-06-28,Lubero,Buyora/Luotu,Luotu,Homme,Plus de 41 ans,Famille d'accueil,,3,Non,,12,3,2,1,6,0,Non,Oui,,0.2,0.2,Oui,5,Élevée,Maraîchers pomme de terre,E13,10.5,False,0,1,0,0,0,1,1,1,1,0,0,0,1,0,1,0,0,0,0,0,1,0,0,0,1,0,1,1,1,0,0,0,0,0,0,1,1,0,0,1,1,0,0,1,1,0,0,0,0,0,0,0,0,0,0,0,0,0,0,0,0,0,1,0,0,0,0,0,0,0,0,1,0,1,1,1,1
1693,2026-06-28,Lubero,Bukenye,Kitsimba,Homme,Plus de 41 ans,Famille d'accueil,,2,Oui,Organisation Paysanne,18,4,6,5,3,1,Non,Oui,,0.25,0.25,Oui,4,Modérée,Maraîchers pomme de terre,E06,13.8,True,0,0,0,0,0,0,0,1,1,0,0,0,1,0,1,1,1,0,0,0,1,0,0,0,0,0,0,1,1,0,0,0,0,0,0,1,1,1,1,1,1,1,1,1,1,1,1,0,0,0,0,0,0,0,0,0,0,0,0,1,0,0,0,0,0,0,0,0,1,0,1,1,0,1,0,0,1
1694,2026-06-28,Lubero,Buyora/Luotu,Luotu,Homme,Plus de 41 ans,Famille d'accueil,,2,Non,,14,3,4,3,4,0,Non,Oui,,0.2,0.2,Oui,5,Élevée,Maraîchers pomme de terre,E13,10.3,False,0,1,0,0,0,0,1,1,1,0,0,0,1,0,1,0,0,0,0,0,1,0,0,0,1,0,0,1,1,0,0,0,0,0,0,1,1,0,0,1,1,0,0,1,1,0,0,0,0,0,0,0,0,0,0,0,0,0,0,0,0,0,0,0,0,0,0,0,1,0,0,1,0,1,1,1,1
1695,2026-06-28,Lubero,Bukenye,Kitsimba,Homme,Plus de 41 ans,Ménage retourné,6 à 12 mois,,Oui,Organisation Paysanne,9,4,3,1,1,0,Oui,,0.4,,0.4,Oui,2,Faible,Maraîchers pomme de terre,E06,9.6,True,0,0,0,0,0,1,0,1,1,0,0,0,1,0,1,1,1,0,0,0,1,0,0,0,1,0,0,0,1,0,1,0,1,0,0,1,1,0,0,1,1,1,1,1,1,1,1,0,0,0,0,0,0,0,0,0,0,0,0,1,1,1,1,0,0,0,1,0,0,0,0,0,1,1,0,0,0
1696,2026-06-28,Lubero,Buyora/Luotu,Luotu,Femme,Plus de 41 ans,Famille d'accueil,,2,Non,,8,2,2,1,3,0,Non,Oui,,0.15,0.15,Oui,5,Élevée,Maraîchers pomme de terre,E13,8.4,False,0,1,0,0,0,0,1,1,1,0,0,0,1,0,1,0,0,0,0,0,1,0,0,0,1,0,1,1,1,0,0,0,0,0,0,1,1,0,0,1,1,0,0,1,1,0,0,0,0,0,0,0,0,0,0,0,0,0,0,0,0,0,0,0,0,0,0,0,1,1,0,1,0,0,1,1,1
1697,2026-06-28,Lubero,Bukenye,Irangira,Femme,26 à 35 ans,Famille d'accueil,,2,Oui,Association,18,3,3,7,5,0,Non,Oui,,0.125,0.125,Oui,5,Élevée,Maraîchers pomme de terre,E06,10.7,True,0,0,0,0,0,0,0,1,1,0,0,0,1,0,1,1,1,0,0,0,1,1,0,0,1,0,0,1,1,0,0,0,0,0,0,1,1,1,1,1,1,1,1,1,1,1,1,0,0,0,0,0,0,0,0,0,0,0,0,1,0,1,0,0,0,0,0,0,1,1,0,1,0,1,0,1,1
1698,2026-06-28,Lubero,Buyora/Luotu,Luotu,Femme,Plus de 41 ans,Famille d'accueil,,2,Non,,8,2,1,1,4,0,Non,Oui,,0.15,0.15,Oui,5,Élevée,Maraîchers pomme de terre,E13,8.6,False,0,1,0,0,0,0,1,1,1,0,0,0,1,0,1,0,0,0,0,0,1,0,0,0,1,0,1,1,1,0,0,0,0,0,0,1,1,0,0,1,1,0,0,1,1,0,0,0,0,0,0,0,0,0,0,0,0,0,0,0,0,0,0,0,0,0,0,0,0,1,0,1,0,0,1,1,1
1699,2026-06-28,Lubero,Bukenye,Kitsimba,Homme,36 à 40 ans,Ménage retourné,6 à 12 mois,,Oui,Organisation Paysanne,9,3,3,1,2,0,Oui,,0.2,,0.2,Oui,3,Modérée,Maraîchers pomme de terre,E06,9.3,True,0,0,0,0,0,0,0,1,1,0,0,0,1,0,1,1,1,0,0,0,1,0,0,0,1,0,0,0,1,0,0,0,0,0,0,1,1,1,1,1,1,1,1,1,1,1,1,0,0,0,0,0,0,0,0,0,0,0,0,0,1,1,0,1,0,0,0,0,1,0,0,0,1,1,0,1,0
1700,2026-06-28,Lubero,Bukenye,Irangira,Femme,26 à 35 ans,Ménage retourné,6 à 12 mois,,Oui,Organisation Paysanne,6,1,2,2,1,0,Non,Oui,,0.1,0.1,Oui,4,Modérée,Maraîchers pomme de terre,E06,10.8,True,0,0,1,0,0,0,1,1,1,0,0,0,1,0,1,0,1,0,0,0,0,1,0,0,1,0,0,1,1,0,0,0,0,0,0,1,1,1,1,1,1,1,1,1,1,1,1,0,0,0,0,0,0,0,0,0,0,0,0,1,0,1,0,0,0,0,0,0,1,1,0,1,1,0,0,1,0
1701,2026-06-28,Lubero,Buyora/Luotu,Luotu,Homme,Plus de 41 ans,Ménage retourné,1 à 2 ans,,Non,,7,1,1,2,3,0,Non,Oui,,0.1,0.1,Oui,3,Modérée,Maraîchers pomme de terre,E13,2469.3,False,0,1,0,0,0,0,1,1,1,0,0,0,0,0,1,0,0,0,0,0,0,1,0,0,1,0,1,1,1,1,0,0,0,0,0,1,1,0,0,1,1,0,0,1,1,0,0,0,0,0,0,0,0,0,0,0,0,0,0,0,0,0,0,0,0,0,0,0,0,0,0,1,0,0,1,1,0
1702,2026-06-28,Lubero,Buyora/Luotu,Luotu,Femme,18 à 25 ans,Ménage retourné,6 à 12 mois,,Non,,6,1,1,1,3,0,Non,Oui,,0.05,0.05,Oui,5,Élevée,Maraîchers pomme de terre,E13,7.7,False,0,1,0,0,0,1,1,0,0,0,0,0,0,0,1,0,0,0,0,0,0,1,0,0,1,0,0,1,1,0,0,0,0,0,0,1,1,0,0,1,1,0,0,1,1,0,0,0,0,0,0,0,0,0,0,0,0,0,0,0,0,0,0,0,0,0,0,0,0,1,0,1,1,0,1,1,0
1703,2026-06-28,Lubero,Buyora/Luotu,Luotu,Femme,Plus de 41 ans,Famille d'accueil,,2,Non,,8,1,1,3,3,0,Non,Oui,,0.1,0.1,Oui,5,Élevée,Maraîchers pomme de terre,E13,7.9,False,0,1,0,0,0,0,1,1,1,0,0,0,1,0,1,0,0,0,0,0,1,1,0,0,1,0,1,1,1,0,0,0,0,0,0,1,1,0,0,1,1,0,0,1,1,0,0,0,0,0,0,0,0,0,0,0,0,0,0,0,0,0,0,0,0,0,0,0,0,1,0,1,0,0,1,1,1
1704,2026-06-28,Lubero,Bukenye,Irangira,Femme,18 à 25 ans,Ménage retourné,6 à 12 mois,,Oui,Organisation Paysanne,7,1,4,1,1,0,Non,Oui,,0.125,0.125,Oui,4,Modérée,Maraîchers pomme de terre,E06,15.7,True,0,0,0,0,0,0,0,1,1,0,0,0,1,0,1,1,1,0,0,0,1,0,0,0,0,0,0,1,0,1,0,0,0,0,0,1,1,1,1,1,1,1,1,1,1,1,1,0,0,0,0,0,0,0,0,0,0,0,0,1,0,1,0,0,0,0,0,0,1,1,0,1,1,0,0,1,0
1705,2026-06-28,Lubero,Buyora/Luotu,Luotu,Homme,Plus de 41 ans,Famille d'accueil,,1,Non,,10,2,2,3,3,0,Non,Oui,,0.2,0.2,Oui,4,Modérée,Maraîchers pomme de terre,E13,12.3,False,0,1,0,0,0,1,1,1,1,0,0,0,1,0,1,0,0,0,0,0,1,0,0,0,1,0,0,1,1,1,0,0,0,0,0,1,1,0,0,1,1,0,0,1,1,0,0,0,0,0,0,0,0,0,0,0,0,0,0,0,0,0,0,0,0,0,0,0,1,0,0,1,0,1,1,1,0
1706,2026-06-28,Lubero,Bukenye,Masereka,Femme,Plus de 41 ans,Ménage retourné,1 à 2 ans,,Non,,6,1,3,2,0,0,Oui,,0.25,,0.25,Oui,2,Faible,Maraîchers pomme de terre,E09,10.1,True,0,0,0,0,0,0,0,0,0,0,0,0,1,0,0,0,0,0,0,0,0,0,0,0,0,0,0,1,0,0,0,0,0,0,0,1,0,0,0,1,0,0,0,0,0,0,1,1,0,0,0,0,0,0,1,0,0,0,0,0,0,1,0,0,0,0,0,0,0,1,0,0,0,0,1,0,0
1707,2026-06-28,Lubero,Buyora/Luotu,Luotu,Femme,26 à 35 ans,Ménage retourné,1 à 2 ans,,Non,,7,1,1,2,3,0,Non,Oui,,0.05,0.05,Oui,4,Modérée,Maraîchers pomme de terre,E13,10.3,False,0,1,0,0,0,0,1,0,0,0,0,0,0,0,1,0,0,0,0,0,1,1,0,0,0,0,1,1,0,0,0,0,0,0,0,1,1,0,0,1,1,0,0,1,1,0,0,0,0,0,0,0,0,0,0,0,0,0,0,0,0,0,0,0,0,0,0,0,0,1,0,1,0,0,1,1,0
1708,2026-06-28,Lubero,Bukenye,Kitsimba,Femme,Plus de 41 ans,Ménage retourné,6 à 12 mois,,Oui,Organisation Paysanne,6,4,2,0,0,0,Non,Oui,,0.125,0.125,Oui,4,Modérée,Maraîchers pomme de terre,E06,9.0,True,0,0,0,0,0,0,0,1,0,0,0,0,1,0,1,0,1,0,0,0,1,1,0,0,0,0,0,0,1,0,0,0,0,0,0,1,1,1,0,1,1,1,1,1,1,1,1,0,0,0,0,0,0,0,0,0,0,0,0,1,0,1,0,0,0,0,0,0,1,1,0,1,1,0,0,1,0
1709,2026-06-28,Lubero,Bukenye,Kitsimba,Femme,26 à 35 ans,Ménage retourné,6 à 12 mois,,Oui,Organisation Paysanne,6,2,3,0,1,0,Non,Oui,,0.125,0.125,Oui,4,Modérée,Maraîchers pomme de terre,E06,5.2,True,0,0,0,0,0,0,0,1,1,0,0,0,1,0,1,1,1,0,0,0,0,0,0,0,0,0,0,1,0,0,0,0,0,0,0,1,1,1,0,1,1,1,1,1,1,1,1,0,0,0,0,0,0,0,0,0,0,0,0,1,0,1,0,1,0,0,0,0,1,1,0,1,1,0,0,1,0
1710,2026-06-28,Lubero,Bukenye,Masereka,Femme,36 à 40 ans,Famille d'accueil,,2,Oui,Coopérative,12,2,2,2,6,1,Oui,,0.3125,,0.3125,Oui,4,Modérée,Petits producteurs peu diversifiés,E09,15.4,True,0,0,0,0,0,0,0,1,0,0,0,0,0,0,0,0,0,0,0,0,0,0,0,0,0,0,0,1,0,1,0,0,0,0,0,1,0,0,0,1,0,0,0,1,0,0,0,1,0,0,0,0,0,0,1,0,0,0,0,0,0,1,0,0,0,0,0,0,0,1,1,0,0,1,0,0,1
1711,2026-06-28,Lubero,Buyora/Luotu,Luotu,Femme,18 à 25 ans,Ménage retourné,6 à 12 mois,,Non,,7,1,1,2,3,0,Non,Oui,,0.05,0.05,Non,5,Élevée,Maraîchers pomme de terre,E13,10.5,False,0,1,0,0,0,1,1,0,0,0,0,0,0,0,1,0,0,0,0,0,1,0,0,0,0,0,1,0,0,0,0,0,0,0,0,1,1,0,0,1,1,0,0,1,1,0,0,0,0,0,0,0,0,0,0,0,0,0,0,0,0,0,0,0,0,0,0,0,1,1,0,1,1,0,1,1,0
1712,2026-06-28,Lubero,Bukenye,Kitsimba,Femme,Plus de 41 ans,Ménage retourné,6 à 12 mois,,Oui,Organisation Paysanne,9,2,5,1,1,3,Non,Oui,,0.625,0.625,Oui,5,Élevée,Maraîchers pomme de terre,E06,11.5,True,0,0,0,0,0,0,0,1,1,0,0,0,1,0,1,1,1,0,0,0,1,0,0,0,0,0,0,1,0,0,1,0,0,0,1,1,1,1,1,1,1,1,1,1,1,1,1,0,0,0,0,0,0,0,0,0,0,0,0,1,0,1,0,0,0,0,0,0,0,1,1,1,1,1,0,0,0
1713,2026-06-28,Lubero,Bukenye,Kitsimba,Femme,18 à 25 ans,Ménage retourné,6 à 12 mois,,Oui,Organisation Paysanne,5,0,1,2,2,0,Non,Oui,,0.625,0.625,Oui,3,Modérée,Maraîchers pomme de terre,E06,8.3,True,0,0,0,0,0,0,0,1,0,0,0,0,1,0,1,0,1,0,0,0,1,0,0,0,0,0,0,1,0,0,1,0,1,0,0,1,1,1,1,1,1,1,1,1,1,1,1,0,0,0,0,0,0,0,0,0,0,0,0,1,0,0,0,0,0,0,0,0,1,1,0,1,1,0,0,0,0
1714,2026-06-28,Lubero,Bukenye,Masereka,Femme,Plus de 41 ans,Famille d'accueil,,2,Non,,10,5,5,0,0,0,Non,Oui,,0.1,0.1,Oui,6,Élevée,Petits producteurs peu diversifiés,E09,11.1,True,0,0,0,0,0,1,0,1,0,0,0,0,0,0,0,0,0,0,0,0,0,0,0,0,0,0,0,1,0,1,0,0,0,0,0,1,0,0,1,1,0,1,0,1,0,0,0,1,0,0,0,0,0,0,1,0,0,0,0,0,0,1,0,0,0,0,0,0,0,1,0,1,0,1,1,1,1
1715,2026-06-28,Lubero,Bukenye,Kitsimba,Homme,26 à 35 ans,Ménage retourné,Moins de 6 mois,,Oui,Organisation Paysanne,6,1,2,3,0,0,Non,Oui,,0.125,0.125,Oui,3,Modérée,Maraîchers pomme de terre,E06,7.1,True,0,0,0,0,0,0,0,1,0,0,0,0,1,0,1,0,1,0,0,0,0,0,0,0,0,0,0,1,1,0,1,1,0,0,0,1,1,1,1,1,1,1,1,1,1,1,1,0,0,0,0,0,0,0,0,0,0,0,0,1,0,0,0,0,0,0,0,0,1,0,0,1,1,0,0,1,0
1716,2026-06-28,Lubero,Bukenye,Kitsimba,Homme,Plus de 41 ans,Famille d'accueil,,3,Oui,Organisation Paysanne,17,3,2,6,6,0,Non,Oui,,0.35,0.35,Oui,3,Modérée,Maraîchers pomme de terre,E06,8.1,True,0,0,0,0,0,0,0,0,0,0,0,0,1,0,1,0,1,0,0,0,1,0,0,0,0,0,0,1,0,0,0,0,0,0,0,1,1,0,0,1,1,1,1,1,1,1,1,0,0,0,0,0,0,0,0,0,0,0,0,1,0,1,0,0,0,0,0,0,1,0,0,1,0,1,0,0,1
1717,2026-06-28,Lubero,Bukenye,Kitsimba,Homme,36 à 40 ans,Ménage retourné,6 à 12 mois,,Oui,Organisation Paysanne,12,4,2,3,3,0,Non,Oui,,0.25,0.25,Oui,3,Modérée,Maraîchers pomme de terre,E06,6.8,True,0,0,0,0,0,1,0,1,1,0,0,0,1,0,1,1,1,0,0,0,1,0,0,0,1,0,0,1,1,0,1,1,0,0,0,1,1,1,1,1,1,1,1,1,1,1,1,0,0,0,0,0,0,0,0,0,0,0,0,1,0,1,0,0,0,0,0,0,0,0,0,1,1,1,0,0,0
1718,2026-06-28,Lubero,Bukenye,Kitsimba,Femme,18 à 25 ans,Ménage retourné,6 à 12 mois,,Oui,Organisation Paysanne,7,3,2,2,0,1,Non,Oui,,0.2,0.2,Oui,5,Élevée,Maraîchers pomme de terre,E06,6.7,True,0,0,0,0,0,1,0,1,0,0,0,0,1,0,1,1,1,0,0,0,1,0,0,0,0,0,0,1,0,0,0,0,0,0,0,1,1,1,1,1,1,1,1,1,1,1,1,0,0,0,0,0,0,0,0,0,0,0,0,0,0,1,0,1,0,0,0,0,0,1,1,1,1,0,0,1,0
1719,2026-06-28,Lubero,Bukenye,Kitsimba,Femme,18 à 25 ans,Ménage retourné,Moins de 6 mois,,Oui,Organisation Paysanne,6,2,2,1,1,0,Non,Oui,,0.625,0.625,Oui,3,Modérée,Maraîchers pomme de terre,E06,8.9,True,0,0,0,0,0,0,0,1,1,0,0,0,1,0,1,0,1,0,0,0,1,0,0,0,0,0,0,1,0,0,0,0,0,0,0,1,1,1,1,1,1,1,1,1,1,1,1,0,0,0,0,0,0,0,0,0,0,0,0,1,0,1,0,0,0,0,0,0,0,1,0,1,1,0,0,0,0
1720,2026-06-28,Lubero,Bukenye,Kitsimba,Femme,18 à 25 ans,Famille d'accueil,,1,Oui,Organisation Paysanne,12,1,6,3,2,0,Non,Oui,,0.125,0.125,Oui,4,Modérée,Maraîchers pomme de terre,E06,8.4,True,0,0,0,0,0,0,0,1,0,0,0,0,1,0,1,0,0,0,0,0,1,0,0,0,0,0,0,1,1,0,0,0,0,0,0,1,1,1,1,1,1,1,1,1,1,1,1,0,0,0,0,0,0,0,0,0,0,0,0,1,0,1,0,0,0,0,0,0,1,1,0,1,0,1,0,1,0
1721,2026-06-28,Lubero,Bukenye,Kitsimba,Femme,18 à 25 ans,Ménage retourné,6 à 12 mois,,Oui,Organisation Paysanne,5,1,2,1,1,0,Non,Oui,,0.125,0.125,Oui,4,Modérée,Maraîchers pomme de terre,E06,7.1,True,0,0,0,0,0,0,0,1,1,0,0,0,1,0,1,1,1,0,0,0,1,0,0,0,1,0,0,1,0,0,0,0,0,0,0,1,1,1,1,1,1,1,1,1,1,1,1,0,0,0,0,0,0,0,0,0,0,0,0,1,1,1,0,1,0,0,0,0,0,1,0,1,1,0,0,1,0
1722,2026-06-28,Lubero,Bukenye,Irangira,Homme,Plus de 41 ans,Ménage retourné,6 à 12 mois,,Oui,Organisation Paysanne,9,1,1,4,3,0,Non,Oui,,0.125,0.125,Oui,4,Modérée,Maraîchers pomme de terre,E06,8.8,True,0,0,0,0,0,0,0,1,1,0,0,0,1,0,1,1,1,0,0,0,1,1,0,0,1,0,0,1,1,0,0,0,0,0,0,1,1,1,1,1,1,1,1,1,1,1,1,0,0,0,0,0,0,0,0,0,0,0,0,0,0,1,0,1,0,0,0,0,0,0,0,1,1,1,0,1,0
1723,2026-06-28,Lubero,Bukenye,Irangira,Homme,36 à 40 ans,Famille d'accueil,,2,Oui,Organisation Paysanne,12,2,3,5,2,1,Non,Oui,,0.25,0.25,Oui,4,Modérée,Maraîchers pomme de terre,E06,5.8,True,0,0,0,0,0,1,0,1,1,0,0,0,1,0,1,1,1,0,0,1,1,1,0,0,1,0,0,1,1,0,0,0,0,0,0,1,1,1,1,1,1,1,1,1,1,1,1,0,0,0,0,0,0,0,0,0,0,0,0,0,0,1,0,0,0,0,0,0,1,0,1,1,0,1,0,0,1
1724,2026-06-28,Lubero,Bukenye,Irangira,Femme,36 à 40 ans,Ménage retourné,6 à 12 mois,,Oui,Organisation Paysanne,8,1,1,2,4,0,Non,Oui,,0.625,0.625,Oui,3,Modérée,Maraîchers pomme de terre,E06,1434.4,True,0,0,0,0,0,1,0,1,1,0,0,0,1,0,1,1,1,0,0,0,1,0,0,0,1,0,0,1,1,0,0,0,0,0,0,1,1,0,0,1,1,1,1,1,1,1,1,0,0,0,0,0,0,0,0,0,0,0,0,1,0,0,0,1,0,0,0,0,1,1,0,1,1,0,0,0,0
1725,2026-06-29,Lubero,Bukenye,Masereka,Femme,36 à 40 ans,Famille d'accueil,,1,Non,,6,1,1,3,1,0,Oui,,0.1875,,0.1875,Oui,3,Modérée,Maraîchers pomme de terre,E09,6.0,True,0,0,0,0,0,0,0,0,0,0,0,0,1,0,0,0,0,0,0,0,0,0,0,0,0,0,0,1,0,0,1,1,0,0,0,1,0,0,0,1,0,0,0,1,1,1,0,1,0,0,0,0,0,0,1,0,0,0,0,0,0,1,0,0,0,0,0,0,0,1,0,0,0,0,1,1,0
1726,2026-06-29,Lubero,Bukenye,Irangira,Femme,Plus de 41 ans,Ménage retourné,6 à 12 mois,,Oui,Organisation Paysanne,10,1,2,2,5,0,Non,Oui,,0.125,0.125,Oui,5,Élevée,Maraîchers pomme de terre,E06,667.3,True,0,0,0,0,0,1,0,1,1,0,0,0,1,0,1,1,1,0,0,0,1,0,0,0,1,0,0,0,1,0,0,0,0,0,0,1,1,0,0,1,1,1,1,1,1,1,1,0,0,0,0,0,0,0,0,0,0,0,0,1,0,0,1,0,0,0,0,0,1,1,0,1,1,1,0,1,0
1727,2026-06-29,Lubero,Buyora/Luotu,Luotu,Femme,Plus de 41 ans,Famille d'accueil,,2,Non,,12,2,3,2,5,1,Non,Oui,,0.2,0.2,Oui,7,Élevée,Maraîchers pomme de terre,E13,11.7,False,0,1,0,0,0,0,1,1,1,0,0,0,1,0,1,0,0,0,0,0,1,0,0,0,1,0,0,1,1,0,0,0,0,0,0,1,1,0,0,1,1,0,0,1,1,0,0,0,0,0,0,0,0,0,0,0,0,0,0,0,0,0,1,0,0,0,0,0,0,1,1,1,0,1,1,1,1
1728,2026-06-29,Lubero,Bukenye,Masereka,Homme,Plus de 41 ans,Famille d'accueil,,1,Oui,Coopérative,8,3,2,2,1,0,Oui,,0.125,,0.125,Oui,1,Faible,Maraîchers pomme de terre,E09,8.2,True,0,0,0,0,0,0,0,0,0,0,0,0,1,0,0,0,0,0,0,0,0,0,0,0,0,0,0,1,0,0,1,1,0,0,0,1,0,0,0,1,0,0,0,1,0,0,0,1,0,0,0,0,0,0,1,0,0,0,0,0,0,1,0,0,0,0,0,0,0,0,0,0,0,0,0,1,0
1729,2026-06-29,Lubero,Buyora/Luotu,Luotu,Homme,Plus de 41 ans,Ménage retourné,plus de 2 ans,,Non,,10,1,1,3,5,0,Non,Non,,,,Oui,4,Modérée,Maraîchers pomme de terre,E13,12.1,False,0,1,0,0,0,1,1,0,0,0,0,0,0,0,0,0,0,0,0,0,0,0,0,0,0,0,0,1,1,1,0,0,0,0,0,1,1,1,0,1,1,0,0,1,1,0,0,0,0,0,0,0,0,0,0,0,0,0,0,0,0,0,0,0,0,0,0,0,1,0,0,1,0,1,1,1,0
1730,2026-06-29,Lubero,Buyora/Luotu,Luotu,Femme,Plus de 41 ans,Ménage retourné,6 à 12 mois,,Oui,Organisation Paysanne,8,2,2,2,2,0,Non,Oui,,0.05,0.05,Non,4,Modérée,Maraîchers pomme de terre,E13,42.8,False,0,1,0,0,0,0,1,0,0,0,0,0,1,0,1,0,0,0,0,0,0,0,0,0,1,0,0,0,0,0,0,0,0,0,0,1,1,0,0,1,1,0,1,1,1,0,0,0,0,0,0,0,0,0,0,0,0,0,0,0,0,0,1,0,0,0,0,0,0,1,0,1,1,0,0,1,0
1731,2026-06-29,Lubero,Buyora/Luotu,Luotu,Femme,Plus de 41 ans,Famille d'accueil,,2,Non,,10,2,2,1,5,0,Non,Oui,,0.2,0.2,Non,6,Élevée,Maraîchers pomme de terre,E13,13.1,False,0,1,0,0,0,1,1,0,0,0,0,0,1,0,0,0,0,0,0,0,0,0,0,0,0,0,0,0,0,0,0,0,0,0,0,1,0,0,0,1,1,0,0,1,1,0,0,1,0,0,0,0,0,0,0,0,0,0,0,0,0,0,1,0,0,0,0,0,0,1,0,1,0,1,1,1,1
1732,2026-06-29,Lubero,Buyora/Luotu,Luotu,Femme,Plus de 41 ans,Ménage retourné,plus de 2 ans,,Non,,8,0,1,4,3,0,Non,Oui,,0.05,0.05,Non,4,Modérée,Maraîchers pomme de terre,E13,19.0,False,0,1,0,0,0,1,1,0,0,0,0,0,0,0,1,0,0,0,0,0,0,0,0,0,1,0,0,0,0,0,0,0,0,0,0,1,0,0,0,1,1,0,0,1,1,0,0,0,0,0,0,0,0,0,1,0,0,0,0,0,0,0,1,0,0,0,0,0,0,1,0,1,0,0,1,1,0
1733,2026-06-29,Lubero,Bukenye,Masereka,Femme,Plus de 41 ans,Famille d'accueil,,3,Non,,10,4,3,1,2,0,Oui,,0.0625,,0.0625,Non,5,Élevée,Maraîchers pomme de terre,E10,4.7,True,1,0,0,0,0,1,1,1,0,0,0,0,1,0,1,0,1,0,0,0,1,0,0,0,0,0,0,0,0,0,0,0,0,0,0,1,0,0,0,1,1,0,0,1,1,0,0,0,0,0,0,0,0,0,1,0,0,0,0,0,0,0,1,0,0,0,0,0,0,1,0,0,0,1,1,1,1
1734,2026-06-29,Lubero,Bukenye,Masereka,Femme,Plus de 41 ans,Ménage retourné,Moins de 6 mois,,Oui,Association,10,3,2,3,2,0,Oui,,0.5,,0.5,Oui,3,Modérée,Maraîchers pomme de terre,E10,9.6,True,0,0,0,0,0,1,0,0,0,0,0,0,1,0,1,0,1,0,0,0,1,0,0,0,0,0,0,1,0,0,0,0,0,0,0,1,0,0,0,1,1,0,0,1,1,0,0,0,0,0,0,0,0,0,1,0,0,0,0,0,0,0,1,0,0,0,0,0,0,1,0,0,1,1,0,0,0
1735,2026-06-29,Lubero,Buyora/Luotu,Luotu,Femme,Plus de 41 ans,Famille d'accueil,,2,Non,,8,3,1,2,2,0,Non,Oui,,0.15,0.15,Oui,5,Élevée,Petits producteurs peu diversifiés,E13,9.4,False,0,1,0,0,0,0,1,1,1,0,0,0,0,0,0,0,0,0,0,0,0,0,0,0,0,0,0,1,0,0,0,0,0,0,0,1,1,0,0,1,1,0,0,1,1,0,0,1,0,0,0,0,0,0,0,0,0,0,0,0,0,0,1,0,0,0,0,0,0,1,0,1,0,0,1,1,1
1736,2026-06-29,Lubero,Bukenye,Masereka,Homme,36 à 40 ans,Famille d'accueil,,3,Non,,9,,3,3,3,0,Oui,,0.166,,0.166,Oui,4,Modérée,Maraîchers pomme de terre,E10,5.8,True,0,0,0,0,0,1,0,0,0,0,0,0,1,0,1,0,1,0,0,0,1,0,0,0,0,0,0,1,1,0,1,0,1,0,0,1,1,0,0,1,1,0,0,1,1,0,0,0,0,0,0,0,0,0,1,0,0,0,0,0,0,0,0,0,0,0,0,0,0,0,0,0,0,1,1,1,1
1737,2026-06-29,Lubero,Buyora/Luotu,Luotu,Femme,Plus de 41 ans,Famille d'accueil,,2,Non,,7,4,1,1,1,0,Non,Oui,,0.05,0.05,Non,5,Élevée,Petits producteurs peu diversifiés,E13,9.2,False,0,1,0,0,0,0,1,1,1,0,0,0,0,0,0,0,0,0,0,0,0,0,0,0,0,0,0,0,0,0,0,0,0,0,0,1,0,0,0,1,1,0,0,1,1,0,0,1,0,0,0,0,0,0,0,0,0,0,0,0,0,0,1,0,0,0,0,0,0,1,0,1,0,0,1,1,1
1738,2026-06-29,Lubero,Bukenye,Masereka,Femme,Plus de 41 ans,Famille d'accueil,,1,Non,,14,3,6,3,2,0,Oui,,0.1875,,0.1875,Non,4,Modérée,Maraîchers pomme de terre,E10,6.3,True,0,0,0,0,0,0,0,1,0,0,0,0,1,0,1,0,1,0,0,0,1,0,0,0,0,0,0,0,0,0,0,0,0,0,0,1,0,0,0,1,1,0,0,1,1,0,0,0,0,0,0,0,0,0,1,0,0,0,0,0,0,1,0,0,0,0,0,1,0,1,0,0,0,1,1,1,0
1739,2026-06-29,Lubero,Buyora/Luotu,Luotu,Femme,26 à 35 ans,Famille d'accueil,,1,Non,,8,1,1,2,4,0,Non,Oui,,0.1,0.1,Oui,4,Modérée,Maraîchers pomme de terre,E13,11.1,False,0,1,0,0,0,0,1,1,1,0,0,0,0,0,1,0,1,0,0,0,1,0,0,0,1,0,0,1,1,0,0,0,0,0,0,1,0,0,1,1,1,0,0,1,1,0,0,0,0,0,0,0,0,0,0,0,0,0,0,0,0,0,1,0,0,0,0,0,0,1,0,1,0,0,1,1,0
1740,2026-06-29,Lubero,Bukenye,Masereka,Homme,36 à 40 ans,Ménage retourné,Moins de 6 mois,,Oui,Autres,5,1,1,1,2,0,Oui,,0.1625,,0.1625,Oui,2,Faible,Maraîchers pomme de terre,E10,8.2,True,0,0,0,0,0,0,0,1,0,0,0,0,1,0,1,0,1,0,0,0,1,0,0,0,0,0,0,1,1,0,0,0,0,0,0,1,1,0,0,1,1,0,0,1,1,0,0,0,0,0,0,0,0,0,1,0,0,0,0,0,0,0,0,1,0,0,0,0,0,0,0,0,1,0,0,1,0
1741,2026-06-29,Lubero,Bukenye,Masereka,Homme,Plus de 41 ans,Famille d'accueil,,2,Non,,14,3,3,4,4,0,Oui,,0.1875,,0.1875,Oui,4,Modérée,Maraîchers pomme de terre,E10,5.0,True,0,0,0,0,0,0,0,1,0,0,0,0,1,0,1,0,1,0,0,0,1,0,0,0,1,0,0,1,0,0,1,1,0,0,0,1,1,0,0,1,1,0,0,1,1,0,0,0,0,0,0,0,0,0,1,0,0,0,0,0,0,0,0,1,0,0,0,0,0,0,0,0,0,1,1,1,1
1742,2026-06-29,Lubero,Bukenye,Masereka,Homme,36 à 40 ans,Famille d'accueil,,1,Non,,6,2,2,1,1,0,Oui,,0.1,,0.1,Non,2,Faible,Maraîchers pomme de terre,E10,6.4,True,0,0,0,0,0,0,0,1,0,0,0,0,1,0,1,0,1,0,0,0,1,0,0,0,0,0,0,0,0,0,0,0,0,0,0,1,0,0,0,1,0,0,0,1,1,0,0,1,0,0,0,0,0,0,1,0,0,0,0,0,0,1,1,0,0,0,0,0,0,0,0,0,0,0,1,1,0
1743,2026-06-29,Lubero,Buyora/Luotu,Luotu,Femme,26 à 35 ans,Famille d'accueil,,2,Non,,7,1,1,3,2,0,Non,Oui,,0.15,0.15,Oui,5,Élevée,Maraîchers pomme de terre,E13,1377.8,False,0,1,0,0,0,0,1,1,1,0,0,0,0,0,1,0,0,0,0,0,1,1,0,0,1,0,1,1,1,0,0,0,0,0,0,1,1,0,0,1,1,0,0,1,1,0,0,0,0,0,0,0,0,0,1,0,0,0,0,0,0,0,0,0,0,0,0,0,1,1,0,1,0,0,1,1,1
1744,2026-06-29,Lubero,Bukenye,Masereka,Homme,Plus de 41 ans,Famille d'accueil,,1,Oui,Coopérative,3,,1,,2,0,Oui,,0.15,,0.15,Oui,1,Faible,Maraîchers pomme de terre,E10,9.9,True,0,0,0,0,0,1,0,0,0,0,0,0,1,0,1,0,1,0,0,0,1,0,0,0,0,0,0,0,1,0,1,1,0,0,0,1,1,0,0,1,1,0,0,1,1,1,0,1,0,0,0,0,0,0,1,0,0,0,0,0,0,0,0,0,0,0,0,1,0,0,0,0,0,0,0,1,0
1745,2026-06-29,Lubero,Buyora/Luotu,Luotu,Homme,Plus de 41 ans,Famille d'accueil,,2,Non,,8,2,2,1,3,0,Non,Oui,,0.15,0.15,Oui,4,Modérée,Maraîchers pomme de terre,E13,9.3,False,0,1,0,0,0,0,1,1,1,0,0,0,1,0,1,0,1,0,0,0,1,0,0,0,1,0,0,1,1,0,0,0,0,0,0,1,1,0,0,1,1,0,0,1,1,0,0,0,0,0,0,0,0,0,1,0,0,0,0,0,0,0,0,0,0,0,0,0,1,0,0,1,0,0,1,1,1
1746,2026-06-29,Lubero,Bukenye,Masereka,Femme,36 à 40 ans,Ménage retourné,6 à 12 mois,,Non,,8,2,2,4,,0,Oui,,1.66,,1.66,Oui,3,Modérée,Maraîchers pomme de terre,E10,6.5,True,0,0,0,0,0,0,0,0,0,0,0,0,1,0,1,0,1,0,0,0,1,0,0,0,0,0,0,1,0,0,0,0,0,0,0,1,1,0,0,1,1,0,0,1,1,1,0,1,0,0,0,0,0,0,1,0,0,0,0,0,0,0,1,0,0,0,0,0,0,1,0,0,1,0,1,0,0
1747,2026-06-29,Lubero,Bukenye,Masereka,Femme,18 à 25 ans,Ménage retourné,1 à 2 ans,,Non,,6,1,1,2,2,0,Non,Oui,,0.1875,0.1875,Oui,4,Modérée,Maraîchers pomme de terre,E10,9.1,True,0,0,0,0,0,0,0,0,0,0,0,0,1,0,1,0,1,0,0,0,1,0,0,0,1,0,0,1,0,0,0,0,0,0,0,1,1,0,0,1,1,0,0,1,1,1,0,1,0,0,0,0,0,0,1,0,0,0,0,0,0,1,0,0,0,0,0,0,0,1,0,1,0,0,1,1,0
1748,2026-06-29,Lubero,Buyora/Luotu,Luotu,Femme,Plus de 41 ans,Famille d'accueil,,6,Non,,5,1,,1,3,0,Non,Oui,,0.15,0.15,Oui,5,Élevée,Maraîchers pomme de terre,E13,11.5,False,0,1,1,0,0,0,2,0,0,0,0,0,1,0,1,0,1,0,0,0,1,0,0,0,1,0,0,1,1,1,0,0,0,0,0,1,1,0,0,1,1,0,0,1,1,0,0,0,0,0,0,0,0,0,1,0,0,0,0,0,0,1,0,0,0,0,0,0,0,1,0,1,0,0,1,1,1
1749,2026-06-29,Lubero,Bukenye,Masereka,Femme,36 à 40 ans,Ménage retourné,6 à 12 mois,,Non,,6,1,1,2,2,0,Oui,,0.15,,0.15,Oui,4,Modérée,Maraîchers pomme de terre,E10,6.6,True,0,0,0,0,0,1,0,0,0,0,0,0,1,0,1,0,1,0,0,0,1,0,0,0,0,0,0,1,1,1,0,0,0,0,0,1,1,0,0,1,1,0,0,1,1,1,0,1,0,0,0,0,0,0,1,0,0,0,0,0,0,1,0,0,0,0,0,0,0,1,0,0,1,0,1,1,0
1750,2026-06-29,Lubero,Bukenye,Masereka,Homme,36 à 40 ans,Ménage retourné,Moins de 6 mois,,Non,,8,2,1,3,2,0,Oui,,0.166,,0.166,Non,3,Modérée,Maraîchers pomme de terre,E10,7.2,True,0,0,0,0,0,0,0,0,0,0,0,0,1,0,1,0,1,0,0,0,1,0,0,0,0,0,0,0,0,0,0,0,0,0,0,1,1,0,0,1,1,0,0,1,1,0,0,0,0,0,0,0,0,0,1,0,0,0,0,0,0,1,1,0,0,0,0,0,0,0,0,0,1,0,1,1,0
1751,2026-06-29,Lubero,Buyora/Luotu,Luotu,Femme,26 à 35 ans,Ménage retourné,6 à 12 mois,,Non,,27,1,20,3,3,0,Non,Oui,,0.1,0.1,Oui,6,Élevée,Petits producteurs peu diversifiés,E13,10.8,False,0,1,1,0,0,0,2,1,1,0,0,0,0,0,1,0,0,0,0,0,1,0,0,0,0,0,0,1,0,0,0,0,0,0,0,1,1,0,0,1,1,0,0,1,1,0,0,0,0,0,0,0,0,0,1,0,0,0,0,0,0,0,1,0,0,0,0,0,0,1,0,1,1,1,1,1,0
1752,2026-06-29,Lubero,Bukenye,Masereka,Homme,36 à 40 ans,Ménage retourné,6 à 12 mois,,Non,,10,2,1,3,4,0,Oui,,0.5863,,0.5863,Non,3,Modérée,Maraîchers pomme de terre,E10,8.0,True,0,0,0,0,0,0,0,0,0,0,0,0,1,0,1,0,1,0,0,0,1,0,0,0,0,0,0,0,0,0,0,0,0,0,0,1,0,0,0,1,0,0,0,1,1,1,0,1,0,0,0,0,0,0,0,0,0,0,0,0,0,1,1,0,0,0,0,0,0,0,0,0,1,1,1,0,0
1753,2026-06-29,Lubero,Bukenye,Masereka,Homme,36 à 40 ans,Famille d'accueil,,2,Oui,Coopérative,10,2,2,3,3,0,Oui,,,,,Oui,3,Modérée,Maraîchers pomme de terre,E10,8.8,True,0,0,0,1,0,0,1,0,0,0,0,0,1,0,1,1,1,0,0,0,1,0,0,0,0,0,1,1,1,0,1,1,1,0,0,1,1,1,0,1,1,1,0,1,1,1,0,0,0,0,0,0,0,0,1,0,0,0,0,0,0,1,0,0,0,0,0,0,0,0,0,0,0,1,0,1,1
1754,2026-06-29,Lubero,Bukenye,Masereka,Femme,18 à 25 ans,Ménage retourné,6 à 12 mois,,Oui,Association,7,1,1,2,3,0,Oui,,0.166,,0.166,Oui,3,Modérée,Maraîchers pomme de terre,E10,7.3,True,0,0,0,0,0,0,0,0,0,0,0,0,1,0,1,0,1,0,0,0,0,0,0,0,0,0,0,1,0,0,0,0,0,0,0,1,0,0,0,1,0,0,0,1,1,0,0,1,0,0,0,0,0,0,1,0,0,0,0,0,0,0,0,0,0,0,0,0,0,1,0,0,1,0,0,1,0
1755,2026-06-29,Lubero,Bukenye,Masereka,Femme,36 à 40 ans,Ménage retourné,6 à 12 mois,,Oui,Association,9,1,2,3,3,1,Oui,,0.0625,,0.0625,Oui,5,Élevée,Maraîchers pomme de terre,E10,7.9,True,0,0,0,0,0,0,0,0,0,0,0,0,1,0,1,0,1,0,0,0,1,0,0,0,0,0,0,1,1,0,0,0,0,0,0,1,1,0,0,1,1,0,0,1,1,0,0,0,0,0,0,0,0,0,1,0,0,0,0,0,0,0,1,0,0,0,0,0,0,1,1,0,1,1,0,1,0
1756,2026-06-29,Lubero,Bukenye,Masereka,Femme,36 à 40 ans,Famille d'accueil,,2,Non,,10,4,2,2,2,1,Oui,,0.1662,,0.1662,Oui,6,Élevée,Maraîchers pomme de terre,E10,8.4,True,0,0,0,0,0,1,0,0,0,0,0,0,1,0,1,0,1,0,0,0,1,0,0,0,1,0,0,0,0,0,1,1,0,0,0,1,1,0,0,1,1,0,0,1,1,1,0,1,0,0,0,0,0,0,0,0,0,0,0,0,0,0,0,1,0,0,0,0,0,1,1,0,0,1,1,1,1
1757,2026-06-29,Lubero,Bukenye,Masereka,Homme,36 à 40 ans,Ménage retourné,1 à 2 ans,,Oui,Coopérative,5,1,1,1,2,0,Oui,,0.0332,,0.0332,Oui,1,Faible,Maraîchers pomme de terre,E10,9.9,True,0,0,0,0,0,1,0,0,0,0,0,0,1,0,1,0,1,0,0,0,1,0,0,0,1,0,0,0,0,1,1,1,0,0,0,1,1,0,0,1,1,0,0,1,1,1,0,0,0,0,0,0,0,0,1,0,0,0,0,0,0,0,0,0,0,0,0,0,0,0,0,0,0,0,0,1,0
1758,2026-06-29,Lubero,Bukenye,Masereka,Femme,Plus de 41 ans,Ménage retourné,6 à 12 mois,,Oui,Coopérative,11,2,3,3,3,1,Oui,,0.1875,,0.1875,Oui,5,Élevée,Maraîchers pomme de terre,E10,9.5,True,0,0,0,0,0,0,0,0,0,0,0,0,1,0,1,0,1,0,0,0,1,0,0,0,1,0,0,0,0,1,1,1,0,0,0,1,1,0,0,1,1,0,0,1,1,1,0,1,0,0,0,0,0,0,1,0,0,0,0,0,0,0,0,0,0,0,0,0,0,1,1,0,1,1,0,1,0
1759,2026-06-29,Lubero,Bukenye,Masereka,Femme,36 à 40 ans,Famille d'accueil,,3,Oui,Association,20,3,4,6,7,0,Oui,,0.1662,,0.1662,Oui,4,Modérée,Maraîchers pomme de terre,E10,10.3,True,0,0,0,0,0,0,0,0,0,0,0,0,1,0,1,0,1,0,0,0,1,0,0,1,0,0,0,1,1,1,1,1,0,0,0,1,1,0,0,1,1,0,0,1,1,0,0,1,0,0,0,0,0,0,0,0,0,0,0,0,0,0,1,0,0,0,0,0,0,1,0,0,0,1,0,1,1
1760,2026-06-29,Lubero,Bukenye,Masereka,Femme,Plus de 41 ans,Famille d'accueil,,4,Oui,Association,12,3,3,3,3,1,Oui,,0.625,,0.625,Oui,4,Modérée,Maraîchers pomme de terre,E10,8.8,True,0,0,0,0,0,1,0,0,0,0,0,0,1,0,1,0,1,0,0,0,1,0,0,0,0,0,0,1,1,1,1,1,0,0,0,1,1,0,0,1,1,0,0,1,1,0,0,0,0,0,0,0,0,0,0,0,0,0,0,0,1,0,0,1,0,0,0,0,0,1,1,0,0,1,0,0,1
1761,2026-06-29,Lubero,Bukenye,Masereka,Femme,18 à 25 ans,Famille d'accueil,,1,Oui,Association,6,2,2,1,1,0,Oui,,0.01,,0.01,Oui,2,Faible,Maraîchers pomme de terre,E10,9.2,True,0,0,0,0,0,0,0,0,0,0,0,0,1,0,1,0,1,0,0,0,1,0,0,0,1,0,0,0,1,0,1,1,0,0,0,1,1,0,0,1,1,0,0,1,1,0,0,0,0,0,0,0,0,0,0,0,0,0,0,0,1,0,0,0,0,0,0,1,0,1,0,0,0,0,0,1,0
1762,2026-06-29,Lubero,Buyora/Luotu,Luotu,Homme,Plus de 41 ans,Famille d'accueil,,2,Non,,10,2,2,2,4,0,Non,Oui,,0.15,0.15,Oui,5,Élevée,Maraîchers pomme de terre,E13,18.5,False,0,1,0,0,0,0,1,1,1,0,0,0,0,0,1,0,0,0,0,0,1,0,0,0,0,0,0,1,1,1,0,0,0,0,0,1,1,0,0,1,1,0,0,1,1,0,0,0,0,0,0,0,0,0,0,0,0,0,0,0,0,0,1,0,0,0,0,0,0,0,0,1,0,1,1,1,1
1763,2026-06-29,Lubero,Bukenye,Masereka,Homme,26 à 35 ans,Ménage retourné,1 à 2 ans,,Oui,Coopérative,8,2,1,3,2,0,Oui,,0.0332,,0.0332,Oui,1,Faible,Maraîchers pomme de terre,E10,11.9,True,0,0,0,0,0,0,0,0,0,0,0,0,1,0,1,0,1,0,0,0,0,0,0,0,0,0,0,0,0,1,1,1,0,0,0,1,1,0,0,1,1,0,0,1,1,0,0,0,0,0,0,0,0,0,0,0,0,0,0,0,0,0,0,0,0,0,0,0,0,0,0,0,0,0,0,1,0
1764,2026-06-29,Lubero,Bukenye,Masereka,Femme,26 à 35 ans,Famille d'accueil,,1,Oui,Association,4,1,1,1,1,0,Oui,,0.0625,,0.0625,Oui,2,Faible,Maraîchers pomme de terre,E10,7.8,True,0,0,0,0,0,1,0,0,0,0,0,0,1,0,1,0,1,0,0,0,1,0,0,0,0,0,0,1,1,0,1,1,0,0,0,1,0,0,0,1,0,0,0,1,1,0,0,0,0,0,0,0,0,0,0,0,0,0,0,0,1,0,0,0,0,0,0,0,0,1,0,0,0,0,0,1,0
1765,2026-06-29,Lubero,Buyora/Luotu,Luotu,Homme,Plus de 41 ans,Famille d'accueil,,2,Non,,10,3,2,1,4,0,Non,Oui,,0.1,0.1,Oui,5,Élevée,Maraîchers pomme de terre,E13,10.5,False,0,1,0,0,0,1,1,1,1,0,0,0,0,0,1,0,0,0,0,0,1,1,0,0,0,0,0,1,1,1,0,0,0,0,0,1,1,0,0,1,1,0,0,1,1,0,0,0,0,0,0,0,0,0,0,0,0,0,0,0,0,0,0,0,0,0,0,0,1,0,0,1,0,1,1,1,1
1766,2026-06-29,Lubero,Bukenye,Masereka,Femme,18 à 25 ans,Ménage retourné,Moins de 6 mois,,Oui,Association,9,4,3,1,1,0,Oui,,0.0332,,0.0332,Oui,4,Modérée,Maraîchers pomme de terre,E10,8.2,True,0,0,0,0,0,0,0,0,0,0,0,0,1,0,1,0,1,0,0,0,1,0,0,0,0,0,0,0,0,0,1,1,0,0,0,1,0,0,0,1,1,0,0,1,1,0,0,0,0,0,0,0,0,0,0,0,0,0,0,0,0,0,0,0,0,0,0,0,0,1,0,0,1,1,0,1,0
1767,2026-06-29,Lubero,Buyora/Luotu,Luotu,Femme,Plus de 41 ans,Famille d'accueil,,3,Non,,15,3,3,3,6,0,Non,Oui,,0.2,0.2,Oui,6,Élevée,Maraîchers pomme de terre,E13,15.7,False,0,1,0,0,0,0,1,1,1,0,0,0,1,0,1,0,1,0,0,0,1,0,0,0,1,0,0,0,0,1,0,0,0,0,0,1,1,0,0,1,1,0,0,1,1,0,0,0,0,0,0,0,0,0,1,0,0,0,0,0,0,0,1,0,0,0,0,0,0,1,0,1,0,1,1,1,1
1768,2026-06-29,Lubero,Bukenye,Masereka,Femme,36 à 40 ans,Ménage retourné,6 à 12 mois,,Oui,Coopérative,6,1,1,2,2,1,Oui,,0.0332,,0.0332,Oui,4,Modérée,Maraîchers pomme de terre,E10,5.9,True,0,0,1,0,0,0,1,0,0,0,0,0,1,0,1,0,1,0,0,0,1,0,0,0,0,0,0,0,0,1,1,1,0,0,0,1,1,0,0,1,1,0,0,1,1,0,0,0,0,0,0,0,0,0,0,0,0,0,0,0,0,0,0,0,0,0,0,0,0,1,1,0,1,0,0,1,0
1769,2026-06-29,Lubero,Bukenye,Masereka,Femme,26 à 35 ans,Ménage retourné,Moins de 6 mois,,Oui,Association,9,2,1,5,1,0,Oui,,0.015,,0.015,Oui,4,Modérée,Maraîchers pomme de terre,E10,7.0,True,0,0,0,0,0,1,0,0,1,0,0,0,1,0,1,0,1,0,0,0,1,0,0,0,0,0,0,1,1,1,1,1,0,0,0,1,1,0,0,1,1,0,0,1,1,0,0,0,0,0,0,0,0,0,1,0,0,0,0,0,0,0,1,0,0,0,0,0,0,1,0,0,1,1,0,1,0
1770,2026-06-29,Lubero,Buyora/Luotu,Luotu,Femme,26 à 35 ans,Ménage retourné,1 à 2 ans,,Non,,7,1,1,3,2,0,Non,Oui,,0.05,0.05,Non,4,Modérée,Maraîchers pomme de terre,E13,10.6,False,0,1,0,0,0,0,1,0,0,0,0,0,0,0,1,0,0,0,0,0,1,0,0,0,0,0,0,0,0,0,0,0,0,0,0,1,1,0,0,1,1,0,0,1,1,0,0,0,0,0,0,0,0,0,0,0,0,0,0,0,0,0,0,0,0,0,0,0,1,1,0,1,0,0,1,1,0
1771,2026-06-29,Lubero,Buyora/Luotu,Luotu,Femme,Plus de 41 ans,Ménage retourné,1 à 2 ans,,Non,,13,4,5,2,2,0,Non,Oui,,0.1,0.1,Non,5,Élevée,Petits producteurs peu diversifiés,E13,17.2,False,0,1,0,0,0,1,1,1,0,0,0,0,0,0,0,1,0,0,0,0,0,0,0,0,0,0,0,0,0,0,0,0,0,0,0,1,0,0,0,1,1,0,0,1,1,0,0,0,0,0,0,0,0,0,0,0,0,0,0,0,0,0,1,0,0,0,0,0,0,1,0,1,0,1,1,1,0
1772,2026-06-29,Lubero,Buyora/Luotu,Luotu,Femme,26 à 35 ans,Ménage retourné,6 à 12 mois,,Non,,11,2,2,4,3,0,Non,Oui,,0.05,0.05,Oui,6,Élevée,Maraîchers pomme de terre,E13,9.7,False,0,1,0,0,0,0,1,0,0,0,0,0,0,0,1,0,0,0,0,0,1,0,0,0,1,0,0,1,0,0,0,0,0,0,0,1,1,0,0,1,1,0,0,1,1,0,0,0,0,0,0,0,0,0,1,0,0,0,0,0,0,0,1,0,0,0,0,0,0,1,0,1,1,1,1,1,0
1773,2026-06-29,Lubero,Buyora/Luotu,Luotu,Femme,Plus de 41 ans,Ménage retourné,6 à 12 mois,,Non,,6,2,1,1,2,0,Non,Oui,,0.05,0.05,Non,5,Élevée,Maraîchers pomme de terre,E13,8.8,False,0,1,0,0,0,0,1,0,0,0,0,0,0,0,1,0,0,0,0,0,1,1,1,0,0,0,1,0,0,0,0,0,0,0,0,1,0,0,0,1,1,0,0,1,1,0,0,0,0,0,0,0,0,0,0,0,0,0,0,0,0,0,1,0,0,0,0,0,0,1,0,1,1,0,1,1,0
1774,2026-06-29,Lubero,Buyora/Luotu,Luotu,Femme,Plus de 41 ans,Ménage retourné,1 à 2 ans,,Non,,9,2,2,2,3,1,Non,Oui,,0.05,0.05,Oui,6,Élevée,Maraîchers pomme de terre,E13,9.8,False,0,1,0,0,0,1,1,0,0,0,0,0,0,0,1,0,0,0,0,0,1,1,0,0,0,0,0,1,1,0,0,0,0,0,0,1,1,0,0,1,1,0,0,1,1,0,0,0,0,0,0,0,0,0,0,0,0,0,0,0,0,0,0,0,0,0,0,0,1,1,1,1,0,1,1,1,0
1775,2026-06-29,Lubero,Bukenye,Masereka,Homme,36 à 40 ans,Ménage retourné,1 à 2 ans,,Oui,Coopérative,11,4,4,1,2,0,Oui,,0.0625,,0.0625,Oui,2,Faible,Maraîchers pomme de terre,E09,5.4,True,0,0,0,0,0,0,0,0,0,0,0,0,1,0,0,0,0,0,0,0,0,0,0,0,0,0,0,1,0,0,0,0,0,0,0,0,0,0,1,1,0,0,0,1,0,0,0,1,0,0,0,0,0,0,0,0,0,0,0,0,0,1,0,0,0,0,0,0,0,0,0,0,0,1,0,1,0
1776,2026-06-29,Lubero,Bukenye,Masereka,Homme,26 à 35 ans,Ménage retourné,6 à 12 mois,,Non,,6,1,1,1,3,0,Non,Oui,,0.0625,0.0625,Oui,4,Modérée,Maraîchers pomme de terre,E09,5.4,True,0,0,0,0,0,0,0,0,0,0,0,0,0,0,1,0,1,0,0,0,0,0,0,0,0,0,0,0,1,0,0,0,0,0,0,1,0,0,0,1,0,0,0,1,0,0,0,1,0,0,0,0,0,0,0,0,0,0,0,0,0,1,0,0,0,0,0,0,0,0,0,1,1,0,1,1,0
1777,2026-06-29,Lubero,Buyora/Luotu,Luotu,Femme,26 à 35 ans,Ménage retourné,1 à 2 ans,,Non,,9,1,1,2,5,0,Non,Oui,,0.05,0.05,Oui,5,Élevée,Maraîchers pomme de terre,E13,8.6,False,0,1,1,0,0,1,2,0,0,0,0,0,0,0,1,0,0,0,0,0,1,1,0,0,0,0,1,1,1,0,0,0,0,0,0,1,1,0,0,1,1,0,0,1,1,0,0,0,0,0,0,0,0,0,0,0,0,0,0,0,0,0,1,0,0,0,0,0,0,1,0,1,0,1,1,1,0
1778,2026-06-29,Lubero,Bukenye,Masereka,Homme,36 à 40 ans,Ménage retourné,6 à 12 mois,,Non,,10,1,5,3,1,0,Oui,,0.375,,0.375,Oui,3,Modérée,Maraîchers pomme de terre,E09,12.5,False,0,1,1,0,0,0,2,0,0,0,0,0,1,0,0,0,0,0,0,0,0,0,0,0,0,0,0,0,0,0,1,1,0,0,0,1,0,0,0,1,0,0,0,1,1,0,0,0,0,0,0,0,0,0,1,0,0,0,0,0,0,0,1,0,0,0,0,0,0,0,0,0,1,1,1,0,0
1779,2026-06-29,Lubero,Buyora/Luotu,Luotu,Homme,Plus de 41 ans,Famille d'accueil,,3,Non,,12,3,3,2,4,1,Non,Oui,,0.15,0.15,Oui,6,Élevée,Maraîchers pomme de terre,E13,9.4,False,0,1,0,0,0,0,1,1,0,0,0,0,1,0,1,0,1,0,0,0,1,0,0,0,1,0,0,1,1,0,0,0,0,0,0,1,1,0,0,1,1,0,0,1,1,0,0,0,0,0,0,0,0,0,0,0,0,0,0,0,0,0,0,0,0,0,0,0,1,0,1,1,0,1,1,1,1
1780,2026-06-29,Lubero,Bukenye,Kitsimba,Femme,36 à 40 ans,Famille d'accueil,,2,Oui,Organisation Paysanne,13,2,3,3,5,0,Non,Oui,,0.125,0.125,Oui,5,Élevée,Maraîchers pomme de terre,E06,9.5,True,0,0,0,0,0,1,0,1,1,0,0,0,1,0,1,0,1,0,0,0,0,1,0,0,0,0,0,1,1,0,0,0,0,0,0,1,1,0,0,1,1,1,1,1,1,1,1,0,0,0,0,0,0,0,0,0,0,0,0,1,0,1,0,0,0,0,0,0,1,1,0,1,0,1,0,1,1
1781,2026-06-29,Lubero,Bukenye,Masereka,Femme,Plus de 41 ans,Famille d'accueil,,1,Non,,4,0,1,2,1,0,Oui,,0.1,,0.1,Oui,3,Modérée,Petits producteurs peu diversifiés,E09,5.1,True,0,0,0,0,0,0,0,1,0,0,0,0,0,0,0,0,0,0,0,0,0,0,0,0,0,0,0,1,0,0,0,0,0,0,0,1,0,0,0,1,0,1,0,1,0,0,0,1,0,0,0,0,0,0,0,0,0,0,0,0,0,1,0,0,0,0,0,0,0,1,0,0,0,0,1,1,0
1782,2026-06-29,Lubero,Bukenye,Kitsimba,Homme,Plus de 41 ans,Famille d'accueil,,2,Oui,Organisation Paysanne,15,3,3,4,5,0,Oui,,0.3,,0.3,Oui,2,Faible,Maraîchers pomme de terre,E06,8.1,True,0,0,0,0,0,1,0,1,0,0,0,0,1,0,1,1,1,0,0,0,1,0,0,0,0,0,0,0,1,1,0,0,0,0,0,1,1,0,0,1,1,1,1,1,1,1,1,0,0,0,0,0,0,0,0,0,0,0,0,1,0,0,0,0,0,0,0,0,1,0,0,0,0,1,0,0,1
1783,2026-06-29,Lubero,Bukenye,Masereka,Femme,36 à 40 ans,Ménage retourné,1 à 2 ans,,Oui,Association,9,0,2,5,2,0,Non,Oui,,0.05,0.05,Oui,4,Modérée,Petits producteurs peu diversifiés,E09,6.1,True,0,0,0,0,0,0,0,1,0,0,0,0,0,0,0,0,0,0,0,0,0,0,0,0,0,0,0,1,0,0,0,0,0,0,0,0,1,0,0,1,1,0,0,1,0,0,0,1,0,0,0,0,0,0,1,0,0,0,0,0,0,1,0,0,0,0,0,0,0,1,0,1,0,1,0,1,0
1784,2026-06-29,Lubero,Bukenye,Kitsimba,Femme,26 à 35 ans,Ménage retourné,Moins de 6 mois,,Oui,Organisation Paysanne,6,0,2,1,3,0,Non,Oui,,0.25,0.25,Oui,3,Modérée,Maraîchers pomme de terre,E06,8.6,True,0,0,0,0,0,0,0,1,0,0,0,0,1,0,1,0,1,0,0,0,1,0,0,0,0,0,0,0,1,0,0,0,0,0,0,1,1,0,0,1,1,1,1,1,1,1,1,0,0,0,0,0,0,0,0,0,0,0,0,1,1,1,0,0,0,0,0,0,1,1,0,1,1,0,0,0,0
1785,2026-06-29,Lubero,Bukenye,Kitsimba,Femme,Plus de 41 ans,Ménage retourné,Moins de 6 mois,,Oui,Organisation Paysanne,8,3,4,0,1,0,Non,Oui,,0.25,0.25,Oui,3,Modérée,Maraîchers pomme de terre,E06,6.6,True,0,0,0,0,0,1,0,1,1,0,0,0,1,0,1,0,1,0,0,0,0,1,0,0,0,0,0,1,0,0,0,0,0,0,0,1,1,0,0,1,1,1,1,1,1,1,1,0,0,0,0,0,0,0,0,0,0,0,0,1,0,1,0,0,0,0,0,0,1,1,0,1,1,0,0,0,0
1786,2026-06-29,Lubero,Bukenye,Masereka,Femme,Plus de 41 ans,Famille d'accueil,,1,Non,,10,1,1,5,3,1,Oui,,0.05,,0.05,Oui,5,Élevée,Petits producteurs peu diversifiés,E09,5.9,True,0,0,0,0,0,0,0,1,0,0,0,0,0,0,0,0,0,0,0,0,0,0,0,0,0,0,0,0,1,0,0,0,0,0,0,1,0,0,0,1,0,0,0,1,0,0,0,1,0,0,0,0,0,0,0,0,0,0,0,0,0,1,0,0,0,0,0,0,0,1,1,0,0,1,1,1,0
1787,2026-06-29,Lubero,Bukenye,Kitsimba,Femme,26 à 35 ans,Ménage retourné,Moins de 6 mois,,Oui,Organisation Paysanne,8,1,3,1,3,0,Non,Oui,,0.3,0.3,Oui,3,Modérée,Maraîchers pomme de terre,E06,5.4,True,0,0,0,0,0,1,0,1,1,0,0,0,1,0,1,1,1,0,0,0,1,0,0,0,0,0,0,1,1,0,0,0,0,0,0,1,1,0,1,1,1,1,1,1,1,1,1,0,0,0,0,0,0,0,0,0,0,0,0,1,0,1,0,0,0,0,0,0,1,1,0,1,1,0,0,0,0
1788,2026-06-29,Lubero,Bukenye,Kitsimba,Femme,18 à 25 ans,Ménage retourné,Moins de 6 mois,,Oui,Organisation Paysanne,5,1,2,1,1,0,Non,Oui,,0.25,0.25,Oui,3,Modérée,Maraîchers pomme de terre,E06,4.3,True,1,0,0,0,0,1,1,1,1,0,0,0,1,0,1,1,1,0,0,0,1,0,0,0,0,0,0,1,1,0,0,0,0,0,0,1,1,0,0,1,1,1,1,1,1,1,1,0,0,0,0,0,0,0,0,0,0,0,0,1,0,1,0,1,0,0,0,0,0,1,0,1,1,0,0,0,0
1789,2026-06-29,Lubero,Bukenye,Masereka,Homme,36 à 40 ans,Famille d'accueil,,2,Oui,Coopérative,10,4,2,2,2,1,Oui,,0.09375,,0.09375,Oui,4,Modérée,Maraîchers pomme de terre,E09,8.4,True,0,0,0,0,0,0,0,0,0,0,0,0,0,0,1,0,1,0,0,0,1,0,0,0,0,0,0,1,1,0,1,1,0,0,0,1,1,0,0,1,1,0,0,1,1,0,0,1,0,0,0,0,0,0,1,0,0,0,0,0,0,1,0,0,0,0,0,0,0,0,1,0,0,1,0,1,1
1790,2026-06-29,Lubero,Bukenye,Kitsimba,Homme,Plus de 41 ans,Ménage retourné,Moins de 6 mois,,Oui,Organisation Paysanne,13,3,4,4,2,0,Oui,,0.125,,0.125,Oui,3,Modérée,Maraîchers pomme de terre,E06,6.7,True,0,0,0,0,0,0,0,1,1,0,0,0,1,0,1,1,1,0,0,0,1,0,0,0,1,0,0,0,0,0,1,1,0,0,0,1,1,0,1,1,1,1,1,1,1,1,1,0,0,0,0,0,0,0,0,0,0,0,0,1,0,1,0,0,0,0,0,0,0,0,0,0,1,1,0,1,0
1791,2026-06-29,Lubero,Bukenye,Masereka,Homme,36 à 40 ans,Famille d'accueil,,1,Non,,8,4,4,0,0,1,Non,Oui,,0.05,0.05,Non,4,Modérée,Petits producteurs peu diversifiés,E09,4.7,True,1,0,0,0,0,1,1,1,0,0,0,0,0,0,0,0,0,0,0,0,0,0,0,0,0,0,0,0,0,0,0,0,0,0,0,1,0,0,0,1,0,0,0,1,0,0,0,1,0,0,0,0,0,0,0,0,0,0,0,0,0,1,0,0,0,0,0,0,0,0,1,1,0,0,1,1,0
1792,2026-06-29,Lubero,Bukenye,Masereka,Homme,Plus de 41 ans,Famille d'accueil,,1,Oui,Organisation Paysanne,3,1,,1,1,0,Oui,,0.1875,,0.1875,Oui,1,Faible,Maraîchers pomme de terre,E09,4.7,True,1,0,1,0,0,0,2,0,0,0,0,0,0,0,1,0,1,0,0,0,0,0,0,0,0,0,0,0,0,0,1,1,0,0,1,1,0,0,0,1,0,0,0,1,1,0,0,1,0,0,0,0,0,0,1,0,0,0,0,0,0,1,0,0,0,0,0,0,0,0,0,0,0,0,0,1,0
1793,2026-06-29,Lubero,Bukenye,Masereka,Homme,36 à 40 ans,Ménage retourné,6 à 12 mois,,Non,,10,1,1,6,2,0,Non,Oui,,0.1,0.1,Oui,5,Élevée,Maraîchers pomme de terre,E09,5.2,True,0,0,0,0,0,1,0,0,0,0,0,0,0,0,1,0,1,0,0,0,1,0,0,0,0,0,0,1,1,0,0,0,0,0,0,1,1,0,0,1,1,0,0,1,1,0,0,1,0,0,0,0,0,0,1,0,0,0,0,0,0,1,0,0,0,0,0,0,0,0,0,1,1,1,1,1,0
1794,2026-06-29,Lubero,Bukenye,Kitsimba,Femme,Plus de 41 ans,Ménage retourné,Moins de 6 mois,,Oui,Organisation Paysanne,7,0,2,2,3,0,Non,Oui,,0.2,0.2,Oui,4,Modérée,Maraîchers pomme de terre,E06,11.9,True,0,0,1,0,0,1,1,1,1,0,0,0,1,0,1,1,1,0,0,0,1,0,0,0,1,0,0,1,0,0,1,0,0,1,0,1,1,0,0,1,1,1,1,1,1,1,1,0,0,0,0,0,0,0,0,0,0,0,0,1,0,1,0,1,0,0,0,0,0,1,0,1,1,0,0,1,0
1795,2026-06-29,Lubero,Bukenye,Masereka,Femme,26 à 35 ans,Famille d'accueil,,1,Non,,4,1,1,2,0,0,Oui,,0.09375,,0.09375,Oui,3,Modérée,Maraîchers pomme de terre,E09,4.4,True,1,0,0,0,0,0,1,0,0,0,0,0,0,0,1,0,0,0,0,0,1,0,0,0,0,0,0,1,0,0,0,0,0,0,0,0,0,0,1,1,0,0,0,1,1,0,0,1,0,0,0,0,0,0,0,0,0,0,0,0,0,1,0,0,0,0,0,0,0,1,0,0,0,0,1,1,0
1796,2026-06-29,Lubero,Bukenye,Masereka,Femme,Plus de 41 ans,Famille d'accueil,,1,Non,,4,1,1,1,1,0,Oui,,0.1,,0.1,Oui,3,Modérée,Petits producteurs peu diversifiés,E09,3.2,True,1,0,0,0,0,1,1,1,0,0,0,0,0,0,1,0,0,0,0,0,1,0,0,0,0,0,0,1,0,0,0,0,0,0,0,1,0,0,0,1,0,0,0,1,1,0,0,1,0,0,0,0,0,0,1,0,0,0,0,0,0,1,0,0,0,0,0,0,0,1,0,0,0,0,1,1,0
1797,2026-06-29,Lubero,Bukenye,Masereka,Femme,Plus de 41 ans,Famille d'accueil,,2,Non,,8,2,2,1,3,0,Oui,,0.1,,0.1,Oui,4,Modérée,Maraîchers pomme de terre,E09,5.5,True,0,0,0,0,0,1,0,0,0,0,0,0,0,0,1,0,1,0,0,0,0,0,0,0,0,0,0,1,1,0,0,0,0,0,0,1,0,0,0,1,0,0,0,1,1,0,0,1,0,0,0,0,0,0,1,0,0,0,0,0,0,1,0,0,0,0,0,0,0,1,0,0,0,0,1,1,1
1798,2026-06-29,Lubero,Bukenye,Masereka,Homme,26 à 35 ans,Ménage retourné,1 à 2 ans,,Non,,10,2,1,4,3,0,Non,Oui,,0.125,0.125,Oui,4,Modérée,Maraîchers pomme de terre,E09,4.9,True,1,0,0,0,0,0,1,0,0,0,0,0,1,0,0,0,0,0,0,0,0,0,0,0,0,0,0,0,0,0,1,0,1,0,0,1,0,0,0,1,0,0,0,1,0,1,0,1,0,0,0,0,0,0,0,0,0,0,0,0,0,1,0,0,0,0,0,0,0,0,0,1,0,1,1,1,0
1799,2026-06-29,Lubero,Bukenye,Masereka,Homme,Plus de 41 ans,Famille d'accueil,,1,Non,,4,1,1,1,1,0,Oui,,0.1,,0.1,Oui,2,Faible,Maraîchers pomme de terre,E09,4.4,True,1,0,0,0,0,1,1,0,0,0,0,0,1,0,1,0,1,0,0,0,0,0,0,0,0,0,0,0,0,0,1,1,0,0,0,1,1,0,0,1,1,0,0,1,1,0,0,1,0,0,0,0,0,0,0,0,0,0,0,0,0,1,0,0,0,0,0,0,0,0,0,0,0,0,1,1,0
1800,2026-06-29,Lubero,Bukenye,Irangira,Femme,Plus de 41 ans,Ménage retourné,Moins de 6 mois,,Oui,Organisation Paysanne,6,1,1,2,2,0,Non,Oui,,0.125,0.125,Oui,4,Modérée,Maraîchers pomme de terre,E06,10.3,True,0,0,0,0,0,1,0,0,0,0,0,0,1,0,1,1,1,0,0,0,1,0,0,0,0,0,0,1,0,0,0,0,0,0,0,1,1,0,0,1,1,1,1,1,1,1,1,0,0,0,0,0,0,0,0,0,0,0,0,1,0,1,0,0,0,0,0,0,0,1,0,1,1,0,0,1,0
1801,2026-06-29,Lubero,Bukenye,Masereka,Femme,26 à 35 ans,Famille d'accueil,,1,Non,,3,0,1,0,2,1,Oui,,0.05,,0.05,Oui,4,Modérée,Maraîchers pomme de terre,E09,3.4,True,1,0,0,0,0,0,1,0,0,0,0,0,0,0,1,0,1,0,0,0,0,0,0,0,0,0,0,1,0,0,0,0,0,0,0,1,0,0,0,1,0,0,0,1,1,0,0,1,0,0,0,0,0,0,1,0,0,0,0,0,0,1,0,0,0,0,0,0,0,1,1,0,0,0,1,1,0
1802,2026-06-29,Lubero,Bukenye,Masereka,Femme,Plus de 41 ans,Famille d'accueil,,1,Non,,4,1,1,1,1,0,Oui,,0.0625,,0.0625,Oui,3,Modérée,Maraîchers pomme de terre,E09,4.4,True,1,0,0,0,0,0,1,0,0,0,0,0,1,0,0,0,0,0,0,0,0,0,0,0,0,0,0,1,0,0,0,0,0,0,0,1,0,0,0,1,0,0,0,1,0,1,0,1,0,0,0,0,0,0,1,0,0,0,0,0,0,1,0,0,0,0,0,0,0,1,0,0,0,0,1,1,0
1803,2026-06-29,Lubero,Bukenye,Masereka,Femme,Plus de 41 ans,Famille d'accueil,,1,Non,,5,1,1,2,1,0,Oui,,0.1,,0.1,Oui,3,Modérée,Maraîchers pomme de terre,E09,2.7,True,1,0,0,0,0,0,1,0,0,0,0,0,0,0,1,0,0,0,0,0,1,0,0,0,0,0,0,0,0,1,0,0,0,0,0,1,0,0,0,1,0,0,0,1,1,0,0,1,0,0,0,0,0,0,0,0,0,0,0,0,0,1,0,0,0,0,0,0,0,1,0,0,0,0,1,1,0
1804,2026-06-29,Lubero,Bukenye,Irangira,Homme,26 à 35 ans,Ménage retourné,6 à 12 mois,,Oui,Organisation Paysanne,8,2,1,2,3,0,Non,Oui,,0.125,0.125,Oui,3,Modérée,Maraîchers pomme de terre,E06,6.7,True,0,0,0,0,0,0,0,1,1,0,0,0,1,0,1,1,1,0,0,0,1,0,0,0,1,0,0,1,0,0,0,0,0,0,0,1,1,0,0,1,1,1,1,1,1,1,1,0,0,0,0,0,0,0,0,0,0,0,0,1,0,1,0,1,0,0,0,0,0,0,0,1,1,0,0,1,0
1805,2026-06-29,Lubero,Bukenye,Masereka,Femme,26 à 35 ans,Famille d'accueil,,2,Oui,Coopérative,6,2,4,0,0,0,Oui,,0.1875,,0.1875,Oui,3,Modérée,Maraîchers pomme de terre,E09,3.5,True,1,0,0,0,0,0,1,0,0,0,0,0,1,0,0,0,0,0,0,0,0,0,0,0,0,0,0,0,1,0,1,1,0,0,0,1,0,0,0,1,0,0,0,0,1,1,0,1,0,0,0,0,0,0,0,0,0,0,0,0,0,1,0,0,0,0,0,0,0,1,0,0,0,0,0,1,1
1806,2026-06-29,Lubero,Bukenye,Masereka,Femme,18 à 25 ans,Famille d'accueil,,1,Oui,Coopérative,7,3,4,0,0,0,Oui,,0.0625,,0.0625,Oui,2,Faible,Maraîchers pomme de terre,E09,4.1,True,1,0,0,0,0,0,1,0,0,0,0,0,0,0,1,0,0,0,0,0,1,0,0,0,0,0,0,0,1,0,1,1,0,0,0,1,0,0,0,1,0,0,0,1,0,1,0,1,0,0,0,0,0,0,0,0,0,0,0,0,0,1,0,0,0,0,0,0,0,1,0,0,0,0,0,1,0
1807,2026-06-29,Lubero,Bukenye,Irangira,Femme,26 à 35 ans,Ménage retourné,6 à 12 mois,,Oui,Organisation Paysanne,6,1,1,3,1,0,Non,Oui,,0.125,0.125,Oui,4,Modérée,Maraîchers pomme de terre,E06,4.3,True,1,0,0,0,0,0,1,1,1,0,0,0,1,0,1,1,1,0,0,0,1,0,0,0,1,0,0,0,1,0,0,0,0,0,0,1,1,0,0,1,1,1,1,1,1,1,1,0,0,0,0,0,0,0,0,0,0,0,0,1,0,1,0,1,0,0,0,0,0,1,0,1,1,0,0,1,0
1808,2026-06-29,Lubero,Bukenye,Masereka,Femme,26 à 35 ans,Famille d'accueil,,2,Non,,5,2,2,1,0,0,Oui,,0.1,,0.1,Oui,4,Modérée,Maraîchers pomme de terre,E09,3.6,True,1,0,0,0,0,0,1,0,0,0,0,0,0,0,1,0,0,0,0,0,1,0,0,0,0,0,0,1,1,0,0,0,0,0,0,1,0,0,0,1,0,0,0,1,0,0,0,1,0,0,0,0,0,0,1,0,0,0,0,0,0,1,0,0,0,0,0,0,0,1,0,0,0,0,1,1,1
1809,2026-06-29,Lubero,Buyora/Luotu,Autres villages,Femme,18 à 25 ans,Ménage retourné,6 à 12 mois,,Non,,6,1,,1,4,0,Non,Oui,,0.05,0.05,Oui,5,Élevée,Maraîchers pomme de terre,E13,664.8,False,0,1,1,0,0,0,2,0,0,0,0,0,0,0,1,0,0,0,0,0,0,1,0,0,1,0,1,1,0,0,0,0,0,0,0,1,1,0,0,1,1,0,0,1,1,0,0,0,0,0,0,0,0,0,0,0,0,0,0,0,0,0,0,0,0,0,0,0,0,1,0,1,1,0,1,1,0
1810,2026-06-29,Lubero,Buyora/Luotu,Autres villages,Femme,26 à 35 ans,Famille d'accueil,,2,Non,,7,1,1,2,3,0,Non,Oui,,0.15,0.15,Oui,5,Élevée,Maraîchers pomme de terre,E13,668.3,False,0,1,0,0,0,0,1,1,1,0,0,0,0,0,1,0,0,0,0,0,1,0,0,0,1,0,0,1,1,1,0,0,0,0,0,1,1,0,0,1,1,0,0,1,1,0,0,0,0,0,0,0,0,0,0,0,0,0,0,0,0,0,0,0,0,0,0,0,0,1,0,1,0,0,1,1,1
1811,2026-06-30,Lubero,Bukenye,Masereka,Femme,18 à 25 ans,Famille d'accueil,,1,Non,,7,1,1,3,2,0,Oui,,0.0625,,0.0625,Oui,3,Modérée,Petits producteurs peu diversifiés,E09,6.0,False,0,1,0,0,0,0,1,1,0,0,0,0,0,0,0,0,0,0,0,0,0,0,0,0,0,0,0,1,1,0,0,0,0,0,0,1,0,0,0,1,0,0,0,1,1,1,0,0,0,0,0,0,0,0,1,0,0,0,0,0,0,0,1,0,0,0,0,0,0,1,0,0,0,0,1,1,0
1812,2026-06-30,Lubero,Bukenye,Irangira,Femme,36 à 40 ans,Ménage retourné,6 à 12 mois,,Oui,Organisation Paysanne,5,1,1,3,0,0,Non,Oui,,0.125,0.125,Oui,4,Modérée,Maraîchers pomme de terre,E06,7.2,True,0,0,0,0,0,1,0,0,0,0,0,0,1,0,1,0,1,0,0,0,0,0,0,0,0,0,0,1,0,0,0,0,0,0,0,1,1,0,1,1,1,1,1,1,1,1,1,0,0,0,0,0,0,0,0,0,0,0,0,0,0,1,0,0,0,0,0,0,1,1,0,1,1,0,0,1,0
1813,2026-06-30,Lubero,Bukenye,Irangira,Femme,26 à 35 ans,Ménage retourné,Moins de 6 mois,,Oui,Organisation Paysanne,9,1,3,0,5,0,Non,Oui,,0.3,0.3,Oui,4,Modérée,Maraîchers pomme de terre,E06,9.9,True,0,0,1,0,0,0,1,1,1,0,0,0,1,0,1,1,1,0,0,0,1,0,0,0,1,0,0,0,1,0,0,0,0,0,0,1,1,1,1,1,1,1,1,1,1,1,1,0,0,0,0,0,0,0,0,0,0,0,0,1,0,1,0,0,0,0,0,0,1,1,0,1,1,1,0,0,0
1814,2026-06-30,Lubero,Bukenye,Masereka,Femme,26 à 35 ans,Ménage retourné,Moins de 6 mois,,Non,,7,1,1,3,2,0,Non,Oui,,0.1,0.1,Non,5,Élevée,Petits producteurs peu diversifiés,E09,4.4,False,1,1,0,0,0,0,2,1,0,0,0,0,1,0,0,0,0,0,0,0,0,0,0,0,0,0,0,0,0,0,0,0,0,0,0,1,0,0,0,1,0,0,0,1,0,1,0,1,0,0,0,0,0,0,1,0,0,0,0,0,0,1,0,0,0,0,0,0,0,1,0,1,1,0,1,1,0
1815,2026-06-30,Lubero,Bukenye,Masereka,Femme,Plus de 41 ans,Ménage retourné,6 à 12 mois,,Non,,7,0,1,3,3,0,Oui,,0.1,,0.1,Non,4,Modérée,Petits producteurs peu diversifiés,E09,5.9,False,0,1,0,0,0,0,1,1,0,0,0,0,0,0,0,0,0,0,0,0,0,0,0,0,0,0,0,0,0,0,0,0,0,0,0,1,0,0,0,1,0,0,0,1,0,1,0,1,0,0,0,0,0,0,0,0,0,0,0,0,0,1,0,0,0,0,0,0,0,1,0,0,1,0,1,1,0
1816,2026-06-30,Lubero,Buyora/Luotu,Luotu,Femme,36 à 40 ans,Famille d'accueil,,2,Non,,8,2,2,3,1,0,Non,Oui,,0.15,0.15,Oui,5,Élevée,Petits producteurs peu diversifiés,E13,11.6,False,0,1,0,0,0,0,1,1,0,0,0,0,0,0,1,0,0,0,0,0,1,0,0,0,1,0,0,1,0,0,0,0,0,0,0,1,1,0,0,1,1,0,0,1,1,0,0,0,0,0,0,0,0,0,0,0,0,0,0,0,0,0,0,0,0,0,0,0,0,1,0,1,0,0,1,1,1
1817,2026-06-30,Lubero,Bukenye,Kitsimba,Femme,26 à 35 ans,Ménage retourné,Moins de 6 mois,,Oui,Organisation Paysanne,6,1,2,1,2,0,Non,Oui,,0.25,0.25,Oui,3,Modérée,Maraîchers pomme de terre,E06,8.2,True,0,0,0,0,0,0,0,0,0,0,0,0,1,0,1,1,1,0,0,0,0,0,0,0,1,0,0,1,1,0,0,0,0,0,0,1,1,0,1,1,1,1,1,1,1,1,1,0,0,0,0,0,0,0,0,0,0,0,0,0,0,1,0,1,0,0,0,0,1,1,0,1,1,0,0,0,0
1818,2026-06-30,Lubero,Buyora/Luotu,Luotu,Homme,26 à 35 ans,Ménage retourné,1 à 2 ans,,Non,,6,1,1,1,3,0,Non,Oui,,0.05,0.05,Oui,3,Modérée,Maraîchers pomme de terre,E13,9.5,False,0,1,0,0,0,1,1,0,0,0,0,0,0,0,1,0,0,0,0,0,0,1,0,0,1,0,0,1,1,0,0,0,0,0,0,1,1,0,0,1,1,0,0,1,1,0,0,0,0,0,0,0,0,0,1,0,0,0,0,0,0,0,1,0,0,0,0,0,0,0,0,1,0,0,1,1,0
1819,2026-06-30,Lubero,Bukenye,Kitsimba,Homme,Plus de 41 ans,Ménage retourné,6 à 12 mois,,Oui,Organisation Paysanne,8,1,1,3,3,0,Non,Oui,,0.625,0.625,Oui,2,Faible,Maraîchers pomme de terre,E06,202.9,True,0,0,0,0,0,1,0,1,1,0,0,0,1,0,1,1,1,0,0,0,1,0,0,0,1,0,0,1,0,0,0,0,0,0,0,1,1,0,1,1,1,1,1,1,1,1,1,0,0,0,0,0,0,0,0,0,0,0,0,1,0,1,0,1,0,0,0,0,0,0,0,1,1,0,0,0,0
1820,2026-06-30,Lubero,Buyora/Luotu,Luotu,Femme,26 à 35 ans,Ménage retourné,plus de 2 ans,,Non,,7,1,1,2,3,0,Non,Oui,,0.1,0.1,Oui,4,Modérée,Maraîchers pomme de terre,E13,8.8,False,0,1,0,0,0,1,1,1,1,0,0,0,0,0,1,0,0,0,0,0,1,0,0,0,0,0,0,1,1,0,0,0,0,0,0,1,1,0,0,1,1,0,0,1,1,0,0,0,0,0,0,0,0,0,0,0,0,0,0,0,0,0,0,0,0,0,0,0,1,1,0,1,0,0,1,1,0
1821,2026-06-30,Lubero,Buyora/Luotu,Luotu,Homme,Plus de 41 ans,Ménage retourné,1 à 2 ans,,Non,,4,1,1,1,1,0,Non,Oui,,0.05,0.05,Oui,3,Modérée,Petits producteurs peu diversifiés,E13,11.3,False,0,1,1,0,0,0,2,1,1,0,0,0,0,0,0,0,0,0,0,0,0,0,0,0,0,0,0,1,1,0,0,0,0,0,0,1,1,0,0,1,1,0,0,1,1,0,0,0,0,0,0,0,0,0,0,0,0,0,0,0,0,0,1,0,0,0,0,0,0,0,0,1,0,0,1,1,0
1822,2026-06-30,Lubero,Bukenye,Masereka,Femme,36 à 40 ans,Ménage retourné,6 à 12 mois,,Oui,Association,4,,2,1,1,0,Oui,,0.0625,,0.0625,Oui,3,Modérée,Maraîchers pomme de terre,E09,11.7,True,0,0,0,0,0,1,0,0,0,0,0,1,1,0,1,1,1,0,0,0,1,0,0,0,0,0,0,1,0,0,1,0,1,0,0,1,1,0,0,1,1,0,0,1,1,0,0,1,0,0,0,0,0,0,1,0,0,0,0,0,0,0,0,0,0,0,1,0,0,1,0,0,1,0,0,1,0
1823,2026-06-30,Lubero,Buyora/Luotu,Luotu,Femme,36 à 40 ans,Ménage retourné,plus de 2 ans,,Non,,7,1,1,2,3,0,Non,Oui,,0.1,0.1,Oui,4,Modérée,Maraîchers pomme de terre,E13,14.6,False,0,1,1,0,0,0,2,1,1,0,0,0,0,0,1,0,0,0,0,0,1,1,0,0,1,0,0,1,1,1,0,0,0,0,0,1,1,0,0,1,1,0,0,1,1,0,0,0,0,0,0,0,0,0,0,0,0,0,0,0,0,0,1,0,0,0,0,0,0,1,0,1,0,0,1,1,0
1824,2026-06-30,Lubero,Bukenye,Kitsimba,Homme,18 à 25 ans,Ménage retourné,6 à 12 mois,,Oui,Organisation Paysanne,8,1,4,1,2,0,Non,Oui,,0.125,0.125,Oui,3,Modérée,Maraîchers pomme de terre,E06,16.2,True,0,0,0,0,0,0,0,1,1,0,0,0,1,0,1,0,0,0,0,0,1,0,0,0,1,0,0,1,0,0,0,0,0,0,0,1,1,1,1,1,1,1,1,1,1,1,1,0,0,0,0,0,0,0,0,0,0,0,0,1,0,1,1,1,0,0,0,0,1,0,0,1,1,0,0,1,0
1825,2026-06-30,Lubero,Buyora/Luotu,Luotu,Femme,26 à 35 ans,Famille d'accueil,,2,Non,,8,2,2,1,3,0,Non,Oui,,0.2,0.2,Oui,5,Élevée,Maraîchers pomme de terre,E13,12.4,False,0,1,0,0,0,1,1,1,1,0,0,0,0,0,1,0,0,0,0,0,1,0,0,0,1,0,0,1,1,0,0,0,0,0,0,1,1,0,0,1,1,0,0,1,1,0,0,0,0,0,0,0,0,0,0,0,0,0,0,0,0,0,0,0,0,0,0,0,1,1,0,1,0,0,1,1,1
1826,2026-06-30,Lubero,Bukenye,Kitsimba,Femme,26 à 35 ans,Ménage retourné,6 à 12 mois,,Oui,Organisation Paysanne,6,1,2,2,1,0,Non,Oui,,0.125,0.125,Oui,4,Modérée,Maraîchers pomme de terre,E06,319.9,True,0,0,0,0,0,0,0,1,1,0,0,0,1,0,1,1,1,0,0,0,1,0,0,0,1,0,0,1,0,0,0,0,0,0,0,1,1,0,1,1,1,1,1,1,1,1,1,1,0,0,0,0,0,0,0,0,0,0,0,1,0,1,0,0,0,0,0,0,0,1,0,1,1,0,0,1,0
1827,2026-06-30,Lubero,Bukenye,Kitsimba,Femme,26 à 35 ans,Famille d'accueil,,1,Oui,Organisation Paysanne,11,2,2,2,5,0,Non,Oui,,0.125,0.125,Oui,4,Modérée,Maraîchers pomme de terre,E06,9.7,True,0,0,0,0,0,1,0,1,1,0,0,0,1,0,1,1,1,0,0,0,1,0,0,0,1,0,0,1,1,1,1,1,0,1,0,1,1,1,0,1,1,1,1,1,1,1,1,0,0,0,0,0,0,0,0,0,0,0,0,1,0,1,1,0,0,0,1,0,1,1,0,1,0,1,0,1,0
1828,2026-06-30,Lubero,Bukenye,Kitsimba,Femme,36 à 40 ans,Famille d'accueil,,1,Oui,Organisation Paysanne,14,1,2,3,8,0,Non,Oui,,0.625,0.625,Oui,3,Modérée,Maraîchers pomme de terre,E06,8.6,True,0,0,0,0,0,1,0,1,1,0,0,0,1,0,1,1,1,0,0,0,1,0,0,0,1,0,0,1,1,0,0,0,0,0,0,1,1,1,1,1,1,1,1,1,1,1,1,1,0,0,0,0,0,0,0,0,0,0,0,1,0,1,0,0,0,0,0,0,1,1,0,1,0,1,0,0,0
1829,2026-06-30,Lubero,Bukenye,Kitsimba,Homme,26 à 35 ans,Ménage retourné,6 à 12 mois,,Oui,Organisation Paysanne,6,1,1,3,1,0,Non,Oui,,0.2,0.2,Oui,3,Modérée,Maraîchers pomme de terre,E06,9.3,True,0,0,0,0,0,0,0,1,1,0,0,0,1,0,1,1,1,0,0,0,1,0,0,0,0,0,0,1,1,0,0,0,0,0,0,1,1,1,1,1,1,1,1,1,1,1,1,1,0,0,0,0,0,0,0,0,0,0,0,1,0,1,0,1,0,0,0,0,1,0,0,1,1,0,0,1,0
1830,2026-06-30,Lubero,Bukenye,Kitsimba,Homme,Plus de 41 ans,Famille d'accueil,,1,Oui,Organisation Paysanne,15,1,3,7,4,0,Oui,,0.5,,0.5,Oui,1,Faible,Maraîchers pomme de terre,E06,13.9,True,0,0,0,0,0,0,0,1,1,0,0,0,1,0,1,1,1,0,0,0,1,0,0,0,1,0,0,0,1,0,1,1,0,0,0,1,1,1,1,1,1,1,1,1,1,1,1,0,0,0,0,0,0,0,0,0,0,0,0,1,0,1,0,1,0,0,0,0,0,0,0,0,0,1,0,0,0
1831,2026-06-30,Lubero,Bukenye,Kitsimba,Femme,26 à 35 ans,Ménage retourné,6 à 12 mois,,Oui,Organisation Paysanne,10,3,5,1,1,1,Non,Oui,,0.125,0.125,Oui,6,Élevée,Maraîchers pomme de terre,E06,7.5,True,0,0,0,0,0,0,0,1,1,0,0,0,1,0,1,1,1,0,0,0,1,0,0,0,0,0,0,1,0,0,0,0,0,0,0,1,1,0,1,1,1,1,1,1,1,1,1,0,0,0,0,0,0,0,0,0,0,0,0,1,0,1,0,1,0,0,0,0,0,1,1,1,1,1,0,1,0
1832,2026-06-30,Lubero,Bukenye,Masereka,Femme,18 à 25 ans,Ménage retourné,6 à 12 mois,,Non,,6,1,2,1,2,0,Oui,,0.1,,0.1,Oui,4,Modérée,Maraîchers pomme de terre,E09,5.8,True,0,0,0,0,0,0,0,0,0,0,0,0,1,0,1,0,1,0,0,0,0,0,0,0,0,0,0,1,1,0,0,0,0,0,0,1,0,0,0,1,0,0,0,1,0,1,0,1,0,0,0,0,0,0,0,0,0,0,0,0,0,1,0,0,0,0,0,0,0,1,0,0,1,0,1,1,0
1833,2026-06-30,Lubero,Bukenye,Masereka,Femme,Plus de 41 ans,Famille d'accueil,,1,Non,,4,0,0,2,2,1,Oui,,0.1875,,0.1875,Oui,4,Modérée,Maraîchers pomme de terre,E09,5.6,True,0,0,0,0,0,1,0,0,0,0,0,0,1,0,0,0,0,0,0,0,0,0,0,0,0,0,0,0,1,1,1,1,1,0,0,1,0,0,0,1,0,0,0,1,1,0,0,1,0,0,0,0,0,0,0,0,0,0,0,0,0,1,0,0,0,0,0,0,0,1,1,0,0,0,1,1,0
1834,2026-06-30,Lubero,Bukenye,Masereka,Homme,26 à 35 ans,Famille d'accueil,,3,Oui,Organisation Paysanne,15,3,3,6,3,1,Oui,,0.0332,,0.0332,Oui,4,Modérée,Maraîchers pomme de terre,E10,8.0,True,0,0,0,0,0,0,0,0,0,0,0,0,1,0,0,0,0,0,0,0,0,0,0,0,0,0,0,0,1,0,1,1,0,0,0,1,1,0,1,1,1,0,0,1,1,0,0,0,0,0,0,0,0,0,0,0,0,0,0,0,0,0,1,0,0,0,0,0,0,0,1,0,0,1,0,1,1
1835,2026-06-30,Lubero,Bukenye,Masereka,Femme,18 à 25 ans,Ménage retourné,Moins de 6 mois,,Non,,8,1,1,2,4,1,Non,Oui,,0.075,0.075,Oui,6,Élevée,Maraîchers pomme de terre,E09,5.1,True,0,0,0,0,0,0,0,0,0,0,0,0,1,0,0,0,0,0,0,0,0,0,0,0,0,0,0,0,0,0,1,0,1,0,0,1,0,0,0,1,0,0,0,1,1,0,0,1,0,0,0,0,0,0,1,0,0,0,0,0,0,1,0,0,0,0,0,0,0,1,1,1,1,0,1,1,0
1836,2026-06-30,Lubero,Bukenye,Masereka,Femme,18 à 25 ans,Ménage retourné,6 à 12 mois,,Non,,6,1,1,2,2,0,Non,Oui,,0.1,0.1,Oui,5,Élevée,Maraîchers pomme de terre,E09,3.8,True,1,0,0,0,0,0,1,0,0,0,0,0,0,0,1,0,1,0,0,0,0,0,0,0,0,0,0,1,1,0,1,0,1,0,0,1,0,0,0,1,0,0,0,1,1,0,0,1,0,0,0,0,0,0,0,0,0,0,0,0,0,1,0,0,0,0,0,0,0,1,0,1,1,0,1,1,0
1837,2026-06-30,Lubero,Bukenye,Masereka,Femme,36 à 40 ans,Famille d'accueil,,2,Non,,8,2,3,1,2,0,Oui,,0.0332,,0.0332,Oui,4,Modérée,Maraîchers pomme de terre,E10,6.5,True,0,0,0,0,0,0,0,0,0,0,0,0,1,0,1,0,1,0,0,0,1,0,0,0,0,0,0,1,1,0,1,1,0,0,0,1,1,0,0,1,1,0,0,1,1,0,0,0,0,0,0,0,0,0,1,0,0,0,0,0,0,0,1,0,0,1,0,0,0,1,0,0,0,0,1,1,1
1838,2026-06-30,Lubero,Bukenye,Masereka,Femme,36 à 40 ans,Famille d'accueil,,2,Non,,6,2,2,1,1,0,Oui,,0.075,,0.075,Oui,4,Modérée,Maraîchers pomme de terre,E09,4.1,True,1,0,0,0,0,0,1,0,0,0,0,0,0,0,1,0,1,0,0,0,1,0,0,0,0,0,0,1,1,0,1,0,1,0,0,1,0,0,0,1,0,0,0,1,0,1,0,1,0,0,0,0,0,0,0,0,0,0,0,0,0,1,0,0,0,0,0,0,0,1,0,0,0,0,1,1,1
1839,2026-06-30,Lubero,Bukenye,Masereka,Femme,26 à 35 ans,Famille d'accueil,,1,Oui,Association,8,2,2,2,2,0,Oui,,0.0625,,0.0625,Oui,2,Faible,Maraîchers pomme de terre,E10,5.4,True,0,0,0,0,0,0,0,0,0,0,0,0,1,0,1,0,1,0,0,0,1,0,0,0,0,0,0,1,1,0,0,0,0,0,0,1,1,0,0,1,1,0,0,1,1,0,0,1,0,0,0,0,0,0,1,0,0,0,0,0,0,0,1,0,0,0,0,0,0,1,0,0,0,0,0,1,0
1840,2026-06-30,Lubero,Bukenye,Masereka,Femme,36 à 40 ans,Ménage retourné,1 à 2 ans,,Non,,6,0,1,2,3,0,Oui,,0.075,,0.075,Oui,3,Modérée,Maraîchers pomme de terre,E09,8.3,True,0,0,0,0,0,0,0,0,0,0,0,0,1,0,0,0,0,0,0,0,0,0,0,0,0,0,0,1,0,0,0,0,0,0,0,1,0,0,0,1,0,0,0,1,1,1,0,1,0,0,0,0,0,0,0,0,0,0,0,0,0,1,0,0,0,0,0,0,0,1,0,0,0,0,1,1,0
1841,2026-06-30,Lubero,Bukenye,Masereka,Femme,26 à 35 ans,Ménage retourné,6 à 12 mois,,Oui,Autres,7,1,1,3,2,0,Non,Oui,,0.0332,0.0332,Oui,4,Modérée,Maraîchers pomme de terre,E10,5.7,True,0,0,0,0,0,0,0,0,0,0,0,0,1,0,1,0,1,0,0,0,1,0,0,0,0,0,0,1,0,0,0,0,0,0,0,1,1,0,0,1,1,0,0,1,1,0,0,0,0,0,0,0,0,0,0,0,0,0,0,0,0,0,1,0,0,0,0,0,0,1,0,1,1,0,0,1,0
1842,2026-06-30,Lubero,Bukenye,Kitsimba,Femme,18 à 25 ans,Ménage retourné,Moins de 6 mois,,Oui,Organisation Paysanne,8,3,3,0,2,0,Non,Oui,,0.125,0.125,Oui,4,Modérée,Maraîchers pomme de terre,E06,6.6,True,0,0,0,0,0,0,0,1,1,0,0,0,1,0,1,1,1,0,0,0,1,0,0,0,1,0,0,1,0,0,0,0,0,0,0,1,1,1,1,1,1,1,1,1,1,1,1,0,0,0,0,0,0,0,0,0,0,0,0,1,0,1,0,0,0,0,0,0,0,1,0,1,1,0,0,1,0
1843,2026-06-30,Lubero,Bukenye,Masereka,Femme,26 à 35 ans,Ménage retourné,6 à 12 mois,,Oui,Coopérative,6,1,2,1,2,0,Oui,,0.075,,0.075,Oui,3,Modérée,Petits producteurs peu diversifiés,E09,4.9,True,1,0,0,0,0,0,1,1,0,0,0,0,0,0,0,0,0,0,0,0,0,0,0,0,0,0,0,1,1,0,0,0,0,0,0,1,0,0,0,1,0,0,0,1,1,0,0,1,0,0,0,0,0,0,0,0,0,0,0,0,0,1,0,0,0,0,0,0,0,1,0,0,1,0,0,1,0
1844,2026-06-30,Lubero,Bukenye,Masereka,Femme,18 à 25 ans,Ménage retourné,6 à 12 mois,,Non,,4,1,1,2,,0,Non,Oui,,0.0332,0.0332,Oui,5,Élevée,Maraîchers pomme de terre,E10,7.5,True,0,0,0,0,0,0,0,1,0,0,0,0,1,0,0,0,0,0,0,0,0,0,0,0,0,0,0,1,0,0,0,0,0,0,0,1,1,0,0,1,1,0,1,1,1,0,1,0,0,0,0,0,0,0,0,0,0,0,0,0,1,1,1,0,0,0,0,1,0,1,0,1,1,0,1,1,0
1845,2026-06-30,Lubero,Bukenye,Masereka,Femme,Plus de 41 ans,Famille d'accueil,,1,Oui,Coopérative,4,1,1,1,1,0,Oui,,0.1,,0.1,Oui,2,Faible,Petits producteurs peu diversifiés,E09,3.8,True,1,0,0,0,0,0,1,1,0,0,0,0,0,0,0,0,0,0,0,0,0,0,0,0,0,0,0,1,0,1,0,0,0,0,0,1,0,0,0,1,0,0,0,1,1,0,0,1,0,0,0,0,0,0,0,0,0,0,0,0,0,1,0,0,0,0,0,0,0,1,0,0,0,0,0,1,0
1846,2026-06-30,Lubero,Buyora/Luotu,Luotu,Femme,Plus de 41 ans,Famille d'accueil,,3,Non,,16,3,4,4,5,1,Non,Oui,,0.15,0.15,Oui,7,Élevée,Petits producteurs peu diversifiés,E13,23.8,False,0,1,0,0,0,0,1,1,1,0,0,0,0,0,1,0,0,0,0,0,0,0,0,0,1,0,0,0,0,1,0,0,0,0,0,1,1,0,0,1,1,0,0,1,1,0,0,0,0,0,0,0,0,0,1,0,0,0,0,0,0,0,1,0,0,0,0,0,0,1,1,1,0,1,1,1,1
1847,2026-06-30,Lubero,Bukenye,Masereka,Femme,26 à 35 ans,Ménage retourné,Moins de 6 mois,,Non,,4,1,2,0,1,0,Non,Oui,,0.1,0.1,Oui,5,Élevée,Maraîchers pomme de terre,E09,5.4,True,0,0,0,0,0,0,0,0,0,0,0,0,0,0,1,0,1,0,0,0,0,0,0,0,0,0,0,1,1,1,0,0,0,0,0,1,0,0,0,1,0,0,0,1,0,0,0,1,0,0,0,0,0,0,0,0,0,0,0,0,0,1,0,0,0,0,0,0,0,1,0,1,1,0,1,1,0
1848,2026-06-30,Lubero,Bukenye,Masereka,Homme,26 à 35 ans,Ménage retourné,6 à 12 mois,,Non,,6,1,1,,4,0,Oui,,0.332,,0.332,Non,2,Faible,Maraîchers pomme de terre,E10,6.6,True,0,0,0,0,0,0,0,0,0,0,0,0,1,0,1,0,1,0,0,0,1,0,0,0,0,0,0,0,0,0,0,0,0,0,0,1,1,0,0,1,1,0,0,1,1,0,0,0,0,0,0,0,0,0,1,0,0,0,0,0,0,0,0,1,0,0,0,0,0,0,0,0,1,0,1,0,0
1849,2026-06-30,Lubero,Bukenye,Masereka,Femme,18 à 25 ans,Ménage retourné,Moins de 6 mois,,Non,,8,2,6,0,0,0,Non,Oui,,0.05,0.05,Non,5,Élevée,Petits producteurs peu diversifiés,E09,4.3,True,1,0,0,0,0,1,1,1,0,0,0,0,0,0,0,0,0,0,0,0,0,0,0,0,0,0,0,0,0,0,0,0,0,0,0,1,0,0,0,1,0,0,0,1,0,1,0,1,0,0,0,0,0,0,0,0,0,0,0,0,0,1,0,0,0,0,0,0,0,1,0,1,1,0,1,1,0
1850,2026-06-30,Lubero,Bukenye,Masereka,Femme,26 à 35 ans,Ménage retourné,Moins de 6 mois,,Oui,Association,6,1,1,2,2,0,Oui,,0.0625,,0.0625,Oui,3,Modérée,Maraîchers pomme de terre,E10,6.8,True,0,0,0,0,0,0,0,0,0,0,0,0,1,0,1,0,1,0,0,0,1,0,0,0,0,0,0,1,1,0,1,1,0,0,0,1,1,0,0,1,0,0,0,1,1,0,0,0,0,0,0,0,0,0,0,0,0,0,0,0,0,0,0,1,0,0,0,0,0,1,0,0,1,0,0,1,0
1851,2026-06-30,Lubero,Bukenye,Masereka,Femme,Plus de 41 ans,Famille d'accueil,,1,Oui,Association,12,4,2,4,2,0,Oui,,0.0332,,0.0332,Oui,3,Modérée,Maraîchers pomme de terre,E10,5.8,True,0,0,0,0,0,0,0,0,0,0,0,0,1,0,1,0,1,0,0,0,1,0,0,0,1,0,0,1,1,0,1,1,0,0,0,1,1,0,0,1,1,0,0,1,1,0,0,1,0,0,0,0,0,0,1,0,0,0,0,0,0,0,0,1,0,0,0,0,0,1,0,0,0,1,0,1,0
1852,2026-06-30,Lubero,Bukenye,Masereka,Femme,18 à 25 ans,Ménage retourné,Moins de 6 mois,,Non,,7,1,3,1,2,0,Oui,,0.05,,0.05,Oui,4,Modérée,Maraîchers pomme de terre,E09,5.2,True,0,0,1,0,0,1,1,0,0,0,0,0,1,0,0,0,0,0,0,0,0,0,0,0,0,0,0,1,0,0,0,0,0,0,0,1,0,0,0,1,0,0,0,1,1,0,0,1,0,0,0,0,0,0,0,0,0,0,0,0,0,1,0,0,0,0,0,0,0,1,0,0,1,0,1,1,0
1853,2026-06-30,Lubero,Bukenye,Masereka,Femme,26 à 35 ans,Ménage retourné,6 à 12 mois,,Oui,Organisation Paysanne,8,1,1,4,2,0,Oui,,0.01875,,0.01875,Non,3,Modérée,Maraîchers pomme de terre,E10,5.2,True,0,0,0,0,0,0,0,0,0,0,0,0,1,0,1,0,1,0,0,0,1,0,0,0,0,0,0,0,0,0,0,0,0,0,0,1,0,0,0,1,0,0,0,1,1,0,0,0,0,0,0,0,0,0,1,0,0,0,0,0,0,0,1,0,0,0,0,0,0,1,0,0,1,0,0,1,0
1854,2026-06-30,Lubero,Buyora/Luotu,Luotu,Femme,Plus de 41 ans,Famille d'accueil,,2,Non,,9,3,4,1,1,0,Non,Oui,,0.15,0.15,Oui,6,Élevée,Maraîchers pomme de terre,E13,90.5,False,0,1,0,0,0,0,1,1,1,0,0,0,1,0,1,0,0,0,0,0,1,0,0,0,1,0,0,1,1,1,0,0,0,0,0,1,1,0,0,1,1,0,0,1,1,0,0,0,0,0,0,0,0,0,1,0,0,0,0,0,0,1,1,0,0,0,0,0,0,1,0,1,0,1,1,1,1
1855,2026-06-30,Lubero,Bukenye,Masereka,Femme,36 à 40 ans,Ménage retourné,6 à 12 mois,,Non,,6,2,1,2,1,0,Oui,,0.06332,,0.06332,Oui,4,Modérée,Maraîchers pomme de terre,E10,6.6,True,0,0,0,0,0,0,0,0,0,0,0,0,1,0,1,0,1,0,0,0,1,0,0,0,0,0,0,1,0,0,1,0,1,0,0,1,1,0,0,1,1,0,0,1,1,0,0,0,0,0,0,0,0,0,1,0,0,0,0,0,0,0,0,1,0,0,0,0,0,1,0,0,1,0,1,1,0
1856,2026-06-30,Lubero,Bukenye,Masereka,Femme,26 à 35 ans,Ménage retourné,Moins de 6 mois,,Oui,Association,6,1,1,3,1,0,Non,Oui,,0.075,0.075,Oui,4,Modérée,Maraîchers pomme de terre,E09,9.4,True,0,0,0,0,0,0,0,0,0,0,0,0,0,0,1,0,0,0,0,0,1,0,0,0,0,0,0,1,0,0,0,0,0,0,0,0,1,0,0,1,1,0,0,1,0,1,0,1,0,0,0,0,0,0,0,0,0,0,0,0,0,1,0,0,0,0,0,0,0,1,0,1,1,0,0,1,0
1857,2026-06-30,Lubero,Bukenye,Masereka,Femme,18 à 25 ans,Ménage retourné,6 à 12 mois,,Oui,Association,6,1,2,1,2,0,Oui,,0.0622,,0.0622,Oui,3,Modérée,Maraîchers pomme de terre,E10,7.9,True,0,0,0,0,0,0,0,1,0,0,0,0,1,0,1,0,1,0,0,0,1,0,0,0,0,0,0,0,0,1,1,1,0,0,0,1,1,0,0,1,1,0,0,1,1,0,0,1,0,0,0,0,0,0,1,0,0,0,0,0,0,0,0,1,0,0,0,0,0,1,0,0,1,0,0,1,0
1858,2026-06-30,Lubero,Bukenye,Masereka,Femme,18 à 25 ans,Ménage retourné,1 à 2 ans,,Oui,Organisation Paysanne,8,1,5,1,1,0,Oui,,0.0332,,0.0332,Oui,2,Faible,Maraîchers pomme de terre,E10,7.9,True,0,0,0,0,0,0,0,0,0,0,0,0,1,0,1,0,1,0,0,0,1,0,0,0,1,0,0,1,1,0,1,1,0,0,0,1,1,0,0,1,1,0,0,1,1,0,0,1,0,0,0,0,0,0,0,0,0,0,0,0,0,0,1,0,0,0,0,0,0,1,0,0,0,0,0,1,0
1859,2026-06-30,Lubero,Bukenye,Masereka,Femme,26 à 35 ans,Famille d'accueil,,1,Non,,5,1,1,0,3,0,Oui,,0.1,,0.1,Oui,3,Modérée,Petits producteurs peu diversifiés,E09,5.2,True,0,0,0,0,0,1,0,1,0,0,0,0,0,0,0,0,0,0,0,0,0,0,0,0,0,0,0,1,0,0,0,0,0,0,0,1,0,0,0,1,0,0,0,1,0,1,0,1,0,0,0,0,0,0,1,0,0,0,0,0,0,1,0,0,0,0,0,0,0,1,0,0,0,0,1,1,0
1860,2026-06-30,Lubero,Bukenye,Masereka,Homme,26 à 35 ans,Famille d'accueil,,1,Oui,Organisation Paysanne,5,1,1,1,2,0,Oui,,0.0332,,0.0332,Oui,1,Faible,Maraîchers pomme de terre,E10,6.9,True,0,0,0,0,0,0,0,0,0,0,0,0,1,0,1,0,1,0,0,0,1,0,0,0,1,0,0,0,0,1,1,1,1,0,0,1,1,0,0,1,1,0,0,1,1,0,0,1,0,0,0,0,0,0,1,0,0,0,0,0,0,0,1,0,0,0,0,0,0,0,0,0,0,0,0,1,0
1861,2026-06-30,Lubero,Bukenye,Kitsimba,Femme,26 à 35 ans,Ménage retourné,Moins de 6 mois,,Oui,Organisation Paysanne,10,4,3,1,2,0,Non,Oui,,0.3,0.3,Oui,4,Modérée,Maraîchers pomme de terre,E06,7.5,True,0,0,0,0,0,1,0,1,1,0,0,0,1,0,1,1,1,0,0,0,1,0,0,0,1,0,0,1,1,1,0,0,0,0,0,1,1,1,1,1,1,1,1,1,1,1,1,1,0,0,0,0,0,0,0,0,0,0,0,1,0,1,0,0,0,0,0,0,1,1,0,1,1,1,0,0,0
1862,2026-06-30,Lubero,Bukenye,Masereka,Femme,36 à 40 ans,Famille d'accueil,,1,Oui,Association,10,4,3,1,2,0,Oui,,0.0332,,0.0332,Oui,3,Modérée,Maraîchers pomme de terre,E10,5.9,True,0,0,1,0,0,1,1,0,0,0,0,0,1,0,1,0,1,0,0,0,1,0,0,0,1,0,0,1,1,0,0,0,0,0,0,1,1,0,0,1,1,0,0,1,1,0,0,0,0,0,0,0,0,0,0,0,0,0,0,0,0,0,0,1,0,0,0,0,0,1,0,0,0,1,0,1,0
1863,2026-06-30,Lubero,Bukenye,Masereka,Homme,26 à 35 ans,Famille d'accueil,,1,Oui,Organisation Paysanne,6,1,1,2,2,0,Oui,,0.0332,,0.0332,Oui,1,Faible,Maraîchers pomme de terre,E10,4.9,True,1,0,0,0,0,0,1,0,0,0,0,0,1,0,1,0,1,0,0,0,1,0,0,0,0,0,0,1,1,0,1,1,0,0,0,1,1,0,0,1,1,0,0,1,1,0,0,0,0,0,0,0,0,0,1,0,0,0,0,0,0,1,0,0,0,0,0,0,0,0,0,0,0,0,0,1,0
1864,2026-06-30,Lubero,Bukenye,Masereka,Femme,18 à 25 ans,Ménage retourné,6 à 12 mois,,Non,,8,4,2,1,1,0,Oui,,0.125,,0.125,Oui,4,Modérée,Maraîchers pomme de terre,E09,4.5,True,1,0,0,0,0,0,1,0,0,0,0,0,0,0,1,0,1,0,0,0,0,0,0,0,0,0,0,1,1,0,0,0,0,0,0,1,0,0,0,1,0,0,0,1,1,0,0,1,0,0,0,0,0,0,1,0,0,0,0,0,0,1,0,0,0,0,0,0,0,1,0,0,1,0,1,1,0
1865,2026-06-30,Lubero,Bukenye,Masereka,Femme,18 à 25 ans,Ménage retourné,Moins de 6 mois,,Oui,Organisation Paysanne,8,2,3,2,1,0,Non,Oui,,0.01875,0.01875,Oui,4,Modérée,Maraîchers pomme de terre,E10,4.6,True,1,0,0,0,0,0,1,0,0,0,0,0,1,0,1,0,1,0,0,0,1,0,0,0,0,0,0,0,1,0,1,1,0,0,0,1,1,0,0,1,1,0,0,1,1,0,0,0,0,0,0,0,0,0,1,0,0,0,0,0,0,1,0,0,0,0,0,0,0,1,0,1,1,0,0,1,0
1866,2026-06-30,Lubero,Bukenye,Masereka,Femme,26 à 35 ans,Ménage retourné,6 à 12 mois,,Non,,7,1,1,3,2,0,Oui,,0.075,,0.075,Oui,4,Modérée,Maraîchers pomme de terre,E09,6.1,True,0,0,0,0,0,0,0,0,0,0,0,0,1,0,0,0,0,0,0,0,0,0,0,0,0,0,0,1,0,0,1,0,1,0,0,1,0,0,0,1,0,0,0,1,1,0,0,1,0,0,0,0,0,0,0,0,0,0,0,0,0,1,0,0,0,0,0,0,0,1,0,0,1,0,1,1,0
1867,2026-06-30,Lubero,Bukenye,Masereka,Femme,36 à 40 ans,Ménage retourné,plus de 2 ans,,Non,,10,1,4,2,3,1,Oui,,2.375,,2.375,Oui,4,Modérée,Maraîchers pomme de terre,E10,7.8,True,0,0,0,0,0,0,0,1,0,0,0,0,1,0,1,1,1,0,0,0,1,0,0,0,0,0,0,0,0,0,1,1,0,0,0,1,1,0,0,1,1,0,0,1,1,0,1,1,0,0,0,0,0,0,1,0,0,0,0,0,0,0,0,0,0,0,0,0,0,1,1,0,0,1,1,0,0
1868,2026-06-30,Lubero,Bukenye,Masereka,Homme,26 à 35 ans,Ménage retourné,6 à 12 mois,,Non,,7,1,1,3,2,0,Oui,,0.125,,0.125,Oui,3,Modérée,Maraîchers pomme de terre,E09,5.3,True,0,0,0,0,0,1,0,0,0,0,0,0,0,0,1,0,1,0,0,0,0,0,0,0,0,0,0,1,0,0,0,0,0,0,0,1,0,0,0,1,0,0,0,1,1,0,0,1,0,0,0,0,0,0,0,0,0,0,0,0,0,1,0,0,0,0,0,0,0,0,0,0,1,0,1,1,0
1869,2026-06-30,Lubero,Bukenye,Kitsimba,Femme,26 à 35 ans,Ménage retourné,Moins de 6 mois,,Oui,Organisation Paysanne,12,1,2,4,5,2,Non,Oui,,0.2,0.2,Oui,6,Élevée,Maraîchers pomme de terre,E06,6.3,True,0,0,0,0,0,0,0,1,1,0,0,0,1,0,1,1,1,0,0,0,0,0,0,0,1,0,0,1,0,0,0,0,0,0,0,1,1,0,0,1,1,1,1,1,1,1,1,0,0,0,0,0,0,0,0,0,0,0,0,1,0,0,0,0,0,0,0,0,1,1,1,1,1,1,0,1,0
1870,2026-06-30,Lubero,Bukenye,Masereka,Femme,18 à 25 ans,Famille d'accueil,,1,Non,,5,1,1,2,1,0,Oui,,0.075,,0.075,Oui,3,Modérée,Petits producteurs peu diversifiés,E09,3.0,True,1,0,0,0,0,0,1,1,0,0,0,0,0,0,0,0,0,0,0,0,0,0,0,0,0,0,0,1,0,0,0,0,0,0,0,1,0,0,0,1,0,0,0,1,0,0,0,1,0,0,0,0,0,0,1,0,0,0,0,0,0,1,0,0,0,0,0,0,0,1,0,0,0,0,1,1,0
1871,2026-06-30,Lubero,Bukenye,Masereka,Femme,36 à 40 ans,Ménage retourné,6 à 12 mois,,Oui,Association,7,2,3,2,0,1,Oui,,0.125,,0.125,Oui,4,Modérée,Maraîchers pomme de terre,E09,4.4,True,1,0,0,0,0,0,1,0,0,0,0,0,1,0,1,0,1,0,0,0,0,0,0,0,0,0,0,1,1,0,0,0,0,0,0,1,0,0,0,1,0,0,0,1,0,1,0,1,0,0,0,0,0,0,1,0,0,0,0,0,0,1,0,0,0,0,0,0,0,1,1,0,1,0,0,1,0
1872,2026-06-30,Lubero,Bukenye,Masereka,Femme,18 à 25 ans,Famille d'accueil,,1,Non,,7,1,2,2,2,0,Oui,,0.1,,0.1,Oui,3,Modérée,Petits producteurs peu diversifiés,E09,5.8,True,0,0,0,0,0,0,0,1,0,0,0,0,0,0,0,0,0,0,0,0,0,0,0,0,0,0,0,1,1,0,0,0,0,0,0,1,0,0,0,1,0,0,0,1,0,0,0,1,0,0,0,0,0,0,0,0,0,0,0,0,0,1,0,0,0,0,0,0,0,1,0,0,0,0,1,1,0
1873,2026-06-30,Lubero,Bukenye,Kitsimba,Femme,Plus de 41 ans,Famille d'accueil,,1,Oui,Organisation Paysanne,15,3,3,5,4,1,Non,Oui,,0.2,0.2,Oui,5,Élevée,Maraîchers pomme de terre,E06,9.7,True,0,0,0,0,0,0,0,1,1,0,0,0,1,0,1,1,1,0,0,0,1,1,0,0,1,0,0,1,0,1,0,0,0,0,0,1,1,0,1,1,1,1,1,1,1,1,1,0,0,0,0,0,0,0,0,0,0,0,0,1,0,1,0,0,0,0,0,0,0,1,1,1,0,1,0,1,0
1874,2026-06-30,Lubero,Buyora/Luotu,Luotu,Femme,Plus de 41 ans,Famille d'accueil,,3,Non,,11,2,3,4,2,0,Non,Oui,,0.15,0.15,Oui,6,Élevée,Maraîchers pomme de terre,E13,11.6,False,0,1,0,0,0,0,1,1,1,0,0,0,1,0,1,0,0,0,0,0,1,0,0,0,1,0,0,1,1,1,0,0,0,0,0,1,1,0,0,1,1,0,0,1,1,0,0,0,0,0,0,0,0,0,0,0,0,0,0,0,0,0,0,0,0,0,0,0,0,1,0,1,0,1,1,1,1
1875,2026-06-30,Lubero,Bukenye,Masereka,Femme,26 à 35 ans,Ménage retourné,6 à 12 mois,,Non,,6,2,2,0,2,0,Oui,,0.1,,0.1,Oui,4,Modérée,Maraîchers pomme de terre,E09,5.0,True,0,0,0,0,0,0,0,0,0,0,0,0,0,0,1,0,1,0,0,0,0,0,0,0,0,0,0,0,1,0,0,0,0,0,0,1,0,0,0,1,0,0,0,1,0,1,0,1,0,0,0,0,0,0,1,0,0,0,0,0,0,1,0,0,0,0,0,0,0,1,0,0,1,0,1,1,0
1876,2026-06-30,Lubero,Bukenye,Masereka,Femme,36 à 40 ans,Ménage retourné,6 à 12 mois,,Non,,8,2,2,2,2,0,Oui,,0.0625,,0.0625,Oui,4,Modérée,Petits producteurs peu diversifiés,E09,3.8,True,1,0,0,0,0,0,1,1,0,0,0,0,0,0,0,0,0,0,0,0,0,0,0,0,0,0,0,1,0,0,0,0,0,0,0,1,0,0,0,1,0,0,0,1,1,1,0,1,0,0,0,0,0,0,0,0,0,0,0,0,0,1,0,0,0,0,0,0,0,1,0,0,1,0,1,1,0
1877,2026-06-30,Lubero,Bukenye,Kitsimba,Femme,Plus de 41 ans,Famille d'accueil,,2,Oui,Organisation Paysanne,14,3,4,3,4,0,Non,Oui,,0.25,0.25,Oui,4,Modérée,Maraîchers pomme de terre,E06,13.6,True,0,0,0,0,0,0,0,1,1,0,0,0,1,0,1,1,1,0,0,0,1,1,0,0,1,0,0,1,1,0,0,0,0,0,0,1,1,0,0,1,1,1,1,1,1,1,1,0,0,0,0,0,0,0,0,0,0,0,0,1,0,0,0,0,0,0,0,0,1,1,0,1,0,1,0,0,1
1878,2026-06-30,Lubero,Bukenye,Masereka,Femme,36 à 40 ans,Ménage retourné,6 à 12 mois,,Non,,7,2,1,2,2,0,Oui,,0.1,,0.1,Oui,4,Modérée,Maraîchers pomme de terre,E09,5.2,True,0,0,0,0,0,0,0,0,0,0,0,0,0,0,1,0,1,0,0,0,0,0,0,0,0,0,0,1,1,0,0,0,0,0,0,1,0,0,0,1,0,0,0,1,1,0,0,1,0,0,0,0,0,0,1,0,0,0,0,0,0,1,0,0,0,0,0,0,0,1,0,0,1,0,1,1,0
1879,2026-06-30,Lubero,Bukenye,Masereka,Femme,Plus de 41 ans,Famille d'accueil,,1,Non,,5,1,1,2,1,0,Oui,,0.1,,0.1,Oui,3,Modérée,Maraîchers pomme de terre,E09,3.7,True,1,0,0,0,0,0,1,0,0,0,0,0,0,0,1,0,1,0,0,0,0,0,0,0,0,0,0,1,1,1,0,0,0,0,0,1,0,0,0,1,0,0,0,1,1,0,0,0,0,0,0,0,0,0,1,0,0,0,0,0,0,0,1,0,0,0,0,0,0,1,0,0,0,0,1,1,0
1880,2026-06-30,Lubero,Bukenye,Kitsimba,Femme,Plus de 41 ans,Famille d'accueil,,4,Oui,Organisation Paysanne,24,4,6,6,8,0,Non,Oui,,0.2,0.2,Oui,5,Élevée,Maraîchers pomme de terre,E06,11.0,True,0,0,0,0,0,0,0,1,1,0,0,0,1,0,1,1,1,0,0,0,1,0,0,0,0,0,0,1,1,0,0,0,0,0,0,1,1,1,0,1,1,1,1,1,1,1,1,0,0,0,0,0,0,0,0,0,0,0,0,1,0,1,0,0,0,0,0,0,1,1,0,1,0,1,0,1,1
1881,2026-06-30,Lubero,Bukenye,Masereka,Femme,Plus de 41 ans,Ménage retourné,plus de 2 ans,,Non,,5,1,1,2,1,1,Oui,,0.05,,0.05,Non,4,Modérée,Petits producteurs peu diversifiés,E09,3.5,True,1,0,0,0,0,0,1,1,0,0,0,0,0,0,0,0,0,0,0,0,0,0,0,0,0,0,0,0,0,0,0,0,0,0,0,1,0,0,0,1,0,0,0,1,1,0,0,1,0,0,0,0,0,0,0,0,0,0,0,0,0,1,0,0,0,0,0,0,0,1,1,0,0,0,1,1,0
1882,2026-06-30,Lubero,Bukenye,Masereka,Femme,26 à 35 ans,Ménage retourné,Moins de 6 mois,,Non,,6,2,2,1,1,0,Oui,,0.0625,,0.0625,Oui,4,Modérée,Maraîchers pomme de terre,E09,3.6,True,1,0,0,0,0,0,1,1,0,0,0,0,1,0,0,0,0,0,0,0,0,0,0,0,0,0,0,1,0,0,0,0,0,0,0,1,0,0,0,1,0,0,0,1,1,0,0,1,0,0,0,0,0,0,0,0,0,0,0,0,0,1,0,0,0,0,0,0,0,1,0,0,1,0,1,1,0
1883,2026-06-30,Lubero,Bukenye,Masereka,Femme,18 à 25 ans,Ménage retourné,6 à 12 mois,,Non,,5,2,2,0,1,0,Oui,,0.0625,,0.0625,Oui,4,Modérée,Maraîchers pomme de terre,E09,4.4,True,1,0,0,0,0,0,1,0,0,0,0,0,0,0,1,0,1,0,0,0,0,0,0,0,0,0,0,1,0,0,0,0,0,0,0,1,0,0,0,1,0,0,0,1,1,0,0,1,0,0,0,0,0,0,0,0,0,0,0,0,0,1,0,0,0,0,0,0,0,1,0,0,1,0,1,1,0
1884,2026-06-30,Lubero,Bukenye,Kitsimba,Femme,26 à 35 ans,Ménage retourné,Moins de 6 mois,,Oui,Organisation Paysanne,4,1,1,1,1,0,Non,Oui,,0.125,0.125,Oui,4,Modérée,Maraîchers pomme de terre,E06,7.4,True,0,0,0,0,0,0,0,1,1,0,0,0,1,0,1,1,1,0,0,0,1,0,0,0,0,0,0,1,0,0,0,0,0,0,0,1,1,0,0,1,1,1,1,1,1,1,1,0,0,0,0,0,0,0,0,0,0,0,0,1,0,0,0,0,0,0,0,0,1,1,0,1,1,0,0,1,0
1885,2026-06-30,Lubero,Bukenye,Masereka,Femme,Plus de 41 ans,Famille d'accueil,,1,Non,,8,1,2,1,4,0,Oui,,0.0625,,0.0625,Oui,3,Modérée,Maraîchers pomme de terre,E09,3.7,True,1,0,0,0,0,0,1,0,0,0,0,0,0,0,1,0,0,0,0,0,1,0,0,0,0,0,0,1,1,0,0,0,0,0,0,1,0,0,0,1,0,0,0,1,1,0,0,1,0,0,0,0,0,0,0,0,0,0,0,0,0,1,0,0,0,0,0,0,0,1,0,0,0,0,1,1,0
1886,2026-06-30,Lubero,Buyora/Luotu,Luotu,Femme,Plus de 41 ans,Famille d'accueil,,2,Non,,22,2,12,3,5,0,Non,Oui,,0.25,0.25,Oui,5,Élevée,Maraîchers pomme de terre,E13,218.0,False,0,1,1,0,0,0,2,1,1,0,0,0,1,0,1,0,0,0,0,0,1,0,0,0,0,0,0,1,1,0,0,0,0,0,0,1,1,0,0,1,1,0,0,1,1,0,0,0,0,0,0,0,0,0,0,0,0,0,0,0,0,0,0,0,0,0,0,0,1,1,0,1,0,1,1,0,1
1887,2026-06-30,Lubero,Bukenye,Kitsimba,Femme,26 à 35 ans,Ménage retourné,Moins de 6 mois,,Oui,Organisation Paysanne,5,0,2,2,1,0,Non,Oui,,0.125,0.125,Oui,4,Modérée,Maraîchers pomme de terre,E06,7.5,True,0,0,0,0,0,0,0,1,1,0,0,0,1,0,1,1,1,0,0,0,1,0,0,0,1,0,0,1,0,0,0,0,0,0,0,1,1,0,0,1,1,1,1,1,1,1,1,0,0,0,0,0,0,0,0,0,0,0,0,1,0,1,0,0,0,0,0,0,0,1,0,1,1,0,0,1,0
1888,2026-06-30,Lubero,Bukenye,Masereka,Femme,Plus de 41 ans,Ménage retourné,6 à 12 mois,,Oui,Coopérative,4,2,2,0,0,0,Oui,,0.0625,,0.0625,Oui,3,Modérée,Maraîchers pomme de terre,E09,4.3,True,1,0,0,0,0,0,1,0,0,0,0,0,1,0,0,0,0,0,0,0,0,0,0,0,0,0,0,1,0,0,0,0,0,0,0,1,0,0,0,1,0,0,0,1,0,1,0,1,0,0,0,0,0,0,0,0,0,0,0,0,0,1,0,0,0,0,0,0,0,1,0,0,1,0,0,1,0
1889,2026-06-30,Lubero,Bukenye,Masereka,Femme,26 à 35 ans,Famille d'accueil,,1,Non,,6,1,1,2,2,0,Oui,,0.0625,,0.0625,Oui,3,Modérée,Petits producteurs peu diversifiés,E09,3.8,True,1,0,0,0,0,0,1,1,0,0,0,0,0,0,0,0,0,0,0,0,0,0,0,0,0,0,0,0,0,1,0,0,0,0,0,1,0,0,0,1,0,0,0,1,1,0,0,0,0,0,0,0,0,0,1,0,0,0,0,0,0,0,1,0,0,0,0,0,0,1,0,0,0,0,1,1,0
1890,2026-06-30,Lubero,Bukenye,Irangira,Homme,Plus de 41 ans,Ménage retourné,6 à 12 mois,,Oui,Organisation Paysanne,9,1,1,6,1,0,Non,Oui,,0.3,0.3,Oui,3,Modérée,Maraîchers pomme de terre,E06,12.7,True,0,0,0,0,0,0,0,1,1,0,0,0,1,0,1,1,1,0,0,0,1,0,0,0,1,0,0,1,0,0,0,0,0,0,0,1,1,1,0,1,1,1,1,1,1,1,1,0,0,0,0,0,0,0,0,0,0,0,0,1,0,1,0,0,0,0,0,0,0,0,0,1,1,1,0,0,0
1891,2026-06-30,Lubero,Bukenye,Irangira,Homme,26 à 35 ans,Ménage retourné,6 à 12 mois,,Oui,Organisation Paysanne,9,2,4,1,2,1,Non,Oui,,0.125,0.125,Oui,5,Élevée,Maraîchers pomme de terre,E06,8.5,True,0,0,0,0,0,0,0,1,1,0,0,0,1,0,1,1,1,0,0,0,1,0,0,0,1,0,0,0,1,0,1,1,0,0,0,1,1,0,0,1,1,1,1,1,1,1,1,0,0,0,0,0,0,0,0,0,0,0,0,1,0,1,0,0,0,0,0,0,0,0,1,1,1,1,0,1,0
1892,2026-06-30,Lubero,Bukenye,Kitsimba,Homme,36 à 40 ans,Ménage retourné,Moins de 6 mois,,Oui,Organisation Paysanne,13,3,2,3,5,1,Non,Oui,,1.0,1.0,Oui,4,Modérée,Maraîchers pomme de terre,E06,6.8,True,0,0,0,0,0,0,0,0,0,0,0,0,1,0,1,0,1,0,0,0,1,0,0,0,0,0,0,1,1,0,0,0,0,0,0,1,1,0,0,1,1,1,1,1,1,1,1,0,0,0,0,0,0,0,0,0,0,0,0,0,0,1,0,0,0,0,0,0,0,0,1,1,1,1,0,0,0
1893,2026-06-30,Lubero,Bukenye,Masereka,Femme,26 à 35 ans,Ménage retourné,Moins de 6 mois,,Non,,4,0,1,0,3,0,Non,Oui,,0.1,0.1,Oui,5,Élevée,Maraîchers pomme de terre,E09,4.2,True,1,0,0,0,1,1,2,0,0,0,0,0,0,0,1,0,1,0,0,0,1,0,0,0,0,0,0,1,0,0,0,0,0,0,0,1,0,0,0,1,0,0,0,1,0,0,0,1,0,0,0,0,0,0,0,0,0,0,0,0,0,1,0,0,0,0,0,0,0,1,0,1,1,0,1,1,0
1894,2026-06-30,Lubero,Bukenye,Irangira,Homme,Plus de 41 ans,Ménage retourné,Moins de 6 mois,,Oui,Organisation Paysanne,10,1,1,3,5,0,Non,Oui,,0.125,0.125,Oui,4,Modérée,Maraîchers pomme de terre,E06,6.2,True,0,0,0,0,0,1,0,1,1,0,0,0,1,0,1,1,1,0,0,0,0,0,0,0,0,0,0,1,0,0,0,0,0,0,0,1,1,0,0,1,1,1,1,1,1,1,1,0,0,0,0,0,0,0,0,0,0,0,0,1,0,1,0,0,0,0,0,0,1,0,0,1,1,1,0,1,0
1895,2026-06-30,Lubero,Bukenye,Irangira,Femme,Plus de 41 ans,Ménage retourné,6 à 12 mois,,Oui,Organisation Paysanne,4,1,2,0,1,2,Non,Oui,,0.35,0.35,Oui,4,Modérée,Maraîchers pomme de terre,E06,7.7,True,0,0,0,0,0,0,0,0,0,0,0,0,1,0,1,0,1,0,0,0,0,0,0,0,0,0,0,0,1,0,0,0,0,0,0,1,1,0,0,1,1,1,1,1,1,1,1,0,0,0,0,0,0,0,0,1,0,0,0,1,0,0,0,0,0,0,0,0,1,1,1,1,1,0,0,0,0
1896,2026-06-30,Lubero,Bukenye,Irangira,Femme,18 à 25 ans,Ménage retourné,6 à 12 mois,,Oui,Organisation Paysanne,5,1,1,0,3,0,Non,Oui,,0.25,0.25,Oui,3,Modérée,Maraîchers pomme de terre,E06,6.5,True,0,0,0,0,0,1,0,1,1,0,0,0,1,0,1,1,1,0,0,0,1,1,0,0,1,0,0,1,1,0,0,0,0,0,0,1,1,0,0,1,1,1,1,1,1,1,1,0,0,0,0,0,0,0,0,0,0,0,0,1,0,1,0,0,0,0,0,0,1,1,0,1,1,0,0,0,0
1897,2026-06-30,Lubero,Bukenye,Irangira,Homme,36 à 40 ans,Ménage retourné,6 à 12 mois,,Oui,Organisation Paysanne,8,5,3,0,0,0,Non,Oui,,0.25,0.25,Oui,2,Faible,Maraîchers pomme de terre,E06,6.0,True,0,0,0,0,0,1,0,1,0,0,0,0,1,0,1,1,1,0,0,0,1,0,0,0,0,0,0,0,1,0,1,1,0,0,0,1,1,0,0,1,1,1,1,1,1,1,1,0,0,0,0,0,0,0,0,0,0,0,0,1,0,0,0,0,0,0,0,0,1,0,0,1,1,0,0,0,0
1898,2026-06-30,Lubero,Bukenye,Irangira,Femme,Plus de 41 ans,Ménage retourné,Moins de 6 mois,,Oui,Organisation Paysanne,7,3,2,2,0,0,Non,Oui,,0.2,0.2,Oui,4,Modérée,Maraîchers pomme de terre,E06,6.3,True,0,0,0,0,0,0,0,1,0,0,0,0,1,0,1,1,1,0,0,0,0,0,0,0,1,0,0,1,0,0,1,1,0,0,0,1,1,0,0,1,1,1,1,1,1,1,1,0,0,0,0,0,0,0,0,0,0,0,0,1,0,0,0,0,0,0,0,0,1,1,0,1,1,0,0,1,0
1899,2026-06-30,Lubero,Bukenye,Irangira,Femme,18 à 25 ans,Ménage retourné,Moins de 6 mois,,Oui,Organisation Paysanne,14,4,5,2,3,0,Non,Oui,,0.625,0.625,Oui,4,Modérée,Maraîchers pomme de terre,E06,8.9,True,0,0,0,0,0,0,0,0,0,0,0,0,1,0,1,1,1,0,0,0,0,0,0,0,0,0,0,1,0,0,0,0,0,0,0,1,1,0,1,1,1,1,1,1,1,1,1,0,0,0,0,0,0,0,0,0,0,0,0,1,0,1,0,0,0,0,0,0,1,1,0,1,1,1,0,0,0
1900,2026-06-30,Lubero,Buyora/Luotu,Luotu,Femme,26 à 35 ans,Famille d'accueil,,3,Non,,11,3,3,4,1,0,Non,Oui,,0.2,0.2,Oui,6,Élevée,Maraîchers pomme de terre,E13,12.7,False,0,1,0,0,0,0,1,1,1,0,0,0,1,0,1,0,0,0,0,0,1,0,0,0,1,0,0,1,1,1,0,0,0,0,0,1,1,0,0,1,1,0,0,1,1,0,0,0,0,0,0,0,0,0,1,0,0,0,0,0,0,0,1,0,0,0,0,0,0,1,0,1,0,1,1,1,1
1901,2026-06-30,Lubero,Bukenye,Irangira,Femme,Plus de 41 ans,Ménage retourné,Moins de 6 mois,,Oui,Organisation Paysanne,8,2,1,2,3,1,Non,Oui,,0.2,0.2,Oui,5,Élevée,Maraîchers pomme de terre,E06,8.7,True,0,0,0,0,0,1,0,0,0,0,0,0,1,0,1,1,1,0,0,0,0,0,0,0,1,0,0,1,0,0,0,0,0,0,0,1,1,0,1,1,1,1,1,1,1,1,1,1,0,0,0,0,0,0,0,0,0,0,0,0,0,1,0,0,0,0,0,0,0,1,1,1,1,0,0,1,0
1902,2026-06-30,Lubero,Bukenye,Irangira,Homme,18 à 25 ans,Ménage retourné,6 à 12 mois,,Oui,Organisation Paysanne,6,1,1,2,2,0,Non,Oui,,0.125,0.125,Oui,3,Modérée,Maraîchers pomme de terre,E06,5.4,True,0,0,0,0,0,0,0,0,0,0,0,0,1,0,1,1,1,0,0,0,1,0,0,0,0,0,0,1,0,0,0,0,0,0,0,1,1,0,0,1,1,1,1,1,1,1,1,0,0,0,0,0,0,0,0,0,0,0,0,0,1,0,0,0,0,0,0,0,1,0,0,1,1,0,0,1,0
1903,2026-06-30,Lubero,Buyora/Luotu,Luotu,Homme,Plus de 41 ans,Famille d'accueil,,2,Non,,8,2,2,2,2,0,Non,Oui,,0.15,0.15,Oui,4,Modérée,Maraîchers pomme de terre,E13,12.5,False,0,1,0,0,0,0,1,1,1,0,0,0,1,0,1,0,0,0,0,0,1,0,0,0,1,0,0,1,1,1,0,0,0,0,0,1,1,0,0,1,1,0,0,1,1,0,0,0,0,0,0,0,0,0,1,0,0,0,0,0,0,0,1,0,0,0,0,0,0,0,0,1,0,0,1,1,1
1904,2026-06-30,Lubero,Bukenye,Irangira,Homme,Plus de 41 ans,Ménage retourné,6 à 12 mois,,Oui,Organisation Paysanne,8,3,1,1,3,0,Non,Oui,,0.25,0.25,Oui,2,Faible,Maraîchers pomme de terre,E06,5.4,True,0,0,0,0,0,0,0,1,0,0,0,0,1,0,1,1,1,0,0,0,1,0,0,0,0,0,0,1,0,0,0,0,0,0,0,1,1,0,0,1,1,1,1,1,1,1,1,0,0,0,0,0,0,0,0,0,0,0,0,0,0,1,0,0,0,0,0,0,1,0,0,1,1,0,0,0,0
1905,2026-06-30,Lubero,Bukenye,Irangira,Homme,26 à 35 ans,Ménage retourné,6 à 12 mois,,Oui,Organisation Paysanne,6,1,1,2,2,0,Non,Oui,,0.125,0.125,Oui,3,Modérée,Maraîchers pomme de terre,E06,4.2,True,1,0,0,0,0,1,1,0,1,0,0,0,1,0,1,1,1,0,0,0,1,0,0,0,0,0,0,1,0,0,0,0,0,0,0,1,1,0,0,1,1,1,1,1,1,1,1,0,0,0,0,0,0,0,0,0,0,0,0,0,1,1,1,0,0,0,1,0,1,0,0,1,1,0,0,1,0
1906,2026-06-30,Lubero,Bukenye,Irangira,Femme,18 à 25 ans,Ménage retourné,Moins de 6 mois,,Oui,Organisation Paysanne,11,3,2,4,2,0,Non,Oui,,0.2,0.2,Oui,5,Élevée,Maraîchers pomme de terre,E06,8.5,True,0,0,0,0,0,0,0,1,0,0,0,0,1,0,1,1,1,0,0,0,1,0,0,0,0,0,0,1,1,0,0,0,0,0,0,1,1,0,0,1,1,1,1,1,1,1,1,0,0,0,0,0,0,0,0,0,0,0,0,1,0,1,0,0,0,0,0,0,1,1,0,1,1,1,0,1,0
1907,2026-06-30,Lubero,Buyora/Luotu,Luotu,Homme,18 à 25 ans,Ménage retourné,6 à 12 mois,,Non,,8,1,3,2,2,0,Non,Oui,,0.1,0.1,Oui,4,Modérée,Petits producteurs peu diversifiés,E13,7.8,False,0,1,0,0,0,0,1,1,0,0,0,0,0,0,1,0,0,0,0,0,1,0,0,0,1,0,0,1,0,0,0,0,0,0,0,1,1,0,0,1,1,0,0,1,1,0,0,0,0,0,0,0,0,0,1,0,0,0,0,0,0,0,1,0,0,0,0,0,0,0,0,1,1,0,1,1,0
1908,2026-06-30,Lubero,Bukenye,Irangira,Homme,Plus de 41 ans,Ménage retourné,6 à 12 mois,,Oui,Organisation Paysanne,10,4,2,2,2,1,Non,Oui,,0.2,0.2,Oui,5,Élevée,Maraîchers pomme de terre,E06,11.6,True,0,0,0,0,0,0,0,1,0,0,0,0,1,0,1,1,1,0,0,0,0,0,0,0,1,0,0,1,1,0,0,0,0,0,0,1,1,0,0,1,1,1,1,1,1,1,1,0,0,0,0,0,0,0,0,0,0,0,0,1,0,1,0,0,0,0,0,0,1,0,1,1,1,1,0,1,0
1909,2026-06-30,Lubero,Buyora/Luotu,Luotu,Homme,Plus de 41 ans,Ménage retourné,plus de 2 ans,,Non,,8,1,1,3,3,0,Non,Oui,,0.1,0.1,Oui,3,Modérée,Maraîchers pomme de terre,E13,28.5,False,0,1,0,0,0,0,1,1,0,0,0,0,0,0,1,0,0,0,0,0,1,0,0,0,0,0,0,1,1,0,0,0,0,0,0,1,1,0,0,1,1,0,0,1,1,0,0,0,0,0,0,0,0,0,0,0,0,0,0,0,0,0,0,0,0,0,0,0,0,0,0,1,0,0,1,1,0
1910,2026-06-30,Lubero,Buyora/Luotu,Autres villages,Homme,26 à 35 ans,Famille d'accueil,,2,Non,,10,2,2,2,4,0,Non,Oui,,0.15,0.15,Oui,5,Élevée,Petits producteurs peu diversifiés,E13,12.7,False,0,1,0,0,0,0,1,1,1,0,0,0,0,0,0,0,0,0,0,0,0,0,0,0,0,0,0,1,1,0,0,0,0,0,0,1,1,0,0,1,1,0,0,1,1,0,0,0,0,0,0,0,0,0,0,0,0,0,0,0,0,0,1,0,0,0,0,0,0,0,0,1,0,1,1,1,1
1911,2026-07-01,Lubero,Bukenye,Irangira,Homme,18 à 25 ans,Ménage retourné,6 à 12 mois,,Oui,Association,4,1,1,1,1,0,Non,Oui,,0.125,0.125,Oui,3,Modérée,Maraîchers pomme de terre,E06,8.9,True,0,0,0,0,0,0,0,1,1,0,0,0,1,0,1,1,1,0,0,0,1,0,0,0,0,0,0,1,1,0,0,0,0,0,0,1,1,0,1,1,1,1,1,1,1,1,1,1,0,0,0,0,0,0,0,0,0,0,0,0,0,0,0,0,0,0,0,0,1,0,0,1,1,0,0,1,0
1912,2026-09-10,Lubero,Bukenye,Masereka,Homme,Plus de 41 ans,Famille d'accueil,,2,Oui,Coopérative,6,2,1,1,2,0,Oui,,0.15,,0.15,Oui,2,Faible,Maraîchers pomme de terre,E02,11.5,True,0,0,0,0,0,0,0,0,0,0,0,0,1,0,0,0,0,0,0,0,0,0,0,0,0,0,0,1,1,0,0,0,0,0,0,1,0,0,0,1,0,0,0,1,1,0,0,0,0,0,0,0,0,0,1,0,0,0,0,0,0,1,0,0,0,0,0,0,0,0,0,0,0,0,0,1,1
1913,2026-09-11,Lubero,Bukenye,Masereka,Homme,36 à 40 ans,Famille d'accueil,,1,Oui,Association,5,1,1,1,2,0,Oui,,0.1,,0.1,Oui,1,Faible,Maraîchers pomme de terre,E02,6.9,True,0,0,0,0,0,0,0,0,0,0,0,0,1,0,0,0,0,0,0,0,0,0,0,0,0,0,0,1,1,1,0,0,0,0,0,1,0,0,0,1,0,0,0,1,0,0,0,0,0,0,0,0,0,0,1,0,0,0,0,0,0,0,0,0,0,0,0,0,0,0,0,0,0,0,0,1,0
1914,2026-09-11,Lubero,Bukenye,Masereka,Femme,26 à 35 ans,Ménage retourné,1 à 2 ans,,Oui,Association,7,1,1,3,2,0,Oui,,0.15,,0.15,Oui,2,Faible,Maraîchers pomme de terre,E02,10.3,True,0,0,0,0,0,1,0,0,0,0,0,0,0,0,1,0,1,0,0,0,1,0,0,0,0,0,0,1,0,1,0,0,0,0,0,1,0,0,0,1,0,0,0,1,0,0,0,0,0,0,0,0,0,0,0,0,0,0,0,0,0,0,0,1,0,0,1,0,0,1,0,0,0,0,0,1,0
1915,2026-09-11,Lubero,Bukenye,Masereka,Homme,Plus de 41 ans,Famille d'accueil,,2,Oui,Organisation Paysanne,8,2,2,1,3,0,Oui,,0.1,,0.1,Oui,2,Faible,Maraîchers pomme de terre,E02,9.6,True,0,0,0,0,0,1,0,0,0,0,0,0,1,0,1,0,1,0,0,0,0,0,0,1,0,0,0,1,1,0,0,0,0,0,0,1,0,0,0,1,0,0,0,1,0,0,0,0,0,0,0,0,0,0,0,0,0,0,0,0,0,0,0,1,0,0,1,0,0,0,0,0,0,0,0,1,1
1916,2026-09-11,Lubero,Bukenye,Ngumbati,Homme,Plus de 41 ans,Ménage retourné,1 à 2 ans,,Non,,8,3,2,1,2,0,Oui,,0.16,,0.16,Oui,2,Faible,Maraîchers pomme de terre,E02,6.7,True,0,0,0,0,0,1,0,0,0,0,0,0,1,0,1,0,1,0,0,0,1,0,0,0,0,0,0,0,1,1,0,0,0,0,0,1,0,0,0,1,0,0,0,1,1,0,0,0,0,0,0,0,0,0,0,0,0,0,0,0,0,0,1,0,0,1,0,0,0,0,0,0,0,0,1,1,0
1917,2026-09-11,Lubero,Bukenye,Kitsimba,Homme,Plus de 41 ans,Ménage retourné,1 à 2 ans,,Non,,6,1,1,1,3,0,Oui,,0.03,,0.03,Oui,2,Faible,Maraîchers pomme de terre,E02,8.0,True,0,0,0,0,0,0,0,0,0,0,0,0,0,0,1,0,1,0,0,0,0,0,0,0,0,0,0,1,1,1,0,0,0,0,0,1,0,0,0,0,1,0,0,1,0,0,0,0,0,0,0,0,0,0,0,0,0,0,0,0,0,0,0,1,0,0,1,0,0,0,0,0,0,0,1,1,0
1918,2026-09-11,Lubero,Bukenye,Kitsimba,Homme,26 à 35 ans,Ménage retourné,6 à 12 mois,,Oui,Association,3,1,1,0,1,0,Oui,,0.16,,0.16,Oui,2,Faible,Maraîchers pomme de terre,E02,5.4,True,0,0,0,0,0,1,0,0,0,0,0,0,0,0,1,0,1,0,0,0,1,0,0,0,1,0,0,1,1,0,0,0,0,0,0,1,0,0,0,1,0,0,0,1,0,0,0,0,0,0,0,0,0,0,0,0,0,0,0,0,0,0,0,0,0,0,0,0,0,0,0,0,1,0,0,1,0
1919,2026-09-11,Lubero,Bukenye,Ngumbati,Femme,36 à 40 ans,Famille d'accueil,,1,Non,,8,2,3,2,1,0,Oui,,0.1,,0.1,Oui,3,Modérée,Maraîchers pomme de terre,E02,6.6,True,0,0,0,0,0,1,0,0,0,0,0,0,1,0,0,0,0,0,0,0,0,0,0,0,0,0,0,1,1,1,0,0,0,0,0,1,0,0,1,0,0,0,0,1,1,1,0,0,0,0,0,0,0,0,1,0,0,0,0,0,0,0,0,1,0,0,1,0,0,1,0,0,0,0,1,1,0
1920,2026-09-11,Lubero,Bukenye,Masereka,Femme,26 à 35 ans,Ménage retourné,1 à 2 ans,,Oui,Association,4,0,1,1,2,0,Oui,,0.15,,0.15,Oui,2,Faible,Maraîchers pomme de terre,E02,5.5,True,0,0,0,0,0,0,0,0,0,0,0,0,1,0,1,0,1,0,0,0,1,0,0,0,0,0,0,1,0,1,0,0,0,0,0,1,0,0,0,1,0,0,1,1,1,0,0,0,0,0,0,0,0,0,0,0,0,0,0,0,0,0,0,0,0,0,0,0,0,1,0,0,0,0,0,1,0
1921,2026-09-11,Lubero,Bukenye,Masereka,Femme,18 à 25 ans,Ménage retourné,1 à 2 ans,,Oui,Coopérative,4,0,1,1,2,0,Oui,,0.65,,0.65,Oui,1,Faible,Maraîchers pomme de terre,E02,5.8,True,0,0,0,0,0,0,0,0,0,0,0,0,1,0,1,0,1,0,0,0,0,0,0,0,0,0,0,1,1,0,0,0,0,0,0,1,0,1,0,1,0,0,0,1,1,0,0,0,0,0,0,0,0,0,1,0,0,0,0,0,0,0,1,0,0,1,0,0,0,1,0,0,0,0,0,0,0
1922,2026-09-11,Lubero,Bukenye,Masereka,Femme,Plus de 41 ans,Famille d'accueil,,3,Non,,9,3,2,2,2,0,Oui,,0.2,,0.2,Oui,5,Élevée,Maraîchers pomme de terre,E02,6.3,True,0,0,0,0,0,1,0,0,0,0,0,0,1,0,1,0,1,0,0,0,1,0,0,0,1,0,0,1,1,1,0,0,0,0,0,1,0,0,0,1,1,0,0,1,1,0,0,0,0,0,0,0,0,0,0,0,0,0,0,0,0,0,0,0,0,0,0,0,0,1,0,0,0,1,1,1,1
1923,2026-09-11,Lubero,Bukenye,Masereka,Femme,Plus de 41 ans,Ménage retourné,1 à 2 ans,,Oui,Association,6,2,2,0,2,0,Oui,,0.16,,0.16,Oui,2,Faible,Maraîchers pomme de terre,E02,7.3,True,0,0,0,0,0,1,0,0,0,0,0,0,1,0,1,0,1,0,0,0,0,0,0,0,0,0,0,1,1,0,0,0,0,0,0,1,0,0,1,1,0,0,1,1,0,0,0,1,0,0,0,0,0,0,0,0,0,0,0,0,0,1,0,0,0,0,0,0,0,1,0,0,0,0,0,1,0
1924,2026-09-11,Lubero,Bukenye,Masereka,Femme,18 à 25 ans,Ménage retourné,1 à 2 ans,,Oui,Association,5,0,2,1,2,0,Oui,,0.1,,0.1,Oui,2,Faible,Maraîchers pomme de terre,E02,10.2,True,0,0,0,0,0,1,0,0,0,0,0,0,1,0,0,0,0,0,0,0,0,0,0,0,0,0,0,1,1,0,0,0,0,0,0,1,0,1,0,1,0,0,0,1,1,0,0,0,0,0,0,0,0,0,0,0,0,0,0,0,0,1,0,0,0,0,0,0,0,1,0,0,0,0,0,1,0
1925,2026-09-11,Lubero,Bukenye,Masereka,Femme,18 à 25 ans,Ménage retourné,1 à 2 ans,,Oui,Association,4,1,1,1,1,0,Oui,,0.065,,0.065,Oui,2,Faible,Maraîchers pomme de terre,E02,4.3,True,1,0,0,0,0,0,1,0,0,0,0,0,0,0,1,0,1,0,0,0,1,0,0,0,0,0,0,1,1,1,0,0,0,0,0,1,0,0,1,1,0,0,0,1,0,0,0,1,0,0,0,0,0,0,0,0,0,0,0,0,0,0,0,1,0,0,1,0,0,1,0,0,0,0,0,1,0
1926,2026-09-11,Lubero,Bukenye,Masereka,Femme,26 à 35 ans,Famille d'accueil,,1,Oui,Association,7,2,3,1,1,0,Oui,,0.18,,0.18,Oui,2,Faible,Maraîchers pomme de terre,E02,3.5,True,1,0,0,0,0,1,1,0,1,0,0,0,1,0,1,0,1,0,0,0,1,0,0,0,1,0,0,1,1,1,0,0,0,0,0,1,0,0,0,1,0,0,0,1,1,1,0,0,0,0,0,0,0,0,0,0,0,0,0,0,0,0,0,0,0,0,0,0,0,1,0,0,0,0,0,1,0
1927,2026-09-11,Lubero,Bukenye,Masereka,Homme,Plus de 41 ans,Famille d'accueil,,2,Oui,Coopérative,5,2,1,1,1,0,Oui,,0.2,,0.2,Oui,2,Faible,Maraîchers pomme de terre,E02,3.8,True,1,0,0,0,0,1,1,0,0,0,0,0,1,0,1,0,1,0,0,0,1,0,0,0,1,0,0,1,1,1,0,0,0,0,0,1,0,0,0,1,0,0,0,1,1,0,0,0,0,0,0,0,0,0,0,0,0,0,0,0,0,0,0,0,0,0,0,0,0,0,0,0,0,0,0,1,1
1928,2026-09-11,Lubero,Bukenye,Masereka,Femme,Plus de 41 ans,Ménage retourné,1 à 2 ans,,Oui,Coopérative,8,2,3,2,1,0,Oui,,0.15,,0.15,Oui,2,Faible,Maraîchers pomme de terre,E02,12.2,True,0,0,0,0,0,1,0,0,0,0,0,0,1,0,1,0,1,0,0,0,1,0,0,0,0,0,0,1,1,0,0,0,0,0,0,1,0,1,0,0,0,0,0,1,1,1,0,0,0,0,0,0,0,0,0,0,0,0,0,0,0,0,0,0,0,0,0,0,0,1,0,0,0,0,0,1,0
1929,2026-09-11,Lubero,Bukenye,Masereka,Femme,Plus de 41 ans,Famille d'accueil,,3,Oui,Association,9,2,2,2,3,0,Oui,,0.16,,0.16,Oui,4,Modérée,Maraîchers pomme de terre,E02,3.7,True,1,0,0,0,0,0,1,0,0,0,0,0,1,0,1,0,1,0,0,0,1,0,0,0,0,0,0,1,1,0,0,0,0,0,0,1,0,0,0,1,0,0,0,1,1,0,0,0,0,0,0,0,0,0,0,0,0,0,0,0,0,0,0,0,0,0,0,0,0,1,0,0,0,1,0,1,1
1930,2026-09-11,Lubero,Bukenye,Masereka,Femme,18 à 25 ans,Ménage retourné,6 à 12 mois,,Non,,5,0,2,1,2,0,Oui,,0.15,,0.15,Oui,4,Modérée,Maraîchers pomme de terre,E02,3.7,True,1,0,1,0,0,1,2,0,0,0,0,0,1,0,1,0,1,0,0,0,1,0,0,0,1,0,0,1,1,0,0,0,0,0,0,1,0,0,0,1,0,0,0,1,0,0,0,0,0,0,0,0,0,0,1,0,0,0,0,0,0,0,1,0,0,1,0,0,0,1,0,0,1,0,1,1,0
1931,2026-09-11,Lubero,Bukenye,Masereka,Femme,26 à 35 ans,Ménage retourné,1 à 2 ans,,Oui,Association,13,1,7,3,2,0,Oui,,0.16,,0.16,Oui,3,Modérée,Maraîchers pomme de terre,E02,2.7,True,1,0,1,0,0,0,2,0,0,0,0,0,1,0,0,0,0,0,0,0,0,0,0,0,0,0,0,1,1,1,0,0,0,0,0,1,0,0,0,0,0,0,0,1,0,1,0,0,0,0,0,0,0,0,0,0,0,0,0,0,0,0,0,0,0,0,0,0,0,1,0,0,0,1,0,1,0
1932,2026-09-11,Lubero,Bukenye,Masereka,Homme,26 à 35 ans,Ménage retourné,1 à 2 ans,,Oui,Association,5,1,1,2,1,0,Oui,,0.1,,0.1,Oui,1,Faible,Maraîchers pomme de terre,E02,3.3,True,1,0,0,0,0,1,1,0,0,0,0,0,1,0,1,0,1,0,0,0,0,0,0,0,0,0,0,1,1,0,0,0,0,0,0,1,0,0,0,1,0,0,0,1,0,0,0,0,0,0,0,0,0,0,1,0,0,0,0,0,0,1,0,0,0,0,0,0,0,0,0,0,0,0,0,1,0
1933,2026-09-11,Lubero,Bukenye,Masereka,Homme,Plus de 41 ans,Ménage retourné,6 à 12 mois,,Non,,9,1,2,4,2,1,Oui,,0.065,,0.065,Oui,5,Élevée,Maraîchers pomme de terre,,5.4,True,0,0,0,0,0,0,0,0,0,0,0,0,1,0,0,0,0,0,0,0,0,0,0,0,0,0,0,1,1,0,0,0,0,0,0,1,0,0,1,1,0,0,0,1,0,1,0,0,0,0,0,0,0,0,1,0,0,0,0,0,0,0,1,0,0,0,0,0,0,0,1,0,1,1,1,1,0
1934,2026-09-11,Lubero,Bukenye,Masereka,Homme,Plus de 41 ans,Ménage retourné,1 à 2 ans,,Non,,10,3,2,2,3,1,Oui,,0.18,,0.18,Oui,4,Modérée,Maraîchers pomme de terre,E02,4.2,True,1,0,0,0,0,0,1,0,0,0,0,0,1,0,1,0,1,0,0,0,1,0,0,0,1,0,0,1,1,1,0,0,0,0,0,1,0,0,0,1,0,0,0,1,0,0,0,0,0,0,0,0,0,0,1,0,0,0,0,0,0,0,1,0,0,1,1,0,0,0,1,0,0,1,1,1,0
1935,2026-09-11,Lubero,Bukenye,Masereka,Femme,26 à 35 ans,Ménage retourné,1 à 2 ans,,Non,,5,1,1,2,1,0,Oui,,0.065,,0.065,Oui,3,Modérée,Maraîchers pomme de terre,E02,4.5,True,1,0,0,0,0,0,1,0,0,0,0,0,1,0,0,0,0,0,0,0,0,0,0,0,0,0,0,0,1,1,0,0,0,0,0,1,0,0,1,1,0,0,0,1,0,0,0,1,0,0,0,0,0,0,0,0,0,0,0,0,0,0,0,1,0,0,1,0,0,1,0,0,0,0,1,1,0
1936,2026-09-11,Lubero,Bukenye,Autres villages,Femme,Plus de 41 ans,Famille d'accueil,,2,Oui,Association,12,3,4,2,3,0,Oui,,0.16,,0.16,Oui,4,Modérée,Maraîchers pomme de terre,E02,5.8,True,0,0,0,0,0,0,0,0,1,0,0,0,1,0,1,0,1,0,0,0,0,0,0,0,0,0,0,1,1,0,0,0,0,0,0,1,0,0,1,1,0,0,0,1,1,1,0,0,0,0,0,0,0,0,1,0,0,0,0,0,0,0,1,0,0,0,0,0,0,1,0,0,0,1,0,1,1
1937,2026-09-11,Lubero,Bukenye,Masereka,Femme,Plus de 41 ans,Famille d'accueil,,1,Oui,Association,7,1,2,2,2,0,Oui,,0.17,,0.17,Oui,2,Faible,Maraîchers pomme de terre,E02,10.5,True,0,0,0,0,0,1,0,0,0,0,0,0,1,0,1,0,1,0,0,0,1,0,0,0,0,0,0,1,1,0,0,0,0,0,0,1,0,0,0,0,0,0,0,1,1,0,0,0,0,0,0,0,0,0,0,0,0,0,0,0,0,0,0,0,0,0,0,0,0,1,0,0,0,0,0,1,0
1938,2026-09-12,Lubero,Bukenye,Masereka,Femme,Plus de 41 ans,Famille d'accueil,,1,Oui,Coopérative,6,2,1,2,1,0,Oui,,0.18,,0.18,Oui,2,Faible,Maraîchers pomme de terre,E02,4.8,True,1,0,1,0,0,1,2,0,0,0,0,0,1,0,1,0,1,0,0,0,1,0,0,0,1,0,0,0,1,1,0,0,0,0,0,1,0,0,0,1,0,0,0,1,0,0,0,1,0,0,0,0,0,0,0,0,0,0,0,0,0,1,0,0,0,0,0,0,0,1,0,0,0,0,0,1,0
1939,2026-09-12,Lubero,Bukenye,Masereka,Femme,36 à 40 ans,Ménage retourné,plus de 2 ans,,Oui,Association,6,1,1,2,2,0,Oui,,0.16,,0.16,Oui,2,Faible,Maraîchers pomme de terre,E02,7.1,True,0,0,0,0,0,1,0,0,1,0,0,0,1,0,1,0,1,0,0,0,1,0,0,0,0,0,0,1,0,1,0,0,0,0,0,1,0,1,0,1,0,0,0,1,0,1,0,0,0,0,0,0,0,0,0,0,0,0,0,0,0,0,0,1,0,0,1,0,0,1,0,0,0,0,0,1,0
1940,2026-09-12,Lubero,Bukenye,Masereka,Femme,Plus de 41 ans,Ménage retourné,1 à 2 ans,,Oui,Association,12,3,2,3,4,1,Oui,,0.2,,0.2,Oui,4,Modérée,Maraîchers pomme de terre,E02,6.2,True,0,0,0,0,0,0,0,0,1,0,0,0,1,0,1,0,1,0,0,0,1,0,0,0,0,0,0,1,1,0,0,0,0,0,0,1,0,0,0,0,0,0,0,1,1,0,0,0,0,0,0,0,0,0,0,0,0,0,0,0,0,1,0,0,0,0,0,0,0,1,1,0,0,1,0,1,0
1941,2026-09-12,Lubero,Bukenye,Masereka,Homme,Plus de 41 ans,Ménage retourné,1 à 2 ans,,Oui,Association,8,2,3,2,1,0,Oui,,0.16,,0.16,Oui,1,Faible,Maraîchers pomme de terre,,3.6,True,1,0,0,0,0,1,1,0,0,0,0,0,1,0,1,0,1,0,0,0,0,0,0,0,0,0,0,1,1,0,0,0,0,0,0,1,0,0,0,1,0,0,0,1,0,0,0,0,0,0,0,0,0,0,1,0,0,0,0,0,0,0,0,1,0,0,1,0,0,0,0,0,0,0,0,1,0
1942,2026-09-12,Lubero,Bukenye,Masereka,Homme,Plus de 41 ans,Famille d'accueil,,2,Non,,7,1,2,2,2,0,Oui,,0.16,,0.16,Oui,3,Modérée,Maraîchers pomme de terre,E02,5.6,True,0,0,0,0,0,1,0,0,0,0,0,0,0,0,1,0,1,0,0,0,1,0,0,0,0,0,0,1,0,0,0,0,0,0,0,1,0,0,0,1,0,0,0,1,1,0,0,0,0,0,0,0,0,0,1,0,0,0,0,0,0,0,1,0,0,0,0,0,0,0,0,0,0,0,1,1,1
1943,2026-09-12,Lubero,Bukenye,Masereka,Femme,26 à 35 ans,Ménage retourné,6 à 12 mois,,Oui,Association,5,1,1,1,2,0,Oui,,0.065,,0.065,Oui,3,Modérée,Maraîchers pomme de terre,,5.8,True,0,0,0,0,0,1,0,0,0,0,0,0,1,0,0,0,0,0,0,0,0,0,0,0,0,0,0,1,1,0,0,0,0,0,0,0,0,1,0,1,0,0,0,1,0,0,0,1,0,0,0,0,0,0,0,0,0,0,0,0,0,0,0,0,0,0,0,0,0,1,0,0,1,0,0,1,0
1944,2026-09-12,Lubero,Bukenye,Masereka,Femme,36 à 40 ans,Ménage retourné,6 à 12 mois,,Non,,9,2,1,2,4,0,Oui,,0.065,,0.065,Oui,5,Élevée,Maraîchers pomme de terre,E02,5.6,True,0,0,0,0,0,0,0,0,0,0,0,0,0,0,1,0,1,0,0,0,1,0,0,0,0,0,0,1,1,0,0,0,0,0,0,0,1,0,0,1,0,0,0,1,0,1,0,0,0,0,0,0,0,0,0,0,0,0,0,0,0,0,0,0,0,0,0,0,0,1,0,0,1,1,1,1,0
1945,2026-09-12,Lubero,Bukenye,Masereka,Femme,18 à 25 ans,Ménage retourné,1 à 2 ans,,Non,,5,0,2,1,2,0,Oui,,0.15,,0.15,Oui,3,Modérée,Maraîchers pomme de terre,E02,4.8,True,1,0,1,0,0,1,2,0,0,0,0,0,1,0,1,0,1,0,0,0,0,0,0,0,0,0,0,1,0,0,0,0,0,0,0,0,0,1,1,1,0,0,0,1,0,1,0,0,0,0,0,0,0,0,0,0,0,0,0,0,0,0,0,0,0,0,0,0,0,1,0,0,0,0,1,1,0
1946,2026-09-12,Lubero,Bukenye,Masereka,Femme,Plus de 41 ans,Ménage retourné,1 à 2 ans,,Oui,Association,4,1,1,1,1,0,Oui,,0.15,,0.15,Oui,2,Faible,Maraîchers pomme de terre,E02,5.4,True,0,0,0,0,0,1,0,0,0,0,0,0,1,0,1,0,1,0,0,0,0,0,0,0,0,0,0,1,0,1,0,0,0,0,0,1,0,0,0,1,0,0,0,1,0,0,0,0,0,0,0,0,0,0,1,0,0,0,0,0,0,0,0,1,0,0,1,0,0,1,0,0,0,0,0,1,0
1947,2026-09-12,Lubero,Bukenye,Masereka,Femme,26 à 35 ans,Ménage retourné,6 à 12 mois,,Oui,Association,3,0,1,1,1,0,Oui,,0.15,,0.15,Oui,3,Modérée,Maraîchers pomme de terre,E02,4.6,True,1,0,0,0,0,1,1,0,0,0,0,0,1,0,1,0,1,0,0,0,1,0,0,0,0,0,0,1,1,0,0,0,0,0,0,0,0,1,0,1,0,0,0,1,0,0,0,0,0,0,0,0,0,0,0,0,0,0,0,0,0,0,0,0,0,0,0,0,0,1,0,0,1,0,0,1,0
1948,2026-09-12,Lubero,Bukenye,Masereka,Femme,Plus de 41 ans,Famille d'accueil,,3,Non,,8,2,1,1,4,0,Oui,,0.15,,0.15,Oui,4,Modérée,Maraîchers pomme de terre,E02,5.1,True,0,0,0,0,0,1,0,0,1,0,0,0,1,0,1,0,1,0,0,0,0,0,0,0,0,0,0,0,0,1,0,0,0,0,0,1,0,0,0,0,0,0,0,1,0,0,0,0,0,0,0,0,0,0,0,0,0,0,0,0,0,0,0,0,0,0,0,0,0,1,0,0,0,0,1,1,1
1949,2026-09-12,Lubero,Bukenye,Masereka,Femme,36 à 40 ans,Famille d'accueil,,2,Non,,6,1,2,1,2,0,Oui,,0.15,,0.15,Oui,4,Modérée,Maraîchers pomme de terre,E02,4.6,True,1,0,0,0,0,1,1,0,0,0,0,0,1,0,1,0,1,0,0,0,0,0,0,0,0,0,0,1,1,1,0,0,0,0,0,1,0,0,1,1,0,0,0,1,1,0,0,0,0,0,0,0,0,0,0,0,0,0,0,0,1,1,0,0,0,0,0,0,0,1,0,0,0,0,1,1,1
1950,2026-09-12,Lubero,Bukenye,Masereka,Homme,26 à 35 ans,Ménage retourné,1 à 2 ans,,Non,,4,1,1,2,0,0,Oui,,0.16,,0.16,Oui,2,Faible,Maraîchers pomme de terre,E02,6.1,True,0,0,0,0,0,0,0,0,1,0,0,0,1,0,0,0,0,0,0,0,0,0,0,0,0,0,0,1,1,0,0,0,0,0,0,1,0,0,1,0,0,1,0,1,1,0,0,0,0,0,0,0,0,0,0,0,0,0,0,0,1,1,0,0,0,0,0,0,0,0,0,0,0,0,1,1,0
1951,2026-09-12,Lubero,Bukenye,Masereka,Femme,26 à 35 ans,Famille d'accueil,,1,Non,,3,0,1,1,1,0,Oui,,0.065,,0.065,Oui,3,Modérée,Maraîchers pomme de terre,E02,5.9,True,0,0,0,0,0,0,0,0,0,0,0,0,1,0,0,0,0,0,0,0,0,0,0,0,0,0,0,1,0,1,0,0,0,0,0,0,0,0,1,1,0,0,0,1,0,0,0,1,0,0,0,0,0,0,0,0,0,0,0,0,0,1,0,0,0,0,0,0,0,1,0,0,0,0,1,1,0
1952,2026-09-12,Lubero,Bukenye,Masereka,Femme,36 à 40 ans,Famille d'accueil,,3,Oui,Association,15,3,5,3,4,0,Oui,,0.2,,0.2,Oui,4,Modérée,Maraîchers pomme de terre,E02,5.8,True,0,0,0,0,0,1,0,0,1,0,0,0,1,0,1,0,1,0,0,0,0,0,0,0,0,0,0,1,1,1,0,0,0,0,0,0,0,1,0,1,0,0,0,1,1,0,0,0,0,0,0,0,0,0,1,0,0,0,0,0,0,1,0,0,0,0,0,0,0,1,0,0,0,1,0,1,1
1953,2026-09-12,Lubero,Bukenye,Masereka,Femme,Plus de 41 ans,Ménage retourné,6 à 12 mois,,Non,,8,1,2,2,3,0,Oui,,0.065,,0.065,Oui,4,Modérée,Maraîchers pomme de terre,E02,9.6,True,0,0,0,0,0,0,0,0,0,0,0,0,1,0,1,0,1,0,0,0,0,0,0,0,0,0,0,0,1,1,0,0,0,0,0,0,0,0,1,1,0,0,0,1,1,0,0,0,0,0,0,0,0,0,0,0,0,0,0,0,1,1,0,0,0,0,0,0,0,1,0,0,1,0,1,1,0
1954,2026-09-12,Lubero,Bukenye,Masereka,Femme,36 à 40 ans,Ménage retourné,6 à 12 mois,,Non,,4,0,1,1,2,0,Oui,,0.15,,0.15,Oui,4,Modérée,Maraîchers pomme de terre,E02,5.3,True,0,0,0,0,0,0,0,0,1,0,0,0,1,0,1,0,1,0,0,0,0,0,0,0,0,0,0,1,0,1,0,0,0,0,0,0,0,1,0,1,0,0,0,1,0,0,0,0,0,0,0,0,0,0,1,0,0,0,0,0,0,0,1,0,0,1,0,0,0,1,0,0,1,0,1,1,0
1955,2026-09-12,Lubero,Bukenye,Masereka,Femme,26 à 35 ans,Ménage retourné,1 à 2 ans,,Non,,6,1,1,1,3,0,Oui,,0.15,,0.15,Oui,3,Modérée,Maraîchers pomme de terre,E02,6.4,True,0,0,0,0,0,0,0,0,0,0,0,0,1,0,1,0,0,0,0,0,1,0,0,0,0,0,0,1,1,1,0,0,0,0,0,0,0,0,1,1,0,0,0,1,0,0,0,0,0,0,0,0,0,0,0,0,0,0,0,0,1,1,0,0,0,0,0,0,0,1,0,0,0,0,1,1,0
1956,2026-09-12,Lubero,Bukenye,Masereka,Femme,Plus de 41 ans,Ménage retourné,6 à 12 mois,,Non,,3,0,2,0,1,0,Oui,,0.16,,0.16,Oui,4,Modérée,Maraîchers pomme de terre,E02,97.3,True,0,0,0,0,0,0,0,0,1,0,0,0,1,0,1,0,1,0,0,0,0,0,0,0,0,0,0,1,0,1,0,0,0,0,0,1,0,0,0,1,0,0,0,1,1,0,0,1,0,0,0,0,0,0,0,0,0,0,0,0,0,1,0,0,0,0,0,0,0,1,0,0,1,0,1,1,0
1957,2026-09-12,Lubero,Bukenye,Masereka,Femme,Plus de 41 ans,Famille d'accueil,,2,Oui,Association,7,2,1,2,2,0,Oui,,0.15,,0.15,Oui,3,Modérée,Maraîchers pomme de terre,E02,4.6,True,1,0,0,0,0,1,1,0,0,0,0,0,1,0,1,0,0,0,0,0,1,0,0,0,0,0,0,1,1,0,0,0,0,0,0,0,0,1,0,1,0,0,0,1,0,0,0,0,0,0,0,0,0,0,0,0,0,0,0,0,0,0,0,0,0,0,0,0,0,1,0,0,0,0,0,1,1
1958,2026-09-14,Lubero,Bukenye,Masereka,Femme,Plus de 41 ans,Ménage retourné,1 à 2 ans,,Oui,Association,8,1,3,2,2,0,Oui,,0.16,,0.16,Oui,2,Faible,Maraîchers pomme de terre,E02,6.5,True,0,0,0,0,0,0,0,0,0,0,0,0,1,0,1,0,1,0,0,0,0,0,0,0,0,0,0,1,0,1,0,0,0,0,0,0,0,1,0,1,0,0,0,1,0,0,0,0,0,0,0,0,0,0,1,0,0,0,0,0,0,0,1,0,0,0,0,0,0,1,0,0,0,0,0,1,0
1959,2026-09-14,Lubero,Bukenye,Masereka,Femme,26 à 35 ans,Ménage retourné,1 à 2 ans,,Non,,5,1,1,0,3,0,Oui,,0.065,,0.065,Oui,3,Modérée,Maraîchers pomme de terre,E02,4.7,True,1,0,0,0,0,0,1,0,0,0,0,0,0,0,1,0,1,0,0,0,0,0,0,0,0,0,0,1,1,0,0,0,0,0,0,0,0,0,1,1,0,0,0,1,0,0,0,0,0,0,0,0,0,0,1,0,0,0,0,0,0,0,0,0,0,0,1,0,0,1,0,0,0,0,1,1,0
1960,2026-09-14,Lubero,Bukenye,Masereka,Femme,36 à 40 ans,Famille d'accueil,,2,Oui,Association,9,3,2,2,2,1,Oui,,0.2,,0.2,Oui,5,Élevée,Maraîchers pomme de terre,E02,7.0,True,0,0,0,0,0,0,0,0,1,0,0,0,1,0,1,0,1,0,0,0,1,0,0,0,0,0,0,1,1,0,0,0,0,0,0,1,0,0,0,1,0,0,0,1,1,0,0,0,0,0,0,0,0,0,1,0,0,0,0,0,0,1,0,0,0,0,0,0,0,1,1,0,0,1,0,1,1
1961,2026-09-14,Lubero,Bukenye,Masereka,Femme,Plus de 41 ans,Famille d'accueil,,1,Oui,Association,7,1,2,2,2,0,Oui,,0.16,,0.16,Oui,2,Faible,Maraîchers pomme de terre,E02,4.8,True,1,0,0,0,1,0,2,0,0,0,0,0,1,0,1,0,0,0,0,0,1,0,0,0,0,0,0,1,0,1,0,0,0,0,0,1,0,0,0,1,0,0,0,1,0,0,0,0,0,0,0,0,0,0,0,0,0,0,0,0,0,0,1,0,0,1,1,0,0,1,0,0,0,0,0,1,0
1962,2026-09-14,Lubero,Bukenye,Masereka,Femme,18 à 25 ans,Ménage retourné,6 à 12 mois,,Non,,4,1,2,1,0,0,Oui,,0.15,,0.15,Oui,4,Modérée,Maraîchers pomme de terre,E02,3.9,True,1,0,0,0,0,0,1,0,0,0,0,0,0,0,1,0,1,0,0,0,1,0,0,0,0,0,0,1,0,1,0,0,0,0,0,0,0,0,1,1,0,0,0,1,0,0,0,1,0,0,0,0,0,0,0,0,0,0,0,0,0,0,1,0,0,1,0,0,0,1,0,0,1,0,1,1,0
1963,2026-09-14,Lubero,Bukenye,Masereka,Homme,Plus de 41 ans,Famille d'accueil,,3,Non,,6,2,1,2,1,0,Oui,,0.15,,0.15,Oui,3,Modérée,Maraîchers pomme de terre,E02,4.6,True,1,0,0,0,0,0,1,0,0,0,0,0,1,0,1,0,0,0,0,0,1,0,0,0,0,0,0,1,1,0,0,0,0,0,0,1,0,0,0,1,0,0,0,1,0,0,0,0,0,0,0,0,0,0,1,0,0,0,0,0,0,0,1,0,0,0,1,0,0,0,0,0,0,0,1,1,1
